index,Site,Species,Foliage,SampleDate,SiteID,SpeciesID,ID,TreeAge,Expt.Date,FreshWeight,Weight.in.Water,TurgidWeight,DryWt,Data.Collection.Site,ComputracMC,Notes,Diam,LatinName,CommonName,Latitude,Longitude,Elevation,H2Otemp,H2Odens,Safresh,Thickfresh,DryWt,SLA_f,Conversion,SA_one_m,SA_all_m,d.wt.kg,SLA_one_mkg,SLA_all_mkg,f.wt.kg,s.wt.kg,LFMC,VWM,RWC,SLA_m_kg,LMA_kg_m,Vol_F_m,SAV_m,k,mes.mech.LFMC,week.of.year,doy,year
1,Blue Mountain,PINPON,New,6/23/2022,20,4,11680,mature,6/23/2022,0.01602,-0.00022,0.01794,0.0048,5,0,NA,1.580000043,Pinus ponderosa,Ponderosa Pine,46.82981,-114.11812,NA,23.5,0.997439981,32.32,1.58,0.0048,13.46666667,2.2,3.23E-05,7.11E-05,4.80E-06,6.733333333,14.81333333,1.60E-05,1.79E-05,233.7499838,688.3921964,85.38812941,14.81333333,0.067506754,1.63E-08,4362.516918,806.1919159,233.7499838,25,174,2022
1,Blue Mountain,PINPON,New,7/27/2022,20,4,11822,mature,7/27/2022,0.049710002,0.00058,0.055539999,0.018449999,5,0,NA,1.289999962,Pinus ponderosa,Ponderosa Pine,46.82981,-114.11812,NA,26.5,0.996680021,107.61,1.29,0.01845,11.66504065,2.2,0.00010761,0.000236742,1.84E-05,5.832520325,12.83154472,4.97E-05,5.55E-05,169.4309129,633.4902345,84.2814845,12.83154472,0.077932937,4.93E-08,4797.624234,751.6363034,169.4309129,30,208,2022
1,Blue Mountain,PINPON,New,8/25/2022,20,4,11345,mature,8/26/2022,0.07198,-0.00174,0.081040002,0.028899999,5,0,NA,1.389999986,Pinus ponderosa,Ponderosa Pine,46.82981,-114.11812,NA,24,0.997319996,140.59,1.39,0.0289,9.729411765,2.2,0.00014059,0.000309298,2.89E-05,4.864705882,10.70235294,7.20E-05,8.10E-05,149.0657481,582.1932694,82.62370094,10.70235294,0.093437395,7.40E-08,4179.926021,704.632282,149.0657481,34,237,2022
1,Blue Mountain,PINPON,New,9/20/2022,20,4,11188,mature,9/20/2022,0.060880002,-0.00055,0.069219999,0.02558,5,0,NA,0.839999974,Pinus ponderosa,Ponderosa Pine,46.82981,-114.11812,NA,24,0.997319996,95.15,0.84,0.02558,7.439405786,2.2,9.52E-05,0.00020933,2.56E-05,3.719702893,8.183346364,6.09E-05,6.92E-05,137.9984414,572.4940857,80.88909809,8.183346364,0.122199399,6.17E-08,3394.906001,707.7518469,137.9984414,38,263,2022
1,Blue Mountain,PINPON,Old,6/23/2022,20,4,11668,mature,6/23/2022,0.046769999,0.00061,0.0546,0.023159999,5,0,NA,1.529999971,Pinus ponderosa,Ponderosa Pine,46.82981,-114.11812,NA,23.5,0.997439981,NA,NA,NA,NA,NA,NA,NA,2.32E-05,NA,NA,4.68E-05,5.46E-05,101.943006,509.6350681,75.09541613,NA,NA,4.63E-08,NA,678.6500353,NA,25,174,2022
1,Blue Mountain,PINPON,Old,7/27/2022,20,4,11834,mature,7/27/2022,0.04408,0.00035,0.05085,0.019850001,5,0,NA,1.480000019,Pinus ponderosa,Ponderosa Pine,46.82981,-114.11812,NA,26.5,0.996680021,73.92,1.48,0.01985,7.447858942,2.3,7.39E-05,0.000170016,1.99E-05,3.723929471,8.565037783,4.41E-05,5.09E-05,122.0654848,551.6601636,78.16129041,8.565037783,0.116753722,4.39E-08,3870.86487,705.7971544,122.0654848,30,208,2022
1,Blue Mountain,PINPON,Old,8/25/2022,20,4,11333,mature,8/26/2022,0.064750001,0.00086,0.071269996,0.029279999,5,0,NA,1.519999981,Pinus ponderosa,Ponderosa Pine,46.82981,-114.11812,NA,24,0.997319996,114.91,1.52,0.02928,7.849043716,2.3,0.00011491,0.000264293,2.93E-05,3.924521858,9.026400273,6.48E-05,7.13E-05,121.1407175,553.1018601,84.47250276,9.026400273,0.110786133,6.41E-08,4121.255826,654.7714842,121.1407175,34,237,2022
1,Blue Mountain,PINPON,Old,9/20/2022,20,4,11201,mature,9/20/2022,0.064379998,-0.00096,0.074660003,0.029920001,5,0,NA,0.980000019,Pinus ponderosa,Ponderosa Pine,46.82981,-114.11812,NA,24,0.997319996,112.86,0.98,0.02992,7.544117647,2.3,0.00011286,0.000259578,2.99E-05,3.772058824,8.675735294,6.44E-05,7.47E-05,115.1737844,525.4276564,77.02278713,8.675735294,0.115264008,6.56E-08,3957.906912,682.1717,115.1737844,38,263,2022
1,Blue Mountain,PSEMEN,New,6/30/2022,20,2,10767,mature,6/30/2022,0.01029,-0.00105,0.0111,0.00672,5,0,NA,1.210000038,Pseudotsuga menzeseii,Douglas Fir,46.82981,-114.11812,NA,24.5,0.997200012,27.77,NA,0.00672,8.264880952,2.3,2.78E-05,6.39E-05,6.72E-06,4.132440476,9.504613095,1.03E-05,1.11E-05,53.1249961,313.6025849,81.50684597,9.504613095,0.105212067,1.14E-08,5610.675721,384.7561283,53.1249961,26,181,2022
1,Blue Mountain,PSEMEN,New,7/27/2022,20,2,10815,mature,7/27/2022,0.01459,-0.00146,0.01521,0.00547,5,0,NA,NA,Pseudotsuga menzeseii,Douglas Fir,46.82981,-114.11812,NA,27,0.99654001,23.45,NA,0.00547,8.574040219,2.3,2.35E-05,5.39E-05,5.47E-06,4.28702011,9.860146252,1.46E-05,1.52E-05,166.7275914,565.6612085,93.63449604,9.860146252,0.101418378,1.61E-08,3345.278359,604.1162525,166.7275914,30,208,2022
1,Blue Mountain,PSEMEN,New,8/25/2022,20,2,10960,mature,8/25/2022,0.01204,-0.00088,0.01282,0.00461,5,0,NA,NA,Pseudotsuga menzeseii,Douglas Fir,46.82981,-114.11812,NA,25,0.997070014,22.28,NA,0.00461,9.665943601,2.3,2.23E-05,5.12E-05,4.61E-06,4.8329718,11.11583514,1.20E-05,1.28E-05,161.1713654,572.7882557,90.49939765,11.11583514,0.089961755,1.30E-08,3950.465742,632.9194122,161.1713654,34,237,2022
1,Blue Mountain,PSEMEN,New,9/20/2022,20,2,11008,mature,9/20/2022,0.015930001,-0.0016,0.01754,0.00616,5,0,NA,NA,Pseudotsuga menzeseii,Douglas Fir,46.82981,-114.11812,NA,24,0.997319996,35.07,NA,0.00616,11.38636364,2.3,3.51E-05,8.07E-05,6.16E-06,5.693181818,13.09431818,1.59E-05,1.75E-05,158.6039127,555.251161,85.85237597,13.09431818,0.076369,1.76E-08,4584.14638,646.7510709,158.6039127,38,263,2022
1,Blue Mountain,PSEMEN,Old,6/30/2022,20,2,10755,mature,6/30/2022,0.01008,-0.00054,0.01046,0.00514,5,0,NA,1.320000052,Pseudotsuga menzeseii,Douglas Fir,46.82981,-114.11812,NA,24.5,0.997200012,29.57,NA,0.00514,11.50583658,2.3,2.96E-05,6.80E-05,5.14E-06,5.752918288,13.23171206,1.01E-05,1.05E-05,96.10895604,463.3689642,92.85715786,13.23171206,0.07557601,1.07E-08,6379.389536,499.01265,96.10895604,26,181,2022
1,Blue Mountain,PSEMEN,Old,7/27/2022,20,2,10803,mature,7/27/2022,0.01317,-0.00113,0.015769999,0.00566,5,0,NA,NA,Pseudotsuga menzeseii,Douglas Fir,46.82981,-114.11812,NA,27,0.99654001,29.6,NA,0.00566,10.45936396,2.3,2.96E-05,6.81E-05,5.66E-06,5.229681979,12.02826855,1.32E-05,1.58E-05,132.6855239,NA,NA,12.02826855,0.083137482,1.44E-08,4739.364551,703.8039675,132.6855239,30,208,2022
1,Blue Mountain,PSEMEN,Old,8/25/2022,20,2,10948,mature,8/25/2022,0.01023,-0.00142,0.01258,0.00431,5,0,NA,NA,Pseudotsuga menzeseii,Douglas Fir,46.82981,-114.11812,NA,25,0.997070014,21.33,NA,0.00431,9.897911833,2.3,2.13E-05,4.91E-05,4.31E-06,4.948955916,11.38259861,1.02E-05,1.26E-05,137.3549792,NA,NA,11.38259861,0.087853406,1.17E-08,4194.310396,707.0455058,137.3549792,34,237,2022
1,Blue Mountain,PSEMEN,Old,9/20/2022,20,2,10996,mature,9/20/2022,0.00925,-0.00076,0.01154,0.00391,5,0,NA,NA,Pseudotsuga menzeseii,Douglas Fir,46.82981,-114.11812,NA,24,0.997319996,20.22,NA,0.00391,10.342711,2.3,2.02E-05,4.65E-05,3.91E-06,5.171355499,11.89411765,9.25E-06,1.15E-05,136.5728949,NA,NA,11.89411765,0.084075172,1.00E-08,4628.621954,759.3942107,136.5728949,38,263,2022
1,Jerry Johnson,ABIGRA,New,6/15/2022,27,10,11740,mature,6/16/2022,0.01307,-0.00299,0.016349999,0.00288,5,0,NA,1.909999967,Abies grandis,Grand Fir,46.47389,-114.88439,3081,23.5,0.997439981,39.33,1.91,0.00288,27.3125,2.1,3.93E-05,8.26E-05,2.88E-06,13.65625,28.678125,1.31E-05,1.63E-05,353.8194492,632.204763,75.6495984,28.678125,0.034869784,1.61E-08,5124.208684,835.7014133,353.8194492,24,166,2022
1,Jerry Johnson,ABIGRA,New,7/13/2022,27,10,11882,mature,7/13/2022,0.019200001,-0.00242,0.01987,0.00615,5,0,NA,0.449999988,Abies grandis,Grand Fir,46.47389,-114.88439,3081,26.5,0.996680021,39.06,0.45,0.00615,12.70243902,2.1,3.91E-05,8.20E-05,6.15E-06,6.351219512,13.33756098,1.92E-05,1.99E-05,212.1951471,600.9696468,95.11662507,13.33756098,0.074976225,2.17E-08,3777.404754,631.8239807,212.1951471,28,194,2022
1,Jerry Johnson,ABIGRA,New,8/24/2022,27,10,11369,mature,8/25/2022,0.020640001,-0.00547,0.02108,0.00779,5,0,NA,0.589999974,Abies grandis,Grand Fir,46.47389,-114.88439,3081,24.79999924,0.997120023,45.39,0.59,0.00779,11.6534018,2.1,4.54E-05,9.53E-05,7.79E-06,5.826700899,12.23607189,2.06E-05,2.11E-05,164.9550735,490.214182,96.68924289,12.23607189,0.081725576,2.62E-08,3636.320911,506.999711,164.9550735,34,236,2022
1,Jerry Johnson,ABIGRA,New,9/12/2022,27,10,11176,mature,9/13/2022,0.023460001,-0.00342,0.024590001,0.00932,5,0,NA,0.579999983,Abies grandis,Grand Fir,46.47389,-114.88439,3081,24.5,0.997200012,53.83,0.58,0.00932,11.55150215,2.1,5.38E-05,0.000113043,9.32E-06,5.775751073,12.12907725,2.35E-05,2.46E-05,151.7167412,524.0161159,92.59987077,12.12907725,0.082446504,2.70E-08,4189.275206,565.8929235,151.7167412,37,255,2022
1,Jerry Johnson,ABIGRA,Old,6/15/2022,27,10,11728,mature,6/16/2022,0.019850001,-0.00431,0.025450001,0.01028,5,0,NA,1.769999981,Abies grandis,Grand Fir,46.47389,-114.88439,3081,23.5,0.997439981,35.82,1.77,0.01028,6.968871595,2.5,3.58E-05,8.96E-05,1.03E-05,3.484435798,8.711089494,1.99E-05,2.55E-05,93.09339154,NA,NA,8.711089494,0.114796204,2.42E-08,3693.1569,625.6302847,93.09339154,24,166,2022
1,Jerry Johnson,ABIGRA,Old,7/13/2022,27,10,11894,mature,7/13/2022,0.02448,-0.00234,0.02926,0.01123,5,0,NA,0.709999979,Abies grandis,Grand Fir,46.47389,-114.88439,3081,26.5,0.996680021,36.1,0.71,0.01123,6.42920748,2.5,3.61E-05,9.03E-05,1.12E-05,3.21460374,8.03650935,2.45E-05,2.93E-05,117.9875289,NA,NA,8.03650935,0.124432136,2.69E-08,3350.318798,669.3213037,117.9875289,28,194,2022
1,Jerry Johnson,ABIGRA,Old,8/24/2022,27,10,11381,mature,8/25/2022,0.022360001,-0.00316,0.02916,0.00956,5,0,NA,0.50999999,Abies grandis,Grand Fir,46.47389,-114.88439,3081,24.79999924,0.997120023,47.9,0.51,0.00956,10.0209205,2.5,4.79E-05,0.00011975,9.56E-06,5.010460251,12.52615063,2.24E-05,2.92E-05,133.8912176,NA,NA,12.52615063,0.079832987,2.56E-08,4673.954181,765.0062884,133.8912176,34,236,2022
1,Jerry Johnson,ABIGRA,Old,9/12/2022,27,10,11164,mature,9/13/2022,0.037670001,-0.00679,0.048349999,0.01565,5,0,NA,0.610000014,Abies grandis,Grand Fir,46.47389,-114.88439,3081,24.5,0.997200012,87.51,0.61,0.01565,11.18338658,2.5,8.75E-05,0.000218775,1.57E-05,5.591693291,13.97923323,3.77E-05,4.83E-05,140.7028778,NA,NA,13.97923323,0.071534684,4.46E-08,4901.767559,732.6604579,140.7028778,37,255,2022
1,Jerry Johnson,THUPLI,NS,6/15/2022,27,28,11584,mature,6/16/2022,0.031410001,-0.0051,0.037409998,0.017820001,5,0,NA,0.920000017,Thuja plicata,Western Red Cedar,46.47389,-114.88439,3081,24,0.997319996,60.36,0.92,0.01782,6.774410774,2.3,6.04E-05,0.000138828,1.78E-05,3.387205387,7.790572391,3.14E-05,3.74E-05,76.26262668,NA,NA,7.790572391,0.128360278,3.66E-08,3788.279596,534.5635539,76.26262668,24,166,2022
1,Jerry Johnson,THUPLI,NS,7/13/2022,27,28,11870,mature,7/13/2022,0.02227,-0.00474,0.02417,0.01047,5,0,NA,0.819999993,Thuja plicata,Western Red Cedar,46.47389,-114.88439,3081,26.5,0.996680021,54.49,0.82,0.01047,10.40878701,2.3,5.45E-05,0.000125327,1.05E-05,5.204393505,11.97010506,2.23E-05,2.42E-05,112.7029552,434.9658015,86.13138324,11.97010506,0.083541456,2.71E-08,4619.74248,505.0026891,112.7029552,28,194,2022
1,Jerry Johnson,THUPLI,NS,8/24/2022,27,28,11357,mature,8/25/2022,0.031020001,-0.00938,0.038710002,0.01268,5,0,NA,0.670000017,Thuja plicata,Western Red Cedar,46.47389,-114.88439,3081,24.79999924,0.997120023,79.92,0.67,0.01268,12.60567823,2.3,7.99E-05,0.000183816,1.27E-05,6.302839117,14.49652997,3.10E-05,3.87E-05,144.6372344,NA,NA,14.49652997,0.068982024,4.06E-08,4532.017268,641.774488,144.6372344,34,236,2022
1,Jerry Johnson,THUPLI,NS,9/12/2022,27,28,11261,mature,9/13/2022,0.022390001,-0.00589,0.02547,0.00751,5,0,NA,0.74000001,Thuja plicata,Western Red Cedar,46.47389,-114.88439,3081,25,0.997070014,54.88,0.74,0.00751,14.61517976,2.3,5.49E-05,0.000126224,7.51E-06,7.30758988,16.80745672,2.24E-05,2.55E-05,198.1358295,524.0724608,82.85078361,16.80745672,0.059497401,2.84E-08,4445.599433,632.5497937,198.1358295,37,255,2022
1,Spring Gulch,PICENG,New,6/28/2022,6,27,11620,mature,6/29/2022,0.01348,-0.002,0.01553,0.00258,5,0,NA,1.059999943,Picea engelmannii,Engelmann Spruce,46.73587,-114.5362,NA,25.5,0.996940017,21.1,1.06,0.00258,16.35658915,2.4,2.11E-05,5.06E-05,2.58E-06,8.178294574,19.62790698,1.35E-05,1.55E-05,422.4806101,701.2399461,84.16988273,19.62790698,0.050947869,1.55E-08,3257.870689,833.1245374,422.4806101,26,179,2022
1,Spring Gulch,PICENG,New,7/13/2022,6,27,11930,mature,7/14/2022,0.01535,-0.0012,0.016240001,0.0046,5,0,NA,1.029999971,Picea engelmannii,Engelmann Spruce,46.73587,-114.5362,NA,26,0.996810019,25.21,1.03,0.0046,10.96086957,2.4,2.52E-05,6.05E-05,4.60E-06,5.480434783,13.15304348,1.54E-05,1.62E-05,233.6956448,646.7923401,92.35394609,13.15304348,0.076028033,1.66E-08,3640.327824,700.3407732,233.6956448,28,194,2022
1,Spring Gulch,PICENG,New,8/8/2022,6,27,11477,mature,8/9/2022,0.01408,-0.00093,0.01469,0.00571,5,0,NA,0.810000002,Picea engelmannii,Engelmann Spruce,46.73587,-114.5362,NA,26,0.996810019,22.64,0.81,0.00571,7.929947461,2.4,2.26E-05,5.43E-05,5.71E-06,3.96497373,9.515936953,1.41E-05,1.47E-05,146.5849332,555.2635525,93.20713186,9.515936953,0.10508687,1.51E-08,3604.635677,595.7307573,146.5849332,32,220,2022
1,Spring Gulch,PICENG,New,9/12/2022,6,27,11225,mature,9/13/2022,0.01372,-0.00072,0.01435,0.00591,5,0,NA,0.899999976,Picea engelmannii,Engelmann Spruce,46.73587,-114.5362,NA,25,0.997070014,24.03,0.9,0.00591,8.131979695,2.4,2.40E-05,5.77E-05,5.91E-06,4.065989848,9.758375635,1.37E-05,1.43E-05,132.1489095,538.7058093,92.53554888,9.758375635,0.102476069,1.45E-08,3978.007697,582.1609271,132.1489095,37,255,2022
1,Spring Gulch,PICENG,Old,6/28/2022,6,27,11632,mature,6/29/2022,0.01801,0.00077,0.019619999,0.00942,5,0,NA,1.200000048,Picea engelmannii,Engelmann Spruce,46.73587,-114.5362,NA,25,0.997070014,23.19,1.2,0.00942,4.923566879,2.7,2.32E-05,6.26E-05,9.42E-06,2.461783439,6.646815287,1.80E-05,1.96E-05,91.18895685,496.2764881,84.21568848,6.646815287,0.15044799,1.73E-08,3617.387736,589.2922056,91.18895685,26,179,2022
1,Spring Gulch,PICENG,Old,7/13/2022,6,27,11942,mature,7/14/2022,0.01532,-0.00035,0.01736,0.00737,5,0,NA,1.039999962,Picea engelmannii,Engelmann Spruce,46.73587,-114.5362,NA,26,0.996810019,22.92,1.04,0.00737,6.219810041,2.7,2.29E-05,6.19E-05,7.37E-06,3.10990502,8.396743555,1.53E-05,1.74E-05,107.8697518,505.1874565,79.57958291,8.396743555,0.119093785,1.57E-08,3932.455186,634.8204376,107.8697518,28,194,2022
1,Spring Gulch,PICENG,Old,8/8/2022,6,27,11465,mature,8/9/2022,0.019130001,-0.00102,0.0218,0.00869,5,0,NA,1.080000043,Picea engelmannii,Engelmann Spruce,46.73587,-114.5362,NA,25.5,0.996940017,27.84,1.08,0.00869,6.407364787,2.7,2.78E-05,7.52E-05,8.69E-06,3.203682394,8.649942463,1.91E-05,2.18E-05,120.1381101,515.9844257,79.63387303,8.649942463,0.1156077,2.02E-08,3715.087415,647.945913,120.1381101,32,220,2022
1,Spring Gulch,PICENG,Old,9/12/2022,6,27,11213,mature,9/13/2022,0.01983,-0.00072,0.02139,0.00902,5,0,NA,1.24000001,Picea engelmannii,Engelmann Spruce,46.73587,-114.5362,NA,25,0.997070014,NA,NA,NA,NA,NA,NA,NA,9.02E-06,NA,NA,1.98E-05,2.14E-05,119.8447913,523.9401445,87.3888389,NA,NA,2.06E-08,NA,599.5504129,NA,37,255,2022
1,Spring Gulch,PINCON,New,6/28/2022,6,1,11596,mature,6/29/2022,0.004,0.00015,0.00403,0.00098,5,0,NA,0.889999986,Pinus contorta,Lodgepole Pine,46.73587,-114.5362,NA,26,0.996810019,7.5,0.89,0.00098,15.30612245,2.2,7.50E-06,1.65E-05,9.80E-07,7.653061224,16.83673469,4.00E-06,4.03E-06,308.1632799,781.0891873,99.0164012,16.83673469,0.05939394,3.87E-09,4267.54001,788.8482896,308.1632799,26,179,2022
1,Spring Gulch,PINCON,New,7/13/2022,6,1,11858,mature,7/14/2022,0.01413,0.00022,0.01552,0.00458,5,0,NA,1.269999981,Pinus contorta,Lodgepole Pine,46.73587,-114.5362,NA,26,0.996810019,23.74,1.27,0.00458,10.36681223,2.2,2.37E-05,5.22E-05,4.58E-06,5.183406114,11.40349345,1.41E-05,1.55E-05,208.5152878,683.6450156,87.29433382,11.40349345,0.087692425,1.40E-08,3738.786554,783.1493588,208.5152878,28,194,2022
1,Spring Gulch,PINCON,New,8/8/2022,6,1,11393,mature,8/9/2022,0.039749999,0.00027,0.045150001,0.01493,5,0,NA,0.620000005,Pinus contorta,Lodgepole Pine,46.73587,-114.5362,NA,26,0.996810019,71.63,0.62,0.01493,9.595445412,2.2,7.16E-05,0.000157586,1.49E-05,4.797722706,10.55498995,3.97E-05,4.52E-05,166.2424626,626.0067822,82.13103301,10.55498995,0.094741916,3.96E-08,3974.613567,762.2049294,166.2424626,32,220,2022
1,Spring Gulch,PINCON,New,9/12/2022,6,1,11249,mature,9/13/2022,0.043000001,-0.00056,0.050760001,0.018370001,5,0,NA,0.600000024,Pinus contorta,Lodgepole Pine,46.73587,-114.5362,NA,24.5,0.997200012,82.88,0.6,0.01837,9.02340773,2.2,8.29E-05,0.000182336,1.84E-05,4.511703865,9.925748503,4.30E-05,5.08E-05,134.0772997,563.2497832,76.04199008,9.925748503,0.100748073,4.37E-08,4169.740522,740.7088933,134.0772997,37,255,2022
1,Spring Gulch,PINCON,Old,6/28/2022,6,1,11608,mature,6/29/2022,0.0274,-0.00109,0.03317,0.01391,5,0,NA,1.279999971,Pinus contorta,Lodgepole Pine,46.73587,-114.5362,NA,26,0.996810019,61.93,1.28,0.01391,8.904385334,2.4,6.19E-05,0.000148632,1.39E-05,4.452192667,10.6852624,2.74E-05,3.32E-05,96.98058664,,NA,10.6852624,0.093586847,2.86E-08,5194.865157,673.1598872,96.98058664,26,179,2022
1,Spring Gulch,PINCON,Old,7/13/2022,6,1,11846,mature,7/14/2022,0.039670002,-0.00157,0.046519998,0.01867,5,0,NA,1.379999995,Pinus contorta,Lodgepole Pine,46.73587,-114.5362,NA,26,0.996810019,82.36,1.38,0.01867,8.82271023,2.4,8.24E-05,0.000197664,1.87E-05,4.411355115,10.58725228,3.97E-05,4.65E-05,112.4799219,507.0549894,75.40395994,10.58725228,0.094453214,4.14E-08,4772.690947,672.4514068,112.4799219,28,194,2022
1,Spring Gulch,PINCON,Old,8/8/2022,6,1,11405,mature,8/9/2022,0.05257,-0.00186,0.062660001,0.02454,5,0,NA,0.649999976,Pinus contorta,Lodgepole Pine,46.73587,-114.5362,NA,26,0.996810019,97.16,0.65,0.02454,7.918500407,2.4,9.72E-05,0.000233184,2.45E-05,3.959250204,9.502200489,5.26E-05,6.27E-05,114.221683,NA,NA,9.502200489,0.10523878,5.47E-08,4265.940747,697.3791852,114.221683,32,220,2022
1,Spring Gulch,PINCON,Old,9/12/2022,6,1,11237,mature,9/13/2022,0.050489999,-0.0025,0.059220001,0.02355,5,0,NA,0.639999986,Pinus contorta,Lodgepole Pine,46.73587,-114.5362,NA,24.5,0.997200012,95.6,0.64,0.02355,8.118895966,2.4,9.56E-05,0.00022944,2.36E-05,4.059447983,9.742675159,5.05E-05,5.92E-05,114.3949013,506.4401857,75.52564764,9.742675159,0.102641214,5.32E-08,4313.201157,670.5539132,114.3949013,37,255,2022
1,St Mary's Peak,PINALB,New,7/21/2022,29,31,11774,mature,7/21/2022,0.01795,-0.00086,0.020269999,0.00486,5,0,NA,0.860000014,Pinus albicaulus,Whitebark Pine,46.50029,-114.20339,6859,26,0.996810019,34.44,0.86,0.00486,14.17283951,2.5,3.44E-05,8.61E-05,4.86E-06,7.086419753,17.71604938,1.80E-05,2.03E-05,269.3415521,692.9553534,84.94484633,17.71604938,0.056445996,1.89E-08,4557.941622,815.7709188,269.3415521,29,202,2022
1,St Mary's Peak,PINALB,New,8/4/2022,29,31,11560,mature,8/4/2022,0.02557,-0.0024,0.02856,0.00965,5,0,NA,1.120000005,Pinus albicaulus,Whitebark Pine,46.50029,-114.20339,6859,26,0.996810019,58.73,1.12,0.00965,12.17202073,2.5,5.87E-05,0.000146825,9.65E-06,6.086010363,15.21502591,2.56E-05,2.86E-05,164.9740788,566.767564,84.18825975,15.21502591,0.065724504,2.81E-08,5227.113798,673.2144906,164.9740788,31,216,2022
1,St Mary's Peak,PINALB,New,9/2/2022,29,31,11297,mature,9/2/2022,0.037719999,-0.00086,0.040440001,0.01534,5,0,NA,1.019999981,Pinus albicaulus,Whitebark Pine,46.50029,-114.20339,6859,25,0.997070014,65.07,1.02,0.01534,8.483702738,2.5,6.51E-05,0.000162675,1.53E-05,4.241851369,10.60462842,3.77E-05,4.04E-05,145.893074,577.7841774,89.16333839,10.60462842,0.09429845,3.87E-08,4199.778774,648.0064428,145.893074,35,245,2022
1,St Mary's Peak,PINALB,New,9/28/2022,29,31,11152,mature,9/28/2022,0.03785,-0.00374,0.041859999,0.016419999,5,0,NA,1.230000019,Pinus albicaulus,Whitebark Pine,46.50029,-114.20339,6859,24.5,0.997200012,81.43,1.23,0.01642,9.918392205,2.5,8.14E-05,0.000203575,1.64E-05,4.959196102,12.39799026,3.78E-05,4.19E-05,130.5115808,513.2840352,84.237424,12.39799026,0.080658231,4.18E-08,4875.958667,609.3301657,130.5115808,39,271,2022
1,St Mary's Peak,PINALB,Old,7/21/2022,29,31,11786,mature,7/21/2022,0.032639999,-0.00163,0.039980002,0.01433,5,0,NA,0.910000026,Pinus albicaulus,Whitebark Pine,46.50029,-114.20339,6859,26,0.996810019,62.66,0.91,0.01433,8.745289602,2.5,6.27E-05,0.00015665,1.43E-05,4.372644801,10.931612,3.26E-05,4.00E-05,127.7738985,NA,NA,10.931612,0.091477815,3.44E-08,4551.669459,745.2941654,127.7738985,29,202,2022
1,St Mary's Peak,PINALB,Old,8/4/2022,29,31,11572,mature,8/4/2022,0.042890001,-0.00159,0.05125,0.020020001,5,0,NA,1.100000024,Pinus albicaulus,Whitebark Pine,46.50029,-114.20339,6859,26,0.996810019,74.51,1.1,0.02002,7.443556444,2.5,7.45E-05,0.000186275,2.00E-05,3.721778222,9.304445554,4.29E-05,5.12E-05,114.2357629,NA,NA,9.304445554,0.10747551,4.47E-08,4170.078114,699.1358743,114.2357629,31,216,2022
1,St Mary's Peak,PINALB,Old,9/2/2022,29,31,11309,mature,9/2/2022,0.032699998,-0.00172,0.039730001,0.01478,5,0,NA,1.120000005,Pinus albicaulus,Whitebark Pine,46.50029,-114.20339,6859,25,0.997070014,65.04,1.12,0.01478,8.801082544,2.5,6.50E-05,0.0001626,1.48E-05,4.400541272,11.00135318,3.27E-05,3.97E-05,121.2449174,NA,NA,11.00135318,0.090897908,3.46E-08,4705.19363,721.9839336,121.2449174,35,245,2022
1,St Mary's Peak,PINALB,Old,9/28/2022,29,31,11140,mature,9/28/2022,0.032680001,-0.00151,0.038679998,0.01505,5,0,NA,1.110000014,Pinus albicaulus,Whitebark Pine,46.50029,-114.20339,6859,25,0.997070014,63.45,1.11,0.01505,8.431893688,2.5,6.35E-05,0.000158625,1.50E-05,4.215946844,10.53986711,3.27E-05,3.87E-05,117.1428706,NA,NA,10.53986711,0.094877854,3.43E-08,4621.046361,688.3865715,117.1428706,39,271,2022
1,TV1,ABILAS,New,7/18/2022,10,6,11906,mature,7/19/2022,0.00749,-0.00176,0.00813,0.00234,5,0,NA,0.560000002,Abies lasiocarpa,Subalpine Fir,47.018,-114.014,6817,26,0.996810019,18.03,0.56,0.00234,15.41025641,2.2,1.80E-05,3.97E-05,2.34E-06,7.705128205,16.95128205,7.49E-06,8.13E-06,220.0854946,554.3957861,88.94646387,16.95128205,0.058992585,9.29E-09,4270.031425,623.2915419,220.0854946,29,199,2022
1,TV1,ABILAS,New,8/1/2022,10,6,11441,mature,8/2/2022,0.00948,-0.00239,0.01005,0.00366,5,0,NA,0.589999974,Abies lasiocarpa,Subalpine Fir,47.018,-114.014,6817,27.5,0.996399999,20.03,0.59,0.00366,10.94535519,2.2,2.00E-05,4.41E-05,3.66E-06,5.472677596,12.03989071,9.48E-06,1.00E-05,159.0163859,488.0314028,91.07980954,12.03989071,0.083057231,1.19E-08,3695.119111,535.8283085,159.0163859,31,213,2022
1,TV1,ABILAS,New,8/16/2022,10,6,11501,mature,8/16/2022,0.00772,-0.0012,0.00829,0.00329,5,0,NA,0.660000026,Abies lasiocarpa,Subalpine Fir,47.018,-114.014,6817,25.29999924,0.996990025,18.38,0.66,0.00329,11.17325228,2.2,1.84E-05,4.04E-05,3.29E-06,5.58662614,12.29057751,7.72E-06,8.29E-06,134.650466,494.6201495,88.59999782,12.29057751,0.081363139,8.96E-09,4514.776398,558.2620335,134.650466,33,228,2022
1,TV1,ABILAS,New,9/6/2022,10,6,11285,mature,9/6/2022,0.01088,-0.0017,0.01158,0.00472,5,0,NA,0.660000026,Abies lasiocarpa,Subalpine Fir,47.018,-114.014,6817,25,0.997070014,26.35,0.66,0.00472,11.16525424,2.2,2.64E-05,5.80E-05,4.72E-06,5.582627119,12.28177966,1.09E-05,1.16E-05,130.5084696,487.7169709,89.79592155,12.28177966,0.081421426,1.26E-08,4589.76516,543.1393347,130.5084696,36,249,2022
1,TV1,ABILAS,Old,7/18/2022,10,6,11918,mature,7/19/2022,0.01302,-0.00102,0.01415,0.0065,5,0,NA,0.560000002,Abies lasiocarpa,Subalpine Fir,47.018,-114.014,6817,25.5,0.996940017,27.69,0.56,0.0065,8.52,2.2,2.77E-05,6.09E-05,6.50E-06,4.26,9.372,1.30E-05,1.42E-05,100.3076946,462.4785608,85.22876143,9.372,0.106700813,1.41E-08,4321.053334,542.632033,100.3076946,29,199,2022
1,TV1,ABILAS,Old,8/1/2022,10,6,11453,mature,8/2/2022,0.01094,-0.00113,0.01164,0.00496,5,0,NA,0.660000026,Abies lasiocarpa,Subalpine Fir,47.018,-114.014,6817,27.5,0.996399999,21.21,0.66,0.00496,8.552419355,2.2,2.12E-05,4.67E-05,4.96E-06,4.276209677,9.40766129,1.09E-05,1.16E-05,120.5645223,493.1391039,89.52096211,9.40766129,0.106296345,1.21E-08,3847.969141,550.8643923,120.5645223,31,213,2022
1,TV1,ABILAS,Old,8/16/2022,10,6,11513,mature,8/16/2022,0.008,-0.00118,0.0085,0.00375,5,0,NA,0.74000001,Abies lasiocarpa,Subalpine Fir,47.018,-114.014,6817,25.29999924,0.996990025,17.97,0.74,0.00375,9.584,2.2,1.80E-05,3.95E-05,3.75E-06,4.792,10.5424,8.00E-06,8.50E-06,113.3333482,461.0830931,89.47368369,10.5424,0.094855059,9.22E-09,4289.048709,515.3281659,113.3333482,33,228,2022
1,TV1,ABILAS,Old,9/6/2022,10,6,11273,mature,9/6/2022,0.01078,-0.00216,0.01147,0.00498,5,0,NA,0.720000029,Abies lasiocarpa,Subalpine Fir,47.018,-114.014,6817,25,0.997070014,23.76,0.72,0.00498,9.542168675,2.2,2.38E-05,5.23E-05,4.98E-06,4.771084337,10.49638554,1.08E-05,1.15E-05,116.4658573,446.4383715,89.36825693,10.49638554,0.095270895,1.30E-08,4023.487389,499.5491541,116.4658573,36,249,2022
1,TV1,LAROCC,New,6/27/2022,10,5,11716,mature,6/27/2022,0.00952,-0.001,0.01026,0.00257,5,0,NA,0.449999988,Larix occidentalis,Western Larch,47.018,-114.014,6817,25,0.997070014,29.55,0.45,0.00257,22.99610895,2,2.96E-05,5.91E-05,2.57E-06,11.49805447,22.99610895,9.52E-06,1.03E-05,270.4280079,658.0166213,90.37711238,22.99610895,0.043485618,1.06E-08,5595.50838,728.0788288,270.4280079,26,178,2022
1,TV1,LAROCC,New,8/1/2022,10,5,11489,mature,8/1/2022,0.00587,-0.00116,0.00689,0.00192,5,0,NA,0.370000005,Larix occidentalis,Western Larch,47.018,-114.014,6817,27.5,0.996399999,20.12,0.37,0.00192,20.95833333,2,2.01E-05,4.02E-05,1.92E-06,10.47916667,20.95833333,5.87E-06,6.89E-06,205.7291741,559.2645509,79.47686373,20.95833333,0.047713716,7.06E-09,5697.41906,703.6822097,205.7291741,31,213,2022
1,TV1,LAROCC,New,8/16/2022,10,5,11525,mature,8/16/2022,0.00768,-0.00214,0.00915,0.0023,5,0,NA,0.469999999,Larix occidentalis,Western Larch,47.018,-114.014,6817,25.5,0.996940017,23.6,0.47,0.0023,20.52173913,2,2.36E-05,4.72E-05,2.30E-06,10.26086957,20.52173913,7.68E-06,9.15E-06,233.9130276,545.6094538,78.54013968,20.52173913,0.048728815,9.86E-09,4786.759738,694.6886726,233.9130276,33,228,2022
1,TV1,LAROCC,New,9/6/2022,10,5,11321,mature,9/6/2022,0.00678,-0.00186,0.00764,0.00189,5,0,NA,0.389999986,Larix occidentalis,Western Larch,47.018,-114.014,6817,25,0.997070014,21.16,0.39,0.00189,22.39153439,2,2.12E-05,4.23E-05,1.89E-06,11.1957672,22.39153439,6.78E-06,7.64E-06,258.7301638,563.7193276,85.04347778,22.39153439,0.044659734,8.67E-09,4878.650722,662.8601538,258.7301638,36,249,2022
1,White Pine Creek,PINMON,New,6/21/2022,30,30,11656,mature,6/21/2022,0.00373,-1.00E-04,0.00384,0.00091,5,0,NA,0.589999974,Pinus monticola,Western White Pine,47.73889,-115.67531,3360,23.20000076,0.99752003,10.05,0.59,0.00091,22.08791209,2,1.01E-05,2.01E-05,9.10E-07,11.04395604,22.08791209,3.73E-06,3.84E-06,309.8901084,733.6929474,96.24573686,22.08791209,0.045273632,3.84E-09,5229.513572,762.3121515,309.8901084,25,172,2022
1,White Pine Creek,PINMON,New,7/25/2022,30,30,11762,mature,7/25/2022,0.01256,-0.00072,0.01373,0.00434,5,0,NA,0.639999986,Pinus monticola,Western White Pine,47.73889,-115.67531,3360,25.5,0.996940017,30.35,0.64,0.00434,13.98617512,2,3.04E-05,6.07E-05,4.34E-06,6.993087558,13.98617512,1.26E-05,1.37E-05,189.400916,616.4315338,87.53993517,13.98617512,0.071499176,1.33E-08,4551.994567,704.1717961,189.400916,30,206,2022
1,White Pine Creek,PINMON,New,8/15/2022,30,30,11417,mature,8/15/2022,0.01633,-0.00218,0.020059999,0.00584,5,0,NA,0.629999995,Pinus monticola,Western White Pine,47.73889,-115.67531,3360,26,0.996810019,31.46,0.63,0.00584,10.7739726,2,3.15E-05,6.29E-05,5.84E-06,5.386986301,10.7739726,1.63E-05,2.01E-05,179.6232768,NA,NA,10.7739726,0.092816278,1.86E-08,3384.828746,764.9755384,179.6232768,33,227,2022
1,White Pine Creek,PINMON,New,9/20/2022,30,30,11128,mature,9/21/2022,0.034200002,-0.00443,0.042130001,0.01374,5,0,NA,0.790000021,Pinus monticola,Western White Pine,47.73889,-115.67531,3360,24.5,0.997200012,93.1,0.79,0.01374,13.55167394,2,9.31E-05,0.0001862,1.37E-05,6.775836972,13.55167394,3.42E-05,4.21E-05,148.9083022,NA,NA,13.55167394,0.073791624,3.88E-08,4801.527738,732.0911666,148.9083022,38,263,2022
1,White Pine Creek,PINMON,Old,6/21/2022,30,30,11644,mature,6/21/2022,0.024,-0.00153,0.02967,0.0126,5,0,NA,0.769999981,Pinus monticola,Western White Pine,47.73889,-115.67531,3360,23.20000076,0.99752003,45.14,0.77,0.0126,7.165079365,2,4.51E-05,9.03E-05,1.26E-05,3.582539683,7.165079365,2.40E-05,2.97E-05,90.47619188,NA,NA,7.165079365,0.139565795,2.56E-08,3523.747187,666.2645625,90.47619188,25,172,2022
1,White Pine Creek,PINMON,Old,7/25/2022,30,30,11750,mature,7/25/2022,0.01695,-0.00102,0.02062,0.0074,5,0,NA,0.660000026,Pinus monticola,Western White Pine,47.73889,-115.67531,3360,25.5,0.996940017,45.9,0.66,0.0074,12.40540541,2,4.59E-05,9.18E-05,7.40E-06,6.202702703,12.40540541,1.70E-05,2.06E-05,129.054055,NA,NA,12.40540541,0.080610022,1.80E-08,5087.51512,732.6464916,129.054055,30,206,2022
1,White Pine Creek,PINMON,Old,8/15/2022,30,30,11429,mature,8/15/2022,0.01925,-0.00254,0.023879999,0.00808,5,0,NA,0.660000026,Pinus monticola,Western White Pine,47.73889,-115.67531,3360,26,0.996810019,NA,NA,NA,NA,NA,NA,NA,8.08E-06,NA,NA,1.92E-05,2.39E-05,138.2425713,NA,NA,NA,NA,2.19E-08,NA,722.0283412,NA,33,227,2022
1,White Pine Creek,PINMON,Old,9/20/2022,30,30,11116,mature,9/21/2022,0.024089999,-0.0017,0.03002,0.01098,5,0,NA,0.680000007,Pinus monticola,Western White Pine,47.73889,-115.67531,3360,24.5,0.997200012,69,0.68,0.01098,12.56830601,2,6.90E-05,0.000138,1.10E-05,6.284153005,12.56830601,2.41E-05,3.00E-05,119.3989068,NA,NA,12.56830601,0.079565216,2.59E-08,5330.307272,735.427926,119.3989068,38,263,2022
1,White Pine Creek,TSUHET,New,6/21/2022,30,29,11704,mature,6/22/2022,0.00263,-0.00022,0.00321,0.00067,5,0,NA,0.439999998,Tsuga heterophylla,Western Hemlock,47.73889,-115.67531,3360,23,0.997560024,10.65,0.44,0.00067,31.79104478,2,1.07E-05,2.13E-05,6.70E-07,15.89552239,31.79104478,2.63E-06,3.21E-06,292.5373259,685.3188216,77.16535476,31.79104478,0.031455398,2.86E-09,7447.597309,888.1172434,292.5373259,25,172,2022
1,White Pine Creek,TSUHET,New,7/25/2022,30,29,11798,mature,7/26/2022,0.00878,-0.00117,0.01021,0.0033,5,0,NA,0.460000008,Tsuga heterophylla,Western Hemlock,47.73889,-115.67531,3360,25,0.997070014,22.58,0.46,0.0033,13.68484848,2,2.26E-05,4.52E-05,3.30E-06,6.842424242,13.68484848,8.78E-06,1.02E-05,166.0606014,548.5614438,79.30535196,13.68484848,0.073073516,9.99E-09,4520.626939,691.7079746,166.0606014,30,206,2022
1,White Pine Creek,TSUHET,New,8/15/2022,30,29,11537,mature,8/15/2022,0.00963,-0.00187,0.00985,0.00378,5,0,NA,0.439999998,Tsuga heterophylla,Western Hemlock,47.73889,-115.67531,3360,26,0.996810019,24.43,0.44,0.00378,12.92592593,2,2.44E-05,4.89E-05,3.78E-06,6.462962963,12.92592593,9.63E-06,9.85E-06,154.7619165,506.538484,96.37562095,12.92592593,0.077363895,1.15E-08,4230.678467,525.5877773,154.7619165,33,227,2022
1,White Pine Creek,TSUHET,New,9/20/2022,30,29,11104,mature,9/21/2022,0.00881,-0.00195,0.00952,0.00353,5,0,NA,0.419999987,Tsuga heterophylla,Western Hemlock,47.73889,-115.67531,3360,24.5,0.997200012,27.67,0.42,0.00353,15.67705382,2,2.77E-05,5.53E-05,3.53E-06,7.838526912,15.67705382,8.81E-06,9.52E-06,149.5750511,488.8167952,88.14690627,15.67705382,0.063787497,1.08E-08,5123.31898,554.5478745,149.5750511,38,263,2022
1,White Pine Creek,TSUHET,Old,6/21/2022,30,29,11692,mature,6/22/2022,0.00991,-0.00113,0.01041,0.00522,5,0,NA,0.419999987,Tsuga heterophylla,Western Hemlock,47.73889,-115.67531,3360,23,0.997560024,21.72,0.42,0.00522,8.32183908,2.2,2.17E-05,4.78E-05,5.22E-06,4.16091954,9.154022989,9.91E-06,1.04E-05,89.84672875,423.3359731,90.36608607,9.154022989,0.109241591,1.11E-08,4313.153255,468.4677532,89.84672875,25,172,2022
1,White Pine Creek,TSUHET,Old,7/25/2022,30,29,11810,mature,7/26/2022,0.0077,-0.00086,0.00816,0.00337,5,0,NA,0.449999988,Tsuga heterophylla,Western Hemlock,47.73889,-115.67531,3360,25,0.997070014,18.19,0.45,0.00337,10.79525223,2.2,1.82E-05,4.00E-05,3.37E-06,5.397626113,11.87477745,7.70E-06,8.16E-06,128.4866423,503.8275727,90.39666373,11.87477745,0.084212106,8.59E-09,4656.390815,557.3519552,128.4866423,30,206,2022
1,White Pine Creek,TSUHET,Old,8/15/2022,30,29,11549,mature,8/15/2022,0.00998,-0.00244,0.01053,0.00404,5,0,NA,0.5,Tsuga heterophylla,Western Hemlock,47.73889,-115.67531,3360,26,0.996810019,25.6,0.5,0.00404,12.67326733,2.2,2.56E-05,5.63E-05,4.04E-06,6.336633663,13.94059406,9.98E-06,1.05E-05,147.0296919,476.2327321,91.52542324,13.94059406,0.071732955,1.25E-08,4515.392138,520.3283582,147.0296919,33,227,2022
1,White Pine Creek,TSUHET,Old,9/20/2022,30,29,11092,mature,9/21/2022,0.0072,-0.00118,0.00791,0.00304,5,0,NA,0.449999988,Tsuga heterophylla,Western Hemlock,47.73889,-115.67531,3360,24.5,0.997200012,18.88,0.45,0.00304,12.42105263,2.2,1.89E-05,4.15E-05,3.04E-06,6.210526316,13.66315789,7.20E-06,7.91E-06,136.8420936,494.5085296,85.42093891,13.66315789,0.073189525,8.41E-09,4937.477735,578.9078602,136.8420936,38,263,2022
2,Blue Mountain,PINPON,New,6/23/2022,20,4,11681,mature,6/23/2022,0.01497,-0.00019,0.017000001,0.00451,5,0,NA,1.350000024,Pinus ponderosa,Ponderosa Pine,46.82981,-114.11812,NA,23.5,0.997439981,24.37,1.35,0.00451,10.80709534,2.2,2.44E-05,5.36E-05,4.51E-06,5.403547672,11.88780488,1.50E-05,1.70E-05,231.929053,687.4824283,83.74699077,11.88780488,0.084119817,1.52E-08,3523.774651,820.9040373,231.929053,25,174,2022
2,Blue Mountain,PINPON,New,7/27/2022,20,4,11823,mature,7/27/2022,0.04778,0.00071,0.05319,0.017659999,5,0,NA,1.149999976,Pinus ponderosa,Ponderosa Pine,46.82981,-114.11812,NA,26.5,0.996680021,108.61,1.15,0.01766,12.30011325,2.2,0.00010861,0.000238942,1.77E-05,6.150056625,13.53012458,4.78E-05,5.32E-05,170.5549333,637.1012734,84.77342938,13.53012458,0.073909147,4.73E-08,5054.125207,751.5341518,170.5549333,30,208,2022
2,Blue Mountain,PINPON,New,8/25/2022,20,4,11346,mature,8/26/2022,0.072590001,-0.00168,0.082690001,0.028929999,5,0,NA,1.309999943,Pinus ponderosa,Ponderosa Pine,46.82981,-114.11812,NA,24,0.997319996,139.49,1.31,0.02893,9.643276875,2.2,0.00013949,0.000306878,2.89E-05,4.821638438,10.60760456,7.26E-05,8.27E-05,150.9160152,585.6621098,81.21279885,10.60760456,0.094271988,7.45E-08,4116.509606,721.1450881,150.9160152,34,237,2022
2,Blue Mountain,PINPON,New,9/20/2022,20,4,11189,mature,9/20/2022,0.0451,-0.0003,0.051600002,0.01901,5,0,NA,0.790000021,Pinus ponderosa,Ponderosa Pine,46.82981,-114.11812,NA,24,0.997319996,70.27,0.79,0.01901,7.392951078,2.2,7.03E-05,0.000154594,1.90E-05,3.696475539,8.132246186,4.51E-05,5.16E-05,137.2435556,572.5257612,80.05522665,8.132246186,0.122967256,4.56E-08,3392.451059,715.1635005,137.2435556,38,263,2022
2,Blue Mountain,PINPON,Old,6/23/2022,20,4,11669,mature,6/23/2022,0.064709999,0.0007,0.076169997,0.031369999,5,0,NA,1.610000014,Pinus ponderosa,Ponderosa Pine,46.82981,-114.11812,NA,23.5,0.997439981,NA,NA,NA,NA,NA,NA,NA,3.14E-05,NA,NA,6.47E-05,7.62E-05,106.2798872,NA,NA,NA,NA,6.42E-08,NA,697.3636336,NA,25,174,2022
2,Blue Mountain,PINPON,Old,7/27/2022,20,4,11835,mature,7/27/2022,0.040649999,0.00014,0.04727,0.01833,5,0,NA,1.389999986,Pinus ponderosa,Ponderosa Pine,46.82981,-114.11812,NA,26.5,0.996680021,72.24,1.39,0.01833,7.882160393,2.3,7.22E-05,0.000166152,1.83E-05,3.941080196,9.064484452,4.06E-05,4.73E-05,121.7675842,548.5669373,77.12508248,9.064484452,0.110320672,4.07E-08,4083.579727,711.2691742,121.7675842,30,208,2022
2,Blue Mountain,PINPON,Old,8/25/2022,20,4,11334,mature,8/26/2022,0.060150001,0.0012,0.06112,0.027559999,5,0,NA,1.50999999,Pinus ponderosa,Ponderosa Pine,46.82981,-114.11812,NA,24,0.997319996,114.54,1.51,0.02756,8.312046444,2.3,0.00011454,0.000263442,2.76E-05,4.156023222,9.558853411,6.02E-05,6.11E-05,118.2510978,550.7790014,97.10965874,9.558853411,0.104615055,5.92E-08,4452.23423,567.1722139,118.2510978,34,237,2022
2,Blue Mountain,PINPON,Old,9/20/2022,20,4,11202,mature,9/20/2022,0.064769998,-0.00173,0.069420002,0.029829999,5,0,NA,0.850000024,Pinus ponderosa,Ponderosa Pine,46.82981,-114.11812,NA,24,0.997319996,131.7,0.85,0.02983,8.830036876,2.3,0.0001317,0.00030291,2.98E-05,4.415018438,10.15454241,6.48E-05,6.94E-05,117.1304037,523.453441,88.2546,10.15454241,0.098478094,6.67E-08,4538.04486,593.117459,117.1304037,38,263,2022
2,Blue Mountain,PSEMEN,New,6/30/2022,20,2,10768,mature,6/30/2022,0.01069,-0.00137,0.01236,0.00238,5,0,NA,1.210000038,Pseudotsuga menzeseii,Douglas Fir,46.82981,-114.11812,NA,24.5,0.997200012,25.52,NA,0.00238,21.44537815,2.3,2.55E-05,5.87E-05,2.38E-06,10.72268908,24.66218487,1.07E-05,1.24E-05,349.1596672,686.4014795,83.26653178,24.66218487,0.040547907,1.21E-08,4848.257702,824.3425838,349.1596672,26,181,2022
2,Blue Mountain,PSEMEN,New,7/27/2022,20,2,10816,mature,7/27/2022,0.01605,-0.00149,0.016659999,0.00593,5,0,NA,NA,Pseudotsuga menzeseii,Douglas Fir,46.82981,-114.11812,NA,27,0.99654001,31.36,NA,0.0061,10.28196721,2.3,3.14E-05,7.21E-05,5.93E-06,5.140983607,11.8242623,1.60E-05,1.67E-05,170.6576692,574.3644202,94.31500873,11.8242623,0.082214951,1.76E-08,4093.651965,608.9851742,170.6576692,30,208,2022
2,Blue Mountain,PSEMEN,New,8/25/2022,20,2,10961,mature,8/25/2022,0.017759999,-0.00163,0.019640001,0.00663,5,0,NA,NA,Pseudotsuga menzeseii,Douglas Fir,46.82981,-114.11812,NA,25,0.997070014,32.19,NA,0.00663,9.71040724,2.3,3.22E-05,7.40E-05,6.63E-06,4.85520362,11.16696833,1.78E-05,1.96E-05,167.8732842,571.7223123,85.54956782,11.16696833,0.089549822,1.95E-08,3803.109468,668.2936301,167.8732842,34,237,2022
2,Blue Mountain,PSEMEN,New,9/20/2022,20,2,11009,mature,9/20/2022,0.01483,-0.00189,0.0166,0.00561,5,0,NA,NA,Pseudotsuga menzeseii,Douglas Fir,46.82981,-114.11812,NA,24,0.997319996,33.66,NA,0.00561,12,2.3,3.37E-05,7.74E-05,5.61E-06,6,13.8,1.48E-05,1.66E-05,164.3493778,549.3782447,83.89444954,13.8,0.072463767,1.68E-08,4612.989745,654.8445668,164.3493778,38,263,2022
2,Blue Mountain,PSEMEN,Old,6/30/2022,20,2,10756,mature,6/30/2022,0.01225,-0.00039,0.01467,0.00629,5,0,NA,1.289999962,Pseudotsuga menzeseii,Douglas Fir,46.82981,-114.11812,NA,24.5,0.997200012,35.43,NA,0.00629,11.26550079,2.3,3.54E-05,8.15E-05,6.29E-06,5.632750397,12.95532591,1.22E-05,1.47E-05,94.75357412,NA,NA,12.95532591,0.077188331,1.27E-08,6422.090453,660.4219107,94.75357412,26,181,2022
2,Blue Mountain,PSEMEN,Old,7/27/2022,20,2,10804,mature,7/27/2022,0.01177,-0.00079,0.01426,0.0053,5,0,NA,NA,Pseudotsuga menzeseii,Douglas Fir,46.82981,-114.11812,NA,27,0.99654001,24.44,NA,0.0053,9.222641509,2.3,2.44E-05,5.62E-05,5.30E-06,4.611320755,10.60603774,1.18E-05,1.43E-05,122.0754735,NA,NA,10.60603774,0.094285915,1.26E-08,4455.290401,710.1579908,122.0754735,30,208,2022
2,Blue Mountain,PSEMEN,Old,8/25/2022,20,2,10949,mature,8/25/2022,0.01075,-0.00041,0.0133,0.00472,5,0,NA,NA,Pseudotsuga menzeseii,Douglas Fir,46.82981,-114.11812,NA,25,0.997070014,21.59,NA,0.00472,9.148305085,2.3,2.16E-05,4.97E-05,4.72E-06,4.574152542,10.52055085,1.08E-05,1.33E-05,127.7542409,NA,NA,10.52055085,0.095052059,1.12E-08,4431.840014,765.7568092,127.7542409,34,237,2022
2,Blue Mountain,PSEMEN,Old,9/20/2022,20,2,10997,mature,9/20/2022,0.012,-0.0013,0.0155,0.00519,5,0,NA,NA,Pseudotsuga menzeseii,Douglas Fir,46.82981,-114.11812,NA,24,0.997319996,29.15,NA,0.00519,11.23314066,2.3,2.92E-05,6.70E-05,5.19E-06,5.616570328,12.91811175,1.20E-05,1.55E-05,131.2138776,NA,NA,12.91811175,0.077410693,1.33E-08,5022.171718,772.2960616,131.2138776,38,263,2022
2,Jerry Johnson,ABIGRA,New,6/15/2022,27,10,11741,mature,6/16/2022,0.01394,-0.00164,0.01522,0.0031,5,0,NA,1.940000057,Abies grandis,Grand Fir,46.47389,-114.88439,3081,23.5,0.997439981,36.81,1.94,0.0031,23.7483871,2.1,3.68E-05,7.73E-05,3.10E-06,11.87419355,24.93580645,1.39E-05,1.52E-05,349.6774056,693.2516945,89.4389406,24.93580645,0.040102975,1.56E-08,4943.63928,775.1117017,349.6774056,24,166,2022
2,Jerry Johnson,ABIGRA,New,7/13/2022,27,10,11883,mature,7/13/2022,0.01189,-0.0022,0.01249,0.00384,5,0,NA,0.540000021,Abies grandis,Grand Fir,46.47389,-114.88439,3081,26.5,0.996680021,30.76,0.54,0.00384,16.02083333,2.1,3.08E-05,6.46E-05,3.84E-06,8.010416667,16.821875,1.19E-05,1.25E-05,209.6354175,568.8301194,93.06358462,16.821875,0.059446404,1.42E-08,4564.490829,611.2273901,209.6354175,28,194,2022
2,Jerry Johnson,ABIGRA,New,8/24/2022,27,10,11370,mature,8/25/2022,0.01524,-0.00361,0.015900001,0.00572,5,0,NA,0.529999971,Abies grandis,Grand Fir,46.47389,-114.88439,3081,24.79999924,0.997120023,35.68,0.53,0.00572,12.47552448,2.1,3.57E-05,7.49E-05,5.72E-06,6.237762238,13.0993007,1.52E-05,1.59E-05,166.4335701,503.0546966,93.51668737,13.0993007,0.07633995,1.89E-08,3959.33644,537.9304066,166.4335701,34,236,2022
2,Jerry Johnson,ABIGRA,New,9/12/2022,27,10,11177,mature,9/13/2022,0.022360001,-0.00434,0.029309999,0.00834,5,0,NA,0.519999981,Abies grandis,Grand Fir,46.47389,-114.88439,3081,24.5,0.997200012,57.32,0.52,0.00834,13.74580336,2.1,5.73E-05,0.000120372,8.34E-06,6.872901679,14.43309353,2.24E-05,2.93E-05,168.1055191,NA,NA,14.43309353,0.069285217,2.68E-08,4490.954921,782.3689921,168.1055191,37,255,2022
2,Jerry Johnson,ABIGRA,Old,6/15/2022,27,10,11729,mature,6/16/2022,0.024569999,-0.00241,0.03125,0.01276,5,0,NA,2.089999914,Abies grandis,Grand Fir,46.47389,-114.88439,3081,23.5,0.997439981,53.59,2.09,0.01276,8.39968652,2.5,5.36E-05,0.000133975,1.28E-05,4.19984326,10.49960815,2.46E-05,3.13E-05,92.55484986,NA,NA,10.49960815,0.095241652,2.71E-08,4947.786439,682.8480669,92.55484986,24,166,2022
2,Jerry Johnson,ABIGRA,Old,7/13/2022,27,10,11895,mature,7/13/2022,0.03084,-0.00273,0.03827,0.01486,5,0,NA,0.689999998,Abies grandis,Grand Fir,46.47389,-114.88439,3081,26.5,0.996680021,54.58,0.69,0.01486,7.34589502,2.5,5.46E-05,0.00013645,1.49E-05,3.67294751,9.182368775,3.08E-05,3.83E-05,107.5370066,NA,NA,9.182368775,0.108904364,3.37E-08,4046.875964,694.3009597,107.5370066,28,194,2022
2,Jerry Johnson,ABIGRA,Old,8/24/2022,27,10,11382,mature,8/25/2022,0.027039999,-0.00492,0.035470001,0.01132,5,0,NA,0.569999993,Abies grandis,Grand Fir,46.47389,-114.88439,3081,24.79999924,0.997120023,57.47,0.57,0.01132,10.15371025,2.5,5.75E-05,0.000143675,1.13E-05,5.076855124,12.69213781,2.70E-05,3.55E-05,138.8692592,NA,NA,12.69213781,0.07878893,3.21E-08,4477.793452,752.6620497,138.8692592,34,236,2022
2,Jerry Johnson,ABIGRA,Old,9/12/2022,27,10,11165,mature,9/13/2022,0.03057,-0.00432,0.036880001,0.01336,5,0,NA,0.660000026,Abies grandis,Grand Fir,46.47389,-114.88439,3081,24.5,0.997200012,71.44,0.66,0.01336,10.69461078,2.5,7.14E-05,0.0001786,1.34E-05,5.347305389,13.36826347,3.06E-05,3.69E-05,128.8173646,NA,NA,13.36826347,0.074804033,3.50E-08,5099.234388,671.5229506,128.8173646,37,255,2022
2,Jerry Johnson,THUPLI,NS,6/15/2022,27,28,11585,mature,6/16/2022,0.032000002,-0.00421,0.037050001,0.017680001,5,0,NA,1.139999986,Thuja plicata,Western Red Cedar,46.47389,-114.88439,3081,24,0.997319996,58.18,1.14,0.01768,6.581447964,2.3,5.82E-05,0.000133814,1.77E-05,3.290723982,7.568665158,3.20E-05,3.71E-05,80.99547845,NA,NA,7.568665158,0.132123698,3.63E-08,3681.712043,532.9394926,80.99547845,24,166,2022
2,Jerry Johnson,THUPLI,NS,7/13/2022,27,28,11871,mature,7/13/2022,0.01046,-0.00198,0.01135,0.00427,5,0,NA,0.709999979,Thuja plicata,Western Red Cedar,46.47389,-114.88439,3081,26.5,0.996680021,23.22,0.71,0.00427,10.87587822,2.3,2.32E-05,5.34E-05,4.27E-06,5.43793911,12.50725995,1.05E-05,1.14E-05,144.9648655,495.4136383,87.42936895,12.50725995,0.079953562,1.25E-08,4274.323477,566.6444174,144.9648655,28,194,2022
2,Jerry Johnson,THUPLI,NS,8/24/2022,27,28,11358,mature,8/25/2022,0.01315,-0.00504,0.01668,0.00529,5,0,NA,0.610000014,Thuja plicata,Western Red Cedar,46.47389,-114.88439,3081,24.79999924,0.997120023,34.14,0.61,0.00529,12.9073724,2.3,3.41E-05,7.85E-05,5.29E-06,6.4536862,14.84347826,1.32E-05,1.67E-05,148.5822418,NA,NA,14.84347826,0.067369651,1.83E-08,4299.800063,623.707053,148.5822418,34,236,2022
2,Jerry Johnson,THUPLI,NS,9/12/2022,27,28,11262,mature,9/13/2022,0.021199999,-0.0041,0.02407,0.00983,5,0,NA,0.75,Thuja plicata,Western Red Cedar,46.47389,-114.88439,3081,25,0.997070014,52.78,0.75,0.00983,10.73855544,2.3,5.28E-05,0.000121394,9.83E-06,5.369277721,12.34933876,2.12E-05,2.41E-05,115.6663239,447.6182034,79.84549987,12.34933876,0.080975995,2.54E-08,4779.082373,560.6054244,115.6663239,37,255,2022
2,Spring Gulch,PICENG,New,6/28/2022,6,27,11621,mature,6/29/2022,0.01192,-0.00115,0.01323,0.00233,5,0,NA,1.24000001,Picea engelmannii,Engelmann Spruce,46.73587,-114.5362,NA,25.5,0.996940017,17.38,1.24,0.00233,14.91845494,2.4,1.74E-05,4.17E-05,2.33E-06,7.459227468,17.90214592,1.19E-05,1.32E-05,411.5879909,730.7252789,87.98165773,17.90214592,0.055859226,1.31E-08,3178.311953,830.5427492,411.5879909,26,179,2022
2,Spring Gulch,PICENG,New,7/13/2022,6,27,11931,mature,7/14/2022,0.01304,-0.00089,0.01341,0.00383,5,0,NA,0.939999998,Picea engelmannii,Engelmann Spruce,46.73587,-114.5362,NA,26,0.996810019,23.28,0.94,0.00383,12.15665796,2.4,2.33E-05,5.59E-05,3.83E-06,6.078328982,14.58798956,1.30E-05,1.34E-05,240.4699592,658.3592046,96.13778198,14.58798956,0.068549543,1.40E-08,3993.903056,684.8079819,240.4699592,28,194,2022
2,Spring Gulch,PICENG,New,8/8/2022,6,27,11478,mature,8/9/2022,0.01427,-0.0004,0.01486,0.00588,5,0,NA,0.839999974,Picea engelmannii,Engelmann Spruce,46.73587,-114.5362,NA,26,0.996810019,21.16,0.84,0.00588,7.197278912,2.4,2.12E-05,5.08E-05,5.88E-06,3.598639456,8.636734694,1.43E-05,1.49E-05,142.6870747,569.4901995,93.42984103,8.636734694,0.1157845,1.47E-08,3447.078663,609.5378021,142.6870747,32,220,2022
2,Spring Gulch,PICENG,New,9/12/2022,6,27,11226,mature,9/13/2022,0.01497,-0.00099,0.01568,0.00618,5,0,NA,0.75999999,Picea engelmannii,Engelmann Spruce,46.73587,-114.5362,NA,25,0.997070014,29.95,0.76,0.00613,9.771615008,2.4,3.00E-05,7.19E-05,6.18E-06,4.885807504,11.72593801,1.50E-05,1.57E-05,142.2330071,548.559563,92.52631293,11.72593801,0.085976628,1.60E-08,4485.831848,592.8687155,142.2330071,37,255,2022
2,Spring Gulch,PICENG,Old,6/28/2022,6,27,11633,mature,6/29/2022,0.01846,0.00066,0.021020001,0.00976,5,0,NA,1.059999943,Picea engelmannii,Engelmann Spruce,46.73587,-114.5362,NA,25,0.997070014,22.51,1.06,0.00976,4.612704918,2.7,2.25E-05,6.08E-05,9.76E-06,2.306352459,6.227151639,1.85E-05,2.10E-05,89.13934723,486.8184885,77.26464794,6.227151639,0.160587061,1.79E-08,3400.846765,630.0662741,89.13934723,26,179,2022
2,Spring Gulch,PICENG,Old,7/13/2022,6,27,11943,mature,7/14/2022,0.01504,-4.00E-05,0.01553,0.00738,5,0,NA,1.139999986,Picea engelmannii,Engelmann Spruce,46.73587,-114.5362,NA,26,0.996810019,20.09,1.14,0.00738,5.444444444,2.7,2.01E-05,5.42E-05,7.38E-06,2.722222222,7.35,1.50E-05,1.55E-05,103.7940417,505.8035151,93.98772471,7.35,0.136054419,1.51E-08,3581.762356,538.1591231,103.7940417,28,194,2022
2,Spring Gulch,PICENG,Old,8/8/2022,6,27,11466,mature,8/9/2022,0.01432,-0.00014,0.01512,0.00656,5,0,NA,0.949999988,Picea engelmannii,Engelmann Spruce,46.73587,-114.5362,NA,25.5,0.996940017,19.71,0.95,0.00656,6.009146341,2.7,1.97E-05,5.32E-05,6.56E-06,3.004573171,8.112347561,1.43E-05,1.51E-05,118.2926799,534.4468639,90.65421008,8.112347561,0.123268883,1.45E-08,3665.162235,589.5444497,118.2926799,32,220,2022
2,Spring Gulch,PICENG,Old,9/12/2022,6,27,11214,mature,9/13/2022,0.0115,-0.00046,0.01213,0.00509,5,0,NA,0.75,Picea engelmannii,Engelmann Spruce,46.73587,-114.5362,NA,25,0.997070014,NA,NA,NA,NA,NA,NA,NA,5.09E-06,NA,NA,1.15E-05,1.21E-05,125.933198,533.8197628,91.05114046,NA,NA,1.20E-08,NA,586.2856413,NA,37,255,2022
2,Spring Gulch,PINCON,New,6/28/2022,6,1,11597,mature,6/29/2022,0.00498,0.00014,0.00498,0.00117,5,0,NA,1.149999976,Pinus contorta,Lodgepole Pine,46.73587,-114.5362,NA,26,0.996810019,10.73,1.15,0.00117,18.34188034,2.2,1.07E-05,2.36E-05,1.17E-06,9.170940171,20.17606838,4.98E-06,4.98E-06,325.6410629,783.8519317,100,20.17606838,0.049563668,4.86E-09,4856.589883,783.8519317,325.6410629,26,179,2022
2,Spring Gulch,PINCON,New,7/13/2022,6,1,11859,mature,7/14/2022,0.031199999,0.00035,0.034639999,0.00908,5,0,NA,1.570000052,Pinus contorta,Lodgepole Pine,46.73587,-114.5362,NA,26,0.996810019,53.77,1.57,0.00908,11.84361233,2.2,5.38E-05,0.000118294,9.08E-06,5.921806167,13.02797357,3.12E-05,3.46E-05,243.6123171,713.977215,86.54147009,13.02797357,0.07675791,3.10E-08,3818.228967,825.0116554,243.6123171,28,194,2022
2,Spring Gulch,PINCON,New,8/8/2022,6,1,11394,mature,8/9/2022,0.03717,4.00E-05,0.042939998,0.01416,5,0,NA,0.569999993,Pinus contorta,Lodgepole Pine,46.73587,-114.5362,NA,26,0.996810019,81.7,0.57,0.01416,11.53954802,2.2,8.17E-05,0.00017974,1.42E-05,5.769774011,12.69350282,3.72E-05,4.29E-05,162.5000066,617.0865541,79.95136153,12.69350282,0.078780459,3.73E-08,4820.301365,771.8274489,162.5000066,32,220,2022
2,Spring Gulch,PINCON,New,9/12/2022,6,1,11250,mature,9/13/2022,0.043740001,-0.00121,0.048519999,0.018780001,5,0,NA,0.639999986,Pinus contorta,Lodgepole Pine,46.73587,-114.5362,NA,24.5,0.997200012,90.34,0.64,0.01878,9.620873269,2.2,9.03E-05,0.000198748,1.88E-05,4.810436635,10.5829606,4.37E-05,4.85E-05,132.907345,553.1454867,83.92737562,10.5829606,0.094491519,4.51E-08,4404.509571,659.0763533,132.907345,37,255,2022
2,Spring Gulch,PINCON,Old,6/28/2022,6,1,11609,mature,6/29/2022,0.036010001,-0.00158,0.040350001,0.01788,5,0,NA,1.289999962,Pinus contorta,Lodgepole Pine,46.73587,-114.5362,NA,26,0.996810019,79.87,1.29,0.01788,8.934004474,2.4,7.99E-05,0.000191688,1.79E-05,4.467002237,10.72080537,3.60E-05,4.04E-05,101.3982131,480.263843,80.68535722,10.72080537,0.093276575,3.78E-08,5077.816442,595.2304849,101.3982131,26,179,2022
2,Spring Gulch,PINCON,Old,7/13/2022,6,1,11847,mature,7/14/2022,0.035440002,-0.00168,0.041689999,0.01661,5,0,NA,1.320000052,Pinus contorta,Lodgepole Pine,46.73587,-114.5362,NA,26,0.996810019,79.86,1.32,0.01661,9.61589404,2.4,7.99E-05,0.000191664,1.66E-05,4.80794702,11.53907285,3.54E-05,4.17E-05,113.3654487,505.1225676,75.07975285,11.53907285,0.086662077,3.73E-08,5141.466003,672.7813404,113.3654487,28,194,2022
2,Spring Gulch,PINCON,Old,8/8/2022,6,1,11406,mature,8/9/2022,0.050190002,-0.00192,0.059530001,0.023490001,5,0,NA,0.610000014,Pinus contorta,Lodgepole Pine,46.73587,-114.5362,NA,26,0.996810019,93.25,0.61,0.02349,7.939548744,2.4,9.33E-05,0.0002238,2.35E-05,3.969774372,9.527458493,5.02E-05,5.95E-05,113.6653922,NA,NA,9.527458493,0.104959788,5.23E-08,4276.548507,688.6810136,113.6653922,32,220,2022
2,Spring Gulch,PINCON,Old,9/12/2022,6,1,11238,mature,9/13/2022,0.048769999,-0.00209,0.058340002,0.022910001,5,0,NA,0.629999995,Pinus contorta,Lodgepole Pine,46.73587,-114.5362,NA,24.5,0.997200012,97.76,0.63,0.02291,8.534264513,2.4,9.78E-05,0.000234624,2.29E-05,4.267132257,10.24111742,4.88E-05,5.83E-05,112.8764631,NA,NA,10.24111742,0.097645598,5.11E-08,4595.370975,693.9358237,112.8764631,37,255,2022
2,St Mary's Peak,PINALB,New,7/21/2022,29,31,11775,mature,7/21/2022,0.017659999,-0.00151,0.020439999,0.00484,5,0,NA,1.149999976,Pinus albicaulus,Whitebark Pine,46.50029,-114.20339,6859,26,0.996810019,40.99,1.15,0.00484,16.93801653,2.5,4.10E-05,0.000102475,4.84E-06,8.469008264,21.17252066,1.77E-05,2.04E-05,264.8760162,665.9173215,82.17948778,21.17252066,0.047231033,1.93E-08,5322.923628,810.3206037,264.8760162,29,202,2022
2,St Mary's Peak,PINALB,New,8/4/2022,29,31,11561,mature,8/4/2022,0.02963,-0.00246,0.03277,0.01106,5,0,NA,1.24000001,Pinus albicaulus,Whitebark Pine,46.50029,-114.20339,6859,26,0.996810019,71.73,1.24,0.01106,12.97106691,2.5,7.17E-05,0.000179325,1.11E-05,6.485533454,16.21383363,2.96E-05,3.28E-05,167.9023391,576.23095,85.53661618,16.21383363,0.061675731,3.22E-08,5564.492117,673.6658238,167.9023391,31,216,2022
2,St Mary's Peak,PINALB,New,9/2/2022,29,31,11298,mature,9/2/2022,0.039969999,-0.00208,0.043650001,0.016869999,5,0,NA,1.110000014,Pinus albicaulus,Whitebark Pine,46.50029,-114.20339,6859,25,0.997070014,75.17,1.11,0.01687,8.911677534,2.5,7.52E-05,0.000187925,1.69E-05,4.455838767,11.13959692,4.00E-05,4.37E-05,136.9294642,547.159305,86.25839547,11.13959692,0.089769852,4.22E-08,4451.294932,634.3258555,136.9294642,35,245,2022
2,St Mary's Peak,PINALB,New,9/28/2022,29,31,11153,mature,9/28/2022,0.037009999,-0.00351,0.046149999,0.01595,5,0,NA,1.120000005,Pinus albicaulus,Whitebark Pine,46.50029,-114.20339,6859,24.5,0.997200012,85.32,1.12,0.01595,10.6984326,2.5,8.53E-05,0.0002133,1.59E-05,5.349216301,13.37304075,3.70E-05,4.61E-05,132.0376135,NA,NA,13.37304075,0.074777309,4.07E-08,5243.797608,742.4410805,132.0376135,39,271,2022
2,St Mary's Peak,PINALB,Old,7/21/2022,29,31,11787,mature,7/21/2022,0.033369999,-0.00095,0.039810002,0.01455,5,0,NA,0.870000005,Pinus albicaulus,Whitebark Pine,46.50029,-114.20339,6859,26,0.996810019,56.95,0.87,0.01455,7.828178694,2.5,5.70E-05,0.000142375,1.46E-05,3.914089347,9.785223368,3.34E-05,3.98E-05,129.347068,NA,NA,9.785223368,0.102194911,3.45E-08,4130.863772,732.8928867,129.347068,29,202,2022
2,St Mary's Peak,PINALB,Old,8/4/2022,29,31,11573,mature,8/4/2022,0.04177,-0.00168,0.044020001,0.01956,5,0,NA,1.100000024,Pinus albicaulus,Whitebark Pine,46.50029,-114.20339,6859,26,0.996810019,82.22,1.1,0.01956,8.406952965,2.5,8.22E-05,0.00020555,1.96E-05,4.203476483,10.50869121,4.18E-05,4.40E-05,113.5480581,508.994614,90.80130519,10.50869121,0.095159328,4.36E-08,4710.663778,560.5586978,113.5480581,31,216,2022
2,St Mary's Peak,PINALB,Old,9/2/2022,29,31,11310,mature,9/2/2022,0.03255,-0.0011,0.038959999,0.01493,5,0,NA,1.039999962,Pinus albicaulus,Whitebark Pine,46.50029,-114.20339,6859,25,0.997070014,50.26,1.04,0.01493,6.732752847,2.5,5.03E-05,0.00012565,1.49E-05,3.366376423,8.415941058,3.25E-05,3.90E-05,118.0174182,NA,NA,8.415941058,0.118822122,3.38E-08,3719.163183,711.2732807,118.0174182,35,245,2022
2,St Mary's Peak,PINALB,Old,9/28/2022,29,31,11141,mature,9/28/2022,0.033969998,-0.00115,0.039760001,0.01571,5,0,NA,1.019999981,Pinus albicaulus,Whitebark Pine,46.50029,-114.20339,6859,25,0.997070014,74.55,1.02,0.01571,9.49077021,2.5,7.46E-05,0.000186375,1.57E-05,4.745385105,11.86346276,3.40E-05,3.98E-05,116.2316898,517.8620107,75.92514599,11.86346276,0.084292421,3.53E-08,5285.681306,682.0691669,116.2316898,39,271,2022
2,TV1,ABILAS,New,7/18/2022,10,6,11907,mature,7/19/2022,0.0115,-0.00309,0.01263,0.00325,5,0,NA,0.600000024,Abies lasiocarpa,Subalpine Fir,47.018,-114.014,6817,26,0.996810019,28.16,0.6,0.00325,17.32923077,2.2,2.82E-05,6.20E-05,3.25E-06,8.664615385,19.06215385,1.15E-05,1.26E-05,253.8461472,563.0579058,87.95309391,19.06215385,0.05245997,1.47E-08,4228.189523,640.1797603,253.8461472,29,199,2022
2,TV1,ABILAS,New,8/1/2022,10,6,11442,mature,8/2/2022,0.01067,-0.00195,0.0115,0.00392,5,0,NA,0.620000005,Abies lasiocarpa,Subalpine Fir,47.018,-114.014,6817,27.5,0.996399999,26.11,0.62,0.00392,13.32142857,2.2,2.61E-05,5.74E-05,3.92E-06,6.660714286,14.65357143,1.07E-05,1.15E-05,172.1938681,532.3777854,89.05012838,14.65357143,0.06824275,1.27E-08,4530.495713,597.8405591,172.1938681,31,213,2022
2,TV1,ABILAS,New,8/16/2022,10,6,11502,mature,8/16/2022,0.0079,-0.00159,0.0086,0.00339,5,0,NA,0.699999988,Abies lasiocarpa,Subalpine Fir,47.018,-114.014,6817,25.29999924,0.996990025,19.25,0.7,0.00339,11.35693215,2.2,1.93E-05,4.24E-05,3.39E-06,5.678466077,12.49262537,7.90E-06,8.60E-06,133.038339,473.3073338,86.56428733,12.49262537,0.080047225,9.53E-09,4444.47165,546.7697458,133.038339,33,228,2022
2,TV1,ABILAS,New,9/6/2022,10,6,11286,mature,9/6/2022,0.01085,-0.00196,0.01166,0.00476,5,0,NA,0.649999976,Abies lasiocarpa,Subalpine Fir,47.018,-114.014,6817,25,0.997070014,26.93,0.65,0.00476,11.31512605,2.2,2.69E-05,5.92E-05,4.76E-06,5.657563025,12.44663866,1.09E-05,1.17E-05,127.9411842,473.517441,88.26086857,12.44663866,0.080342975,1.29E-08,4606.570289,536.4975993,127.9411842,36,249,2022
2,TV1,ABILAS,Old,7/18/2022,10,6,11919,mature,7/19/2022,0.01178,-0.00124,0.01252,0.00601,5,0,NA,0.600000024,Abies lasiocarpa,Subalpine Fir,47.018,-114.014,6817,25.5,0.996940017,23.82,0.6,0.00601,7.926788686,2.2,2.38E-05,5.24E-05,6.01E-06,3.963394343,8.719467554,1.18E-05,1.25E-05,96.00665624,441.3426933,88.63287215,8.719467554,0.114685904,1.31E-08,4008.340008,497.9447045,96.00665624,29,199,2022
2,TV1,ABILAS,Old,8/1/2022,10,6,11454,mature,8/2/2022,0.01213,-0.0014,0.01287,0.00544,5,0,NA,0.75,Abies lasiocarpa,Subalpine Fir,47.018,-114.014,6817,27.5,0.996399999,23.34,0.75,0.00544,8.580882353,2.2,2.33E-05,5.13E-05,5.44E-06,4.290441176,9.438970588,1.21E-05,1.29E-05,122.9779365,492.1571853,90.04037591,9.438970588,0.105943756,1.36E-08,3777.47208,546.5961024,122.9779365,31,213,2022
2,TV1,ABILAS,Old,8/16/2022,10,6,11514,mature,8/16/2022,0.01392,-0.00164,0.01522,0.00643,5,0,NA,0.75,Abies lasiocarpa,Subalpine Fir,47.018,-114.014,6817,25.29999924,0.996990025,30.9,0.75,0.00643,9.611197512,2.2,3.09E-05,6.80E-05,6.43E-06,4.805598756,10.57231726,1.39E-05,1.52E-05,116.4852205,479.407844,85.21046035,10.57231726,0.094586644,1.56E-08,4351.154379,562.6161882,116.4852205,33,228,2022
2,TV1,ABILAS,Old,9/6/2022,10,6,11274,mature,9/6/2022,0.00988,-0.00127,0.0107,0.00471,5,0,NA,0.689999998,Abies lasiocarpa,Subalpine Fir,47.018,-114.014,6817,25,0.997070014,21.76,0.69,0.00471,9.239915074,2.2,2.18E-05,4.79E-05,4.71E-06,4.619957537,10.16390658,9.88E-06,1.07E-05,109.7664496,461.831414,86.31050759,10.16390658,0.098387366,1.12E-08,4276.362547,535.0813324,109.7664496,36,249,2022
2,TV1,LAROCC,New,6/27/2022,10,5,11717,mature,6/27/2022,0.00845,-0.00174,0.00991,0.00257,5,0,NA,0.370000005,Larix occidentalis,Western Larch,47.018,-114.014,6817,25,0.997070014,29.45,0.37,0.00257,22.91828794,2,2.95E-05,5.89E-05,2.57E-06,11.45914397,22.91828794,8.45E-06,9.91E-06,228.7937579,574.7393536,80.10899139,22.91828794,0.043633277,1.02E-08,5757.168403,717.446748,228.7937579,26,178,2022
2,TV1,LAROCC,New,8/1/2022,10,5,11490,mature,8/1/2022,0.00564,-0.00146,0.00608,0.00188,5,0,NA,0.460000008,Larix occidentalis,Western Larch,47.018,-114.014,6817,27.5,0.996399999,16.8,0.46,0.00188,17.87234043,2,1.68E-05,3.36E-05,1.88E-06,8.936170213,17.87234043,5.64E-06,6.08E-06,200.0000062,527.1145626,89.52380786,17.87234043,0.055952381,7.13E-09,4710.385317,588.7981926,200.0000062,31,213,2022
2,TV1,LAROCC,New,8/16/2022,10,5,11526,mature,8/16/2022,0.01009,-0.00311,0.01096,0.00277,5,0,NA,0.689999998,Larix occidentalis,Western Larch,47.018,-114.014,6817,25.5,0.996940017,31.32,0.69,0.00277,22.61371841,2,3.13E-05,6.26E-05,2.77E-06,11.30685921,22.61371841,1.01E-05,1.10E-05,264.2599402,552.26595,89.37729343,22.61371841,0.044220944,1.33E-08,4725.947906,617.9040882,264.2599402,33,228,2022
2,TV1,LAROCC,New,9/6/2022,10,5,11322,mature,9/6/2022,0.00858,-0.00187,0.00978,0.00279,5,0,NA,0.439999998,Larix occidentalis,Western Larch,47.018,-114.014,6817,25,0.997070014,26.86,0.44,0.00279,19.25448029,2,2.69E-05,5.37E-05,2.79E-06,9.627240143,19.25448029,8.58E-06,9.78E-06,207.5268805,551.8614748,82.83262031,19.25448029,0.051935965,1.05E-08,5120.206909,666.2368916,207.5268805,36,249,2022
2,White Pine Creek,PINMON,New,6/21/2022,30,30,11657,mature,6/21/2022,0.00323,0,0.00372,0.0009,5,0,NA,0.479999989,Pinus monticola,Western White Pine,47.73889,-115.67531,3360,23.20000076,0.99752003,9.89,0.48,9.00E-04,21.97777778,2,9.89E-06,1.98E-05,9.00E-07,10.98888889,21.97777778,3.23E-06,3.72E-06,258.8888856,718.8154571,82.62411287,21.97777778,0.045500505,3.24E-09,6102.218957,869.9826626,258.8888856,25,172,2022
2,White Pine Creek,PINMON,New,7/25/2022,30,30,11763,mature,7/25/2022,0.01183,-0.00092,0.01337,0.00425,5,0,NA,0.660000026,Pinus monticola,Western White Pine,47.73889,-115.67531,3360,25.5,0.996940017,28.33,0.66,0.00425,13.33176471,2,2.83E-05,5.67E-05,4.25E-06,6.665882353,13.33176471,1.18E-05,1.34E-05,178.3529309,592.0659995,83.11403851,13.33176471,0.075008829,1.28E-08,4425.654306,712.3537854,178.3529309,30,206,2022
2,White Pine Creek,PINMON,New,8/15/2022,30,30,11418,mature,8/15/2022,0.019819999,-0.00295,0.021190001,0.00687,5,0,NA,0.709999979,Pinus monticola,Western White Pine,47.73889,-115.67531,3360,26,0.996810019,53.74,0.71,0.00687,15.64483261,2,5.37E-05,0.00010748,6.87E-06,7.822416303,15.64483261,1.98E-05,2.12E-05,188.5007083,566.3189902,90.43295019,15.64483261,0.06391887,2.29E-08,4700.229342,626.2308031,188.5007083,33,227,2022
2,White Pine Creek,PINMON,New,9/20/2022,30,30,11129,mature,9/21/2022,0.03334,-0.00447,0.038570002,0.01336,5,0,NA,0.689999998,Pinus monticola,Western White Pine,47.73889,-115.67531,3360,24.5,0.997200012,84.57,0.69,0.01336,12.66017964,2,8.46E-05,0.00016914,1.34E-05,6.33008982,12.66017964,3.33E-05,3.86E-05,149.5508913,526.3968603,79.25425707,12.66017964,0.078987822,3.80E-08,4456.194575,664.1874894,149.5508913,38,263,2022
2,White Pine Creek,PINMON,Old,6/21/2022,30,30,11645,mature,6/21/2022,0.018230001,-0.00078,0.022260001,0.00975,5,0,NA,0.660000026,Pinus monticola,Western White Pine,47.73889,-115.67531,3360,23.20000076,0.99752003,33.27,0.66,0.00975,6.824615385,2,3.33E-05,6.65E-05,9.75E-06,3.412307692,6.824615385,1.82E-05,2.23E-05,86.97436036,0,,6.824615385,0.146528407,1.91E-08,3487.905247,655.7513853,86.97436036,25,172,2022
2,White Pine Creek,PINMON,Old,7/25/2022,30,30,11751,mature,7/25/2022,0.01897,-0.00146,0.023080001,0.00814,5,0,NA,0.689999998,Pinus monticola,Western White Pine,47.73889,-115.67531,3360,25.5,0.996940017,51.83,0.69,0.00814,12.73464373,2,5.18E-05,0.00010366,8.14E-06,6.367321867,12.73464373,1.90E-05,2.31E-05,133.0466904,0,,12.73464373,0.078525946,2.05E-08,5053.054176,728.2716072,133.0466904,30,206,2022
2,White Pine Creek,PINMON,Old,8/15/2022,30,30,11430,mature,8/15/2022,0.0229,-0.00251,0.02826,0.00971,5,0,NA,0.699999988,Pinus monticola,Western White Pine,47.73889,-115.67531,3360,26,0.996810019,NA,NA,NA,NA,NA,NA,NA,9.71E-06,NA,NA,2.29E-05,2.83E-05,135.8393456,0,,NA,NA,2.55E-08,NA,726.9317802,NA,33,227,2022
2,White Pine Creek,PINMON,Old,9/20/2022,30,30,11117,mature,9/21/2022,0.024660001,-0.00209,0.02839,0.01096,5,0,NA,0.75999999,Pinus monticola,Western White Pine,47.73889,-115.67531,3360,24.5,0.997200012,72.5,0.76,0.01096,13.22992701,2,7.25E-05,0.000145,1.10E-05,6.614963504,13.22992701,2.47E-05,2.84E-05,125.0000127,510.17749,78.60012012,13.22992701,0.075586204,2.69E-08,5399.688391,649.0797841,125.0000127,38,263,2022
2,White Pine Creek,TSUHET,New,6/21/2022,30,29,11705,mature,6/22/2022,0.00162,-0.00028,0.00201,0.00034,5,0,NA,0.360000014,Tsuga heterophylla,Western Hemlock,47.73889,-115.67531,3360,23,0.997560024,8.08,0.36,0.00034,47.52941176,2,8.08E-06,1.62E-05,3.40E-07,23.76470588,47.52941176,1.62E-06,2.01E-06,376.4705887,671.3327135,76.64670916,47.52941176,0.021039604,1.91E-09,8475.57553,875.8793702,376.4705887,25,172,2022
2,White Pine Creek,TSUHET,New,7/25/2022,30,29,11799,mature,7/26/2022,0.01058,-0.00247,0.01138,0.00379,5,0,NA,0.49000001,Tsuga heterophylla,Western Hemlock,47.73889,-115.67531,3360,25,0.997070014,28.27,0.49,0.00379,14.9182058,2,2.83E-05,5.65E-05,3.79E-06,7.459102902,14.9182058,1.06E-05,1.14E-05,179.1556615,518.2353763,89.45980898,14.9182058,0.067032189,1.31E-08,4315.321079,579.2940788,179.1556615,30,206,2022
2,White Pine Creek,TSUHET,New,8/15/2022,30,29,11538,mature,8/15/2022,0.00824,-0.00246,0.00842,0.00304,5,0,NA,0.449999988,Tsuga heterophylla,Western Hemlock,47.73889,-115.67531,3360,26,0.996810019,22.03,0.45,0.00304,14.49342105,2,2.20E-05,4.41E-05,3.04E-06,7.246710526,14.49342105,8.24E-06,8.42E-06,171.0526342,483.9204504,96.65428409,14.49342105,0.068996825,1.07E-08,4100.295006,500.6714963,171.0526342,33,227,2022
2,White Pine Creek,TSUHET,New,9/20/2022,30,29,11105,mature,9/21/2022,0.00698,-0.00184,0.00711,0.00217,5,0,NA,0.340000004,Tsuga heterophylla,Western Hemlock,47.73889,-115.67531,3360,24.5,0.997200012,25.41,0.34,0.00217,23.41935484,2,2.54E-05,5.08E-05,2.17E-06,11.70967742,23.41935484,6.98E-06,7.11E-06,221.6589902,543.251564,97.36841994,23.41935484,0.042699724,8.85E-09,5739.718103,557.9340451,221.6589902,38,263,2022
2,White Pine Creek,TSUHET,Old,6/21/2022,30,29,11693,mature,6/22/2022,0.00874,-0.00109,0.00907,0.00466,5,0,NA,0.389999986,Tsuga heterophylla,Western Hemlock,47.73889,-115.67531,3360,23,0.997560024,22.75,0.39,0.00907,5.016538037,2.2,2.28E-05,5.01E-05,4.66E-06,2.508269019,5.518191841,8.74E-06,9.07E-06,87.55365347,413.6072131,92.51702304,5.518191841,0.093106895,9.86E-09,5073.784148,447.0606592,87.55365347,25,172,2022
2,White Pine Creek,TSUHET,Old,7/25/2022,30,29,11811,mature,7/26/2022,0.00582,-0.0008,0.00716,0.00254,5,0,NA,0.49000001,Tsuga heterophylla,Western Hemlock,47.73889,-115.67531,3360,25,0.997070014,15.61,0.49,0.00254,12.29133858,2.2,1.56E-05,3.43E-05,2.54E-06,6.145669291,13.52047244,5.82E-06,7.16E-06,129.1338599,NA,NA,13.52047244,0.073961913,6.65E-09,5166.963524,695.1072038,129.1338599,30,206,2022
2,White Pine Creek,TSUHET,Old,8/15/2022,30,29,11550,mature,8/15/2022,0.00686,-0.00099,0.00722,0.00265,5,0,NA,0.479999989,Tsuga heterophylla,Western Hemlock,47.73889,-115.67531,3360,26,0.996810019,18.17,0.48,0.00265,13.71320755,2.2,1.82E-05,4.00E-05,2.65E-06,6.856603774,15.0845283,6.86E-06,7.22E-06,158.8679352,534.0314818,92.12253963,15.0845283,0.066293089,7.88E-09,5070.635071,579.6968733,158.8679352,33,227,2022
2,White Pine Creek,TSUHET,Old,9/20/2022,30,29,11093,mature,9/21/2022,0.00651,-0.00052,0.00686,0.00256,5,0,NA,0.449999988,Tsuga heterophylla,Western Hemlock,47.73889,-115.67531,3360,24.5,0.997200012,17.35,0.45,0.00256,13.5546875,2.2,1.74E-05,3.82E-05,2.56E-06,6.77734375,14.91015625,6.51E-06,6.86E-06,154.2968896,559.7141426,91.86046839,14.91015625,0.067068377,7.06E-09,5408.680338,609.3090449,154.2968896,38,263,2022
3,Blue Mountain,PINPON,New,6/23/2022,20,4,11682,mature,6/23/2022,0.00581,0.00011,0.00664,0.00161,5,0,NA,0.860000014,Pinus ponderosa,Ponderosa Pine,46.82981,-114.11812,NA,23.5,0.997439981,15.02,0.86,0.00161,18.65838509,2.2,1.50E-05,3.30E-05,1.61E-06,9.329192547,20.5242236,5.81E-06,6.64E-06,260.8695574,734.1816858,83.49900916,20.5242236,0.048722916,5.72E-09,5776.261862,879.2699377,260.8695574,25,174,2022
3,Blue Mountain,PINPON,New,7/27/2022,20,4,11824,mature,7/27/2022,0.05531,0.00198,0.058800001,0.01974,5,0,NA,1.379999995,Pinus ponderosa,Ponderosa Pine,46.82981,-114.11812,NA,26.5,0.996680021,117.71,1.38,0.01974,11.9260385,2.2,0.00011771,0.000258962,1.97E-05,5.96301925,13.11864235,5.53E-05,5.88E-05,180.192496,664.0640548,91.06502577,13.11864235,0.076227402,5.36E-08,4834.617904,729.2196419,180.192496,30,208,2022
3,Blue Mountain,PINPON,New,8/25/2022,20,4,11347,mature,8/26/2022,0.071539998,-0.00087,0.081629999,0.028179999,5,0,NA,1.399999976,Pinus ponderosa,Ponderosa Pine,46.82981,-114.11812,NA,24,0.997319996,131.24,1.4,0.02818,9.314407381,2.2,0.00013124,0.000288728,2.82E-05,4.657203691,10.24584812,7.15E-05,8.16E-05,153.8679896,596.5784086,81.12254254,10.24584812,0.097600508,7.27E-08,3972.529895,735.4039826,153.8679896,34,237,2022
3,Blue Mountain,PINPON,New,9/20/2022,20,4,11190,mature,9/20/2022,0.040109999,-0.00044,0.046220001,0.01675,5,0,NA,0.75999999,Pinus ponderosa,Ponderosa Pine,46.82981,-114.11812,NA,24,0.997319996,68.98,0.76,0.01675,8.23641791,2.2,6.90E-05,0.000151756,1.68E-05,4.118208955,9.060059701,4.01E-05,4.62E-05,139.4626775,573.9298003,79.26704693,9.060059701,0.110374551,4.07E-08,3728.480064,724.0458962,139.4626775,38,263,2022
3,Blue Mountain,PINPON,Old,6/23/2022,20,4,11670,mature,6/23/2022,0.059549998,0.00077,0.070589997,0.030099999,5,0,NA,1.669999957,Pinus ponderosa,Ponderosa Pine,46.82981,-114.11812,NA,23.5,0.997439981,NA,NA,NA,NA,NA,NA,NA,3.01E-05,NA,NA,5.95E-05,7.06E-05,97.84053208,NA,NA,NA,NA,5.90E-08,NA,686.3526221,NA,25,174,2022
3,Blue Mountain,PINPON,Old,7/27/2022,20,4,11836,mature,7/27/2022,0.035160001,0.00097,0.040460002,0.01567,5,0,NA,1.440000057,Pinus ponderosa,Ponderosa Pine,46.82981,-114.11812,NA,26.5,0.996680021,74.5,1.44,0.01567,9.508615188,2.3,7.45E-05,0.00017135,1.57E-05,4.754307594,10.93490747,3.52E-05,4.05E-05,124.3778058,567.5582706,78.62041196,10.93490747,0.091450246,3.43E-08,4989.794822,721.8968414,124.3778058,30,208,2022
3,Blue Mountain,PINPON,Old,8/25/2022,20,4,11335,mature,8/26/2022,0.051419999,0.00025,0.058839999,0.02338,5,0,NA,1.5,Pinus ponderosa,Ponderosa Pine,46.82981,-114.11812,NA,24,0.997319996,91.15,1.5,0.02338,7.797262618,2.3,9.12E-05,0.000209645,2.34E-05,3.898631309,8.96685201,5.14E-05,5.88E-05,119.9315617,545.9330589,79.07501438,8.96685201,0.111521859,5.14E-08,4081.745327,690.3989372,119.9315617,34,237,2022
3,Blue Mountain,PINPON,Old,9/20/2022,20,4,11203,mature,9/20/2022,0.071570002,-0.00196,0.079599999,0.029920001,5,0,NA,0.879999995,Pinus ponderosa,Ponderosa Pine,46.82981,-114.11812,NA,24,0.997319996,128.71,0.88,0.03288,7.829075426,2.3,0.00012871,0.000296033,2.99E-05,3.914537713,9.00343674,7.16E-05,7.96E-05,139.2045459,564.3223462,83.83655873,9.00343674,0.101069815,7.38E-08,4010.997197,673.1220302,139.2045459,38,263,2022
3,Blue Mountain,PSEMEN,New,6/30/2022,20,2,10769,mature,6/30/2022,0.01094,-0.00133,0.01265,0.00294,5,0,NA,1.190000057,Pseudotsuga menzeseii,Douglas Fir,46.82981,-114.11812,NA,24.5,0.997200012,28.72,NA,0.00294,19.53741497,2.3,2.87E-05,6.61E-05,2.94E-06,9.768707483,22.46802721,1.09E-05,1.26E-05,272.1088532,649.4861929,82.38929418,22.46802721,0.044507691,1.23E-08,5362.80724,788.3138208,272.1088532,26,181,2022
3,Blue Mountain,PSEMEN,New,7/27/2022,20,2,10817,mature,7/27/2022,0.01544,-0.00142,0.01606,0.00593,5,0,NA,NA,Pseudotsuga menzeseii,Douglas Fir,46.82981,-114.11812,NA,27,0.99654001,32.66,NA,0.00593,11.01517707,2.3,3.27E-05,7.51E-05,5.93E-06,5.507588533,12.66745363,1.54E-05,1.61E-05,160.3709993,561.5126738,93.87956519,12.66745363,0.078942464,1.69E-08,4435.300523,598.1202327,160.3709993,30,208,2022
3,Blue Mountain,PSEMEN,New,8/25/2022,20,2,10962,mature,8/25/2022,0.01441,-0.00134,0.01503,0.00548,5,0,NA,NA,Pseudotsuga menzeseii,Douglas Fir,46.82981,-114.11812,NA,25,0.997070014,28.26,NA,0.00548,10.31386861,2.3,2.83E-05,6.50E-05,5.48E-06,5.156934307,11.86094891,1.44E-05,1.50E-05,162.9562185,564.7272209,93.5078531,11.86094891,0.084310284,1.58E-08,4110.429781,603.9356077,162.9562185,34,237,2022
3,Blue Mountain,PSEMEN,New,9/20/2022,20,2,11010,mature,9/20/2022,0.0166,-0.00222,0.01808,0.00624,5,0,NA,NA,Pseudotsuga menzeseii,Douglas Fir,46.82981,-114.11812,NA,24,0.997319996,35.74,NA,0.00624,11.45512821,2.3,3.57E-05,8.22E-05,6.24E-06,5.727564103,13.17339744,1.66E-05,1.81E-05,166.0256361,548.4246165,87.49999902,13.17339744,0.075910562,1.89E-08,4351.505939,626.7709973,166.0256361,38,263,2022
3,Blue Mountain,PSEMEN,Old,6/30/2022,20,2,10757,mature,6/30/2022,0.01189,-0.00036,0.01425,0.00604,5,0,NA,1.269999981,Pseudotsuga menzeseii,Douglas Fir,46.82981,-114.11812,NA,24.5,0.997200012,21.92,NA,0.00604,7.258278146,2.3,2.19E-05,5.04E-05,6.04E-06,3.629139073,8.347019868,1.19E-05,1.43E-05,96.85430376,NA,NA,8.347019868,0.119803235,1.23E-08,4099.744569,667.6234408,96.85430376,26,181,2022
3,Blue Mountain,PSEMEN,Old,7/27/2022,20,2,10805,mature,7/27/2022,0.01362,-0.0009,0.01422,0.0059,5,0,NA,NA,Pseudotsuga menzeseii,Douglas Fir,46.82981,-114.11812,NA,27,0.99654001,27.23,NA,0.0059,9.230508475,2.3,2.72E-05,6.26E-05,5.90E-06,4.615254237,10.61508475,1.36E-05,1.42E-05,130.8474546,529.2822035,92.78846261,10.61508475,0.094205563,1.46E-08,4293.836095,570.4181195,130.8474546,30,208,2022
3,Blue Mountain,PSEMEN,Old,8/25/2022,20,2,10950,mature,8/25/2022,0.01072,-0.00058,0.01312,0.00466,5,0,NA,NA,Pseudotsuga menzeseii,Douglas Fir,46.82981,-114.11812,NA,25,0.997070014,23.9,NA,0.00466,10.25751073,2.3,2.39E-05,5.50E-05,4.66E-06,5.128755365,11.79613734,1.07E-05,1.31E-05,130.0429068,534.148445,71.63119935,11.79613734,0.084773515,1.13E-08,4845.237965,745.6924494,130.0429068,34,237,2022
3,Blue Mountain,PSEMEN,Old,9/20/2022,20,2,10998,mature,9/20/2022,0.01018,-0.00123,0.01143,0.0045,5,0,NA,NA,Pseudotsuga menzeseii,Douglas Fir,46.82981,-114.11812,NA,24,0.997319996,23.39,NA,0.0045,10.39555556,2.3,2.34E-05,5.38E-05,4.50E-06,5.197777778,11.95488889,1.02E-05,1.14E-05,126.2222368,495.9518558,81.96248611,11.95488889,0.083647783,1.15E-08,4697.309871,605.0961597,126.2222368,38,263,2022
3,Jerry Johnson,ABIGRA,New,6/15/2022,27,10,11742,mature,6/16/2022,0.00875,-0.00156,0.01054,0.00209,5,0,NA,1.559999943,Abies grandis,Grand Fir,46.47389,-114.88439,3081,23.5,0.997439981,30.66,1.56,0.00209,29.33971292,2.1,3.07E-05,6.44E-05,2.09E-06,14.66985646,30.80669856,8.75E-06,1.05E-05,318.6602725,643.6424434,78.81656676,30.80669856,0.032460474,1.03E-08,6222.456853,816.6334438,318.6602725,24,166,2022
3,Jerry Johnson,ABIGRA,New,7/13/2022,27,10,11884,mature,7/13/2022,0.01532,-0.00239,0.01709,0.00481,5,0,NA,0.540000021,Abies grandis,Grand Fir,46.47389,-114.88439,3081,26.5,0.996680021,43.77,0.54,0.00481,18.1995842,2.1,4.38E-05,9.19E-05,4.81E-06,9.0997921,19.10956341,1.53E-05,1.71E-05,218.5031342,590.8562884,85.58631987,19.10956341,0.052329818,1.78E-08,5167.434386,690.3630035,218.5031342,28,194,2022
3,Jerry Johnson,ABIGRA,New,8/24/2022,27,10,11371,mature,8/25/2022,0.01556,-0.00249,0.02004,0.00671,5,0,NA,0.469999999,Abies grandis,Grand Fir,46.47389,-114.88439,3081,24.79999924,0.997120023,40.17,0.47,0.00671,11.97317437,2.1,4.02E-05,8.44E-05,6.71E-06,5.986587183,12.57183308,1.56E-05,2.00E-05,131.892705,NA,NA,12.57183308,0.079542894,1.81E-08,4655.148352,735.6014021,131.892705,34,236,2022
3,Jerry Johnson,ABIGRA,New,9/12/2022,27,10,11178,mature,9/13/2022,0.02561,-0.00518,0.03365,0.0094,5,0,NA,0.5,Abies grandis,Grand Fir,46.47389,-114.88439,3081,24.5,0.997200012,75.56,0.5,0.0094,16.07659574,2.1,7.56E-05,0.000158676,9.40E-06,8.038297872,16.88042553,2.56E-05,3.36E-05,172.4468113,NA,NA,16.88042553,0.059240212,3.09E-08,5133.647578,784.5606939,172.4468113,37,255,2022
3,Jerry Johnson,ABIGRA,Old,6/15/2022,27,10,11730,mature,6/16/2022,0.01926,-0.00205,0.021679999,0.00943,5,0,NA,2,Abies grandis,Grand Fir,46.47389,-114.88439,3081,23.5,0.997439981,37.5,2,0.00943,7.953340403,2.5,3.75E-05,9.38E-05,9.43E-06,3.976670201,9.941675504,1.93E-05,2.17E-05,104.2417943,459.6203091,80.24490667,9.941675504,0.100586663,2.14E-08,4383.458843,572.7719405,104.2417943,24,166,2022
3,Jerry Johnson,ABIGRA,Old,7/13/2022,27,10,11896,mature,7/13/2022,0.02679,-0.00365,0.027960001,0.01116,5,0,NA,0.720000029,Abies grandis,Grand Fir,46.47389,-114.88439,3081,26.5,0.996680021,46.91,0.72,0.01116,8.406810036,2.5,4.69E-05,0.000117275,1.12E-05,4.203405018,10.50851254,2.68E-05,2.80E-05,140.053763,511.2249328,93.03571406,10.50851254,0.095160948,3.06E-08,3835.822327,549.4932113,140.053763,28,194,2022
3,Jerry Johnson,ABIGRA,Old,8/24/2022,27,10,11383,mature,8/25/2022,0.01842,-0.00221,0.019719999,0.00825,5,0,NA,0.600000024,Abies grandis,Grand Fir,46.47389,-114.88439,3081,24.79999924,0.997120023,36.91,0.6,0.00825,8.947878788,2.5,3.69E-05,9.23E-05,8.25E-06,4.473939394,11.18484848,1.84E-05,1.97E-05,123.272724,491.0337354,88.66608779,11.18484848,0.089406664,2.07E-08,4455.274276,553.8010615,123.272724,34,236,2022
3,Jerry Johnson,ABIGRA,Old,9/12/2022,27,10,11166,mature,9/13/2022,0.029270001,-0.00447,0.0372,0.01223,5,0,NA,0.649999976,Abies grandis,Grand Fir,46.47389,-114.88439,3081,24.5,0.997200012,69.66,0.65,0.01223,11.39165985,2.5,6.97E-05,0.00017415,1.22E-05,5.695829926,14.23957482,2.93E-05,3.72E-05,139.3295148,NA,NA,14.23957482,0.070226819,3.39E-08,5141.654414,737.2214129,139.3295148,37,255,2022
3,Jerry Johnson,THUPLI,Old,6/15/2022,27,28,11586,mature,6/16/2022,0.071889997,-0.00938,0.077229999,0.041540001,5,0,NA,0.970000029,Thuja plicata,Western Red Cedar,46.47389,-114.88439,3081,24,0.997319996,125.54,0.97,0.04154,6.044294656,2.3,0.00012554,0.000288742,4.15E-05,3.022147328,6.950938854,7.19E-05,7.72E-05,73.06209801,372.0533378,85.03781812,6.950938854,0.14386546,8.16E-08,3539.619085,437.5151503,73.06209801,24,166,2022
3,Jerry Johnson,THUPLI,Old,7/13/2022,27,28,11872,mature,7/13/2022,0.0221,-0.00489,0.02437,0.0091,5,0,NA,0.839999974,Thuja plicata,Western Red Cedar,46.47389,-114.88439,3081,26.5,0.996680021,43.73,0.84,0.0091,9.610989011,2.3,4.37E-05,0.000100579,9.10E-06,4.805494505,11.05263736,2.21E-05,2.44E-05,142.8571297,479.5546958,85.13424921,11.05263736,0.090476147,2.71E-08,3710.241093,563.2923298,142.8571297,28,194,2022
3,Jerry Johnson,THUPLI,Old,8/24/2022,27,28,11359,mature,8/25/2022,0.01111,-0.00249,0.01336,0.00492,5,0,NA,0.660000026,Thuja plicata,Western Red Cedar,46.47389,-114.88439,3081,24.79999924,0.997120023,28.57,0.66,0.00492,11.61382114,2.3,2.86E-05,6.57E-05,4.92E-06,5.806910569,13.35589431,1.11E-05,1.34E-05,125.8130048,NA,NA,13.35589431,0.074873312,1.37E-08,4812.699745,618.1489534,125.8130048,34,236,2022
3,Jerry Johnson,THUPLI,Old,9/12/2022,27,28,11263,mature,9/13/2022,0.01183,-0.00298,0.01403,0.00504,5,0,NA,0.660000026,Thuja plicata,Western Red Cedar,46.47389,-114.88439,3081,25,0.997070014,33.13,0.66,0.00504,13.1468254,2.3,3.31E-05,7.62E-05,5.04E-06,6.573412698,15.11884921,1.18E-05,1.40E-05,134.7222173,456.6490017,75.52836499,15.11884921,0.066142603,1.49E-08,5124.624036,604.6059672,134.7222173,37,255,2022
3,Spring Gulch,PICENG,New,6/28/2022,6,27,11622,mature,6/29/2022,0.01327,-0.00082,0.01746,0.00242,5,0,NA,1.029999971,Picea engelmannii,Engelmann Spruce,46.73587,-114.5362,NA,25.5,0.996940017,20.95,1.03,0.00242,17.31404959,2.4,2.10E-05,5.03E-05,2.42E-06,8.657024793,20.7768595,1.33E-05,1.75E-05,448.3470997,NA,NA,20.7768595,0.04813047,1.41E-08,3553.819659,1063.035934,448.3470997,26,179,2022
3,Spring Gulch,PICENG,New,7/13/2022,6,27,11932,mature,7/14/2022,0.018279999,-0.00202,0.020020001,0.00562,5,0,NA,1.059999943,Picea engelmannii,Engelmann Spruce,46.73587,-114.5362,NA,26,0.996810019,28.47,1.06,0.00562,10.1316726,2.4,2.85E-05,6.83E-05,5.62E-06,5.065836299,12.15800712,1.83E-05,2.00E-05,225.2668977,621.0006718,87.91665931,12.15800712,0.082250321,2.04E-08,3351.63787,706.3515341,225.2668977,28,194,2022
3,Spring Gulch,PICENG,New,8/8/2022,6,27,11479,mature,8/9/2022,0.01329,-0.00022,0.01365,0.00514,5,0,NA,0.819999993,Picea engelmannii,Engelmann Spruce,46.73587,-114.5362,NA,26,0.996810019,24.58,0.82,0.00514,9.564202335,2.4,2.46E-05,5.90E-05,5.14E-06,4.782101167,11.4770428,1.33E-05,1.37E-05,158.560313,600.6986681,95.76968338,11.4770428,0.087130459,1.36E-08,4348.026415,627.2325927,158.560313,32,220,2022
3,Spring Gulch,PICENG,New,9/12/2022,6,27,11227,mature,9/13/2022,0.016070001,-0.00089,0.01698,0.00662,5,0,NA,0.899999976,Picea engelmannii,Engelmann Spruce,46.73587,-114.5362,NA,25,0.997070014,27.97,0.9,0.00662,8.450151057,2.4,2.80E-05,6.71E-05,6.62E-06,4.225075529,10.14018127,1.61E-05,1.70E-05,142.7492529,554.9754558,91.21622551,10.14018127,0.098617568,1.70E-08,3942.263449,608.4174747,142.7492529,37,255,2022
3,Spring Gulch,PICENG,Old,6/28/2022,6,27,11634,mature,6/29/2022,0.01423,0.00029,0.01505,0.00688,5,0,NA,1.090000033,Picea engelmannii,Engelmann Spruce,46.73587,-114.5362,NA,25,0.997070014,21.48,1.09,0.00688,6.244186047,2.7,2.15E-05,5.80E-05,6.88E-06,3.122093023,8.429651163,1.42E-05,1.50E-05,106.8314002,525.1608952,89.96328343,8.429651163,0.118628867,1.40E-08,4143.840941,583.7502536,106.8314002,26,179,2022
3,Spring Gulch,PICENG,Old,7/13/2022,6,27,11944,mature,7/14/2022,0.01214,0.0003,0.01268,0.00623,5,0,NA,0.899999976,Picea engelmannii,Engelmann Spruce,46.73587,-114.5362,NA,26,0.996810019,16.57,0.9,0.00623,5.319422151,2.7,1.66E-05,4.47E-05,6.23E-06,2.659711075,7.181219904,1.21E-05,1.27E-05,94.86356909,497.0386941,91.6279151,7.181219904,0.139252105,1.19E-08,3762.607955,542.453349,94.86356909,28,194,2022
3,Spring Gulch,PICENG,Old,8/8/2022,6,27,11467,mature,8/9/2022,0.01578,-0.00018,0.017619999,0.00705,5,0,NA,1.029999971,Picea engelmannii,Engelmann Spruce,46.73587,-114.5362,NA,25.5,0.996940017,25.9,1.03,0.00705,7.34751773,2.7,2.59E-05,6.99E-05,7.05E-06,3.673758865,9.919148936,1.58E-05,1.76E-05,123.8297833,544.7440062,82.59224896,9.919148936,0.100815103,1.60E-08,4363.568024,659.5582673,123.8297833,32,220,2022
3,Spring Gulch,PICENG,Old,9/12/2022,6,27,11215,mature,9/13/2022,0.01052,-0.00045,0.01118,0.00478,5,0,NA,0.709999979,Picea engelmannii,Engelmann Spruce,46.73587,-114.5362,NA,25,0.997070014,NA,NA,NA,NA,NA,NA,NA,4.78E-06,NA,NA,1.05E-05,1.12E-05,120.0836787,521.1623873,89.68749472,NA,NA,1.10E-08,NA,581.0870166,NA,37,255,2022
3,Spring Gulch,PINCON,New,6/28/2022,6,1,11598,mature,6/29/2022,0.00506,0.00022,0.00534,0.00073,5,0,NA,1.139999986,Pinus contorta,Lodgepole Pine,46.73587,-114.5362,NA,26,0.996810019,11.95,1.14,0.00073,32.73972603,2.2,1.20E-05,2.63E-05,7.30E-07,16.36986301,36.01369863,5.06E-06,5.34E-06,593.150641,890.8343157,93.9262416,36.01369863,0.027767213,4.86E-09,5408.784058,948.4402873,593.150641,26,179,2022
3,Spring Gulch,PINCON,New,7/13/2022,6,1,11860,mature,7/14/2022,0.02977,0.00048,0.03325,0.00857,5,0,NA,1.480000019,Pinus contorta,Lodgepole Pine,46.73587,-114.5362,NA,26,0.996810019,63.87,1.48,0.00857,14.90548425,2.2,6.39E-05,0.000140514,8.57E-06,7.452742124,16.39603267,2.98E-05,3.33E-05,247.3745776,720.7271863,85.89951249,16.39603267,0.060990361,2.94E-08,4776.993319,839.0352464,247.3745776,28,194,2022
3,Spring Gulch,PINCON,New,8/8/2022,6,1,11395,mature,8/9/2022,0.045880001,-0.00077,0.05195,0.017689999,5,0,NA,0.610000014,Pinus contorta,Lodgepole Pine,46.73587,-114.5362,NA,26,0.996810019,93.97,0.61,0.01769,10.6240814,2.2,9.40E-05,0.000206734,1.77E-05,5.312040701,11.68648954,4.59E-05,5.20E-05,159.3555858,601.7247208,82.28254815,11.68648954,0.085568891,4.68E-08,4412.804196,731.2908197,159.3555858,32,220,2022
3,Spring Gulch,PINCON,New,9/12/2022,6,1,11251,mature,9/13/2022,0.022609999,-0.00054,0.02568,0.0098,5,0,NA,0.560000002,Pinus contorta,Lodgepole Pine,46.73587,-114.5362,NA,24.5,0.997200012,54.37,0.56,0.0098,11.09591837,2.2,5.44E-05,0.000119614,9.80E-06,5.547959184,12.2055102,2.26E-05,2.57E-05,130.7142769,551.2170146,80.66750259,12.2055102,0.08193021,2.32E-08,5147.016054,683.3197966,130.7142769,37,255,2022
3,Spring Gulch,PINCON,Old,6/28/2022,6,1,11610,mature,6/29/2022,0.03139,-0.00111,0.037319999,0.01567,5,0,NA,1.25999999,Pinus contorta,Lodgepole Pine,46.73587,-114.5362,NA,26,0.996810019,84.03,1.26,0.01567,10.72495214,2.4,8.40E-05,0.000201672,1.57E-05,5.362476069,12.86994257,3.14E-05,3.73E-05,100.3190865,NA,NA,12.86994257,0.077700423,3.26E-08,6178.978022,663.328927,100.3190865,26,179,2022
3,Spring Gulch,PINCON,Old,7/13/2022,6,1,11848,mature,7/14/2022,0.045000002,-0.00198,0.053750001,0.020649999,5,0,NA,1.320000052,Pinus contorta,Lodgepole Pine,46.73587,-114.5362,NA,26,0.996810019,101.42,1.32,0.02065,9.822760291,2.4,0.00010142,0.000243408,2.06E-05,4.911380145,11.78731235,4.50E-05,5.38E-05,117.9176907,NA,NA,11.78731235,0.084836979,4.72E-08,5159.127096,701.5673876,117.9176907,28,194,2022
3,Spring Gulch,PINCON,Old,8/8/2022,6,1,11407,mature,8/9/2022,0.037459999,-0.00181,0.044300001,0.017729999,5,0,NA,0.569999993,Pinus contorta,Lodgepole Pine,46.73587,-114.5362,NA,26,0.996810019,78.22,0.57,0.01773,8.823463057,2.4,7.82E-05,0.000187728,1.77E-05,4.411731528,10.58815567,3.75E-05,4.43E-05,111.280318,NA,NA,10.58815567,0.094445152,3.94E-08,4760.171134,673.7287711,111.280318,32,220,2022
3,Spring Gulch,PINCON,Old,9/12/2022,6,1,11239,mature,9/13/2022,0.04208,-0.00094,0.046459999,0.01987,5,0,NA,0.579999983,Pinus contorta,Lodgepole Pine,46.73587,-114.5362,NA,24.5,0.997200012,93.74,0.58,0.01987,9.435329643,2.4,9.37E-05,0.000224976,1.99E-05,4.717664821,11.32239557,4.21E-05,4.65E-05,111.7765482,514.2835659,83.5276455,11.32239557,0.088320532,4.32E-08,5209.430846,615.7046123,111.7765482,37,255,2022
3,St Mary's Peak,PINALB,New,7/21/2022,29,31,11776,mature,7/21/2022,0.01258,-0.00094,0.01316,0.00435,5,0,NA,0.879999995,Pinus albicaulus,Whitebark Pine,46.50029,-114.20339,6859,26,0.996810019,30.27,0.88,0.00435,13.91724138,2.5,3.03E-05,7.57E-05,4.35E-06,6.95862069,17.39655172,1.26E-05,1.32E-05,189.1953951,606.1464208,93.41657448,17.39655172,0.057482657,1.36E-08,5573.52752,648.8638918,189.1953951,29,202,2022
3,St Mary's Peak,PINALB,New,8/4/2022,29,31,11562,mature,8/4/2022,0.02997,-0.00183,0.03365,0.0113,5,0,NA,1.029999971,Pinus albicaulus,Whitebark Pine,46.50029,-114.20339,6859,26,0.996810019,61.16,1.03,0.0113,10.82477876,2.5,6.12E-05,0.0001529,1.13E-05,5.412389381,13.53097345,3.00E-05,3.36E-05,165.2212266,584.6172063,83.53467472,13.53097345,0.073904515,3.19E-08,4787.786538,699.8497429,165.2212266,31,216,2022
3,St Mary's Peak,PINALB,New,9/2/2022,29,31,11299,mature,9/2/2022,0.038279999,-0.00281,0.04284,0.01609,5,0,NA,1.039999962,Pinus albicaulus,Whitebark Pine,46.50029,-114.20339,6859,25,0.997070014,79.01,1.04,0.01609,9.821006837,2.5,7.90E-05,0.000197525,1.61E-05,4.910503418,12.27625855,3.83E-05,4.28E-05,137.9117398,537.8844099,82.95326669,12.27625855,0.081458044,4.13E-08,4787.995622,648.4185992,137.9117398,35,245,2022
3,St Mary's Peak,PINALB,New,9/28/2022,29,31,11154,mature,9/28/2022,0.037390001,-0.00403,0.04081,0.01596,5,0,NA,1.149999976,Pinus albicaulus,Whitebark Pine,46.50029,-114.20339,6859,24.5,0.997200012,77.84,1.15,0.01596,9.754385965,2.5,7.78E-05,0.0001946,1.60E-05,4.877192982,12.19298246,3.74E-05,4.08E-05,134.2731833,515.3906927,86.23742827,12.19298246,0.082014391,4.16E-08,4680.122525,597.6415381,134.2731833,39,271,2022
3,St Mary's Peak,PINALB,Old,7/21/2022,29,31,11788,mature,7/21/2022,0.044220001,-0.00396,0.04789,0.02011,5,0,NA,1.049999952,Pinus albicaulus,Whitebark Pine,46.50029,-114.20339,6859,26,0.996810019,72.87,1.05,0.02011,7.247140726,2.5,7.29E-05,0.000182175,2.01E-05,3.623570363,9.058925908,4.42E-05,4.79E-05,119.890605,498.2930491,86.78905859,9.058925908,0.110388362,4.84E-08,3765.098882,574.1427055,119.890605,29,202,2022
3,St Mary's Peak,PINALB,Old,8/4/2022,29,31,11574,mature,8/4/2022,0.029920001,-0.00147,0.036180001,0.01373,5,0,NA,0.99000001,Pinus albicaulus,Whitebark Pine,46.50029,-114.20339,6859,26,0.996810019,48.77,0.99,0.01373,7.104151493,2.5,4.88E-05,0.000121925,1.37E-05,3.552075747,8.880189366,2.99E-05,3.62E-05,117.916978,NA,NA,8.880189366,0.112610209,3.15E-08,3867.727316,712.1630677,117.916978,31,216,2022
3,St Mary's Peak,PINALB,Old,9/2/2022,29,31,11311,mature,9/2/2022,0.03107,-0.00087,0.03308,0.01444,5,0,NA,1.200000048,Pinus albicaulus,Whitebark Pine,46.50029,-114.20339,6859,25,0.997070014,56.63,1.2,0.01444,7.843490305,2.5,5.66E-05,0.000141575,1.44E-05,3.921745152,9.804362881,3.11E-05,3.31E-05,115.1662011,518.5911913,89.21673375,9.804362881,0.101995409,3.21E-08,4414.885755,581.2712139,115.1662011,35,245,2022
3,St Mary's Peak,PINALB,Old,9/28/2022,29,31,11142,mature,9/28/2022,0.033429999,-0.00152,0.039719999,0.01534,5,0,NA,0.970000029,Pinus albicaulus,Whitebark Pine,46.50029,-114.20339,6859,25,0.997070014,77.18,0.97,0.01534,10.06258149,2.5,7.72E-05,0.00019295,1.53E-05,5.031290743,12.57822686,3.34E-05,3.97E-05,117.9269756,NA,NA,12.57822686,0.079502464,3.51E-08,5498.768307,694.7912039,117.9269756,39,271,2022
3,TV1,ABILAS,New,7/18/2022,10,6,11908,mature,7/19/2022,0.0095,-0.00279,0.01026,0.0028,5,0,NA,0.709999979,Abies lasiocarpa,Subalpine Fir,47.018,-114.014,6817,26,0.996810019,21.47,0.71,0.0028,15.33571429,2.2,2.15E-05,4.72E-05,2.80E-06,7.667857143,16.86928571,9.50E-06,1.03E-05,239.2857155,542.8468508,89.81232976,16.86928571,0.059279331,1.23E-08,3826.989393,604.4235265,239.2857155,29,199,2022
3,TV1,ABILAS,New,8/1/2022,10,6,11443,mature,8/2/2022,0.01054,-0.0017,0.0113,0.00384,5,0,NA,0.639999986,Abies lasiocarpa,Subalpine Fir,47.018,-114.014,6817,27.5,0.996399999,24.39,0.64,0.00384,12.703125,2.2,2.44E-05,5.37E-05,3.84E-06,6.3515625,13.9734375,1.05E-05,1.13E-05,174.4791778,544.8399081,89.8123304,13.9734375,0.07156435,1.23E-08,4363.43562,606.6426577,174.4791778,31,213,2022
3,TV1,ABILAS,New,8/16/2022,10,6,11503,mature,8/16/2022,0.00922,-0.00139,0.00982,0.00381,5,0,NA,0.680000007,Abies lasiocarpa,Subalpine Fir,47.018,-114.014,6817,25.29999924,0.996990025,22.78,0.68,0.00381,11.95800525,2.2,2.28E-05,5.01E-05,3.81E-06,5.979002625,13.15380577,9.22E-06,9.82E-06,141.9947659,507.8258729,90.016641,13.15380577,0.076023623,1.07E-08,4704.288232,564.1466592,141.9947659,33,228,2022
3,TV1,ABILAS,New,9/6/2022,10,6,11287,mature,9/6/2022,0.00828,-0.00114,0.00857,0.00357,5,0,NA,0.660000026,Abies lasiocarpa,Subalpine Fir,47.018,-114.014,6817,25,0.997070014,25.08,0.61,0.00357,14.05042017,2.2,2.51E-05,5.52E-05,3.57E-06,7.025210084,15.45546218,8.28E-06,8.57E-06,131.9327689,498.0097025,94.200002,15.45546218,0.064702043,9.46E-09,5834.009481,528.6727091,131.9327689,36,249,2022
3,TV1,ABILAS,Old,7/18/2022,10,6,11920,mature,7/19/2022,0.00803,-0.00092,0.00854,0.00411,5,0,NA,0.660000026,Abies lasiocarpa,Subalpine Fir,47.018,-114.014,6817,25.5,0.996940017,16.78,0.66,0.00411,8.165450122,2.2,1.68E-05,3.69E-05,4.11E-06,4.082725061,8.981995134,8.03E-06,8.54E-06,95.37712785,436.1884272,88.48759091,8.981995134,0.111333842,8.99E-09,4107.737701,492.9373969,95.37712785,29,199,2022
3,TV1,ABILAS,Old,8/1/2022,10,6,11455,mature,8/2/2022,0.01076,-0.00116,0.01139,0.00506,5,0,NA,0.639999986,Abies lasiocarpa,Subalpine Fir,47.018,-114.014,6817,27.5,0.996399999,23.84,0.64,0.00506,9.422924901,2.2,2.38E-05,5.24E-05,5.06E-06,4.711462451,10.36521739,1.08E-05,1.14E-05,112.6482259,475.964021,90.04739814,10.36521739,0.096476508,1.20E-08,4379.536939,528.5705427,112.6482259,31,213,2022
3,TV1,ABILAS,Old,8/16/2022,10,6,11515,mature,8/16/2022,0.01048,-0.00125,0.01116,0.00476,5,0,NA,0.779999971,Abies lasiocarpa,Subalpine Fir,47.018,-114.014,6817,25.29999924,0.996990025,25.51,0.78,0.00476,10.71848739,2.2,2.55E-05,5.61E-05,4.76E-06,5.359243697,11.79033613,1.05E-05,1.12E-05,120.1680646,485.6584313,89.37499236,11.79033613,0.084815223,1.18E-08,4765.056559,543.3940955,120.1680646,33,228,2022
3,TV1,ABILAS,Old,9/6/2022,10,6,11275,mature,9/6/2022,0.00991,-0.00101,0.01117,0.00461,5,0,NA,0.699999988,Abies lasiocarpa,Subalpine Fir,47.018,-114.014,6817,25,0.997070014,24.1,0.7,0.00461,10.45553145,2.2,2.41E-05,5.30E-05,4.61E-06,5.227765727,11.5010846,9.91E-06,1.12E-05,114.9674441,483.4159802,80.79267765,11.5010846,0.086948325,1.10E-08,4835.98458,598.3413278,114.9674441,36,249,2022
3,TV1,LAROCC,New,8/1/2022,10,5,11491,mature,8/1/2022,0.00554,-0.00119,0.00619,0.00197,5,0,NA,0.589999974,Larix occidentalis,Western Larch,47.018,-114.014,6817,27.5,0.996399999,21.61,0.59,0.00197,21.93908629,2,2.16E-05,4.32E-05,1.97E-06,10.96954315,21.93908629,5.54E-06,6.19E-06,181.2182502,527.993585,84.59714947,21.93908629,0.045580752,6.76E-09,6392.124537,624.1269219,181.2182502,31,213,2022
3,TV1,LAROCC,New,8/16/2022,10,5,11527,mature,8/16/2022,0.01082,-0.00199,0.01278,0.0031,5,0,NA,0.569999993,Larix occidentalis,Western Larch,47.018,-114.014,6817,25.5,0.996940017,35.97,0.57,0.0031,23.20645161,2,3.60E-05,7.19E-05,3.10E-06,11.60322581,23.20645161,1.08E-05,1.28E-05,249.032262,600.1769118,79.75206664,23.20645161,0.043091466,1.29E-08,5592.840041,752.5534285,249.032262,33,228,2022
3,TV1,LAROCC,New,9/6/2022,10,5,11323,mature,9/6/2022,0.01049,-0.00185,0.01162,0.00333,5,0,NA,0.449999988,Larix occidentalis,Western Larch,47.018,-114.014,6817,25,0.997070014,33.78,0.45,0.00333,20.28828829,2,3.38E-05,6.76E-05,3.33E-06,10.14414414,20.28828829,1.05E-05,1.16E-05,215.0150246,577.9172734,86.3691224,20.28828829,0.04928952,1.24E-08,5453.085128,669.1248647,215.0150246,36,249,2022
3,White Pine Creek,PINMON,New,6/21/2022,30,30,11658,mature,6/21/2022,0.00416,0,0.00437,0.00087,5,0,NA,0.839999974,Pinus monticola,Western White Pine,47.73889,-115.67531,3360,23.20000076,0.99752003,10.08,0.84,0.00087,23.17241379,2,1.01E-05,2.02E-05,8.70E-07,11.5862069,23.17241379,4.16E-06,4.37E-06,378.1609269,788.0732375,93.99999461,23.17241379,0.043154761,4.17E-09,4829.044487,838.3758327,378.1609269,25,172,2022
3,White Pine Creek,PINMON,New,7/25/2022,30,30,11764,mature,7/25/2022,0.01239,-0.00072,0.01384,0.00444,5,0,NA,0.560000002,Pinus monticola,Western White Pine,47.73889,-115.67531,3360,25.5,0.996940017,28.87,0.56,0.00444,13.0045045,2,2.89E-05,5.77E-05,4.44E-06,6.502252252,13.0045045,1.24E-05,1.38E-05,179.0540615,603.9146328,84.57446511,13.0045045,0.076896429,1.32E-08,4386.167409,714.0626098,179.0540615,30,206,2022
3,White Pine Creek,PINMON,New,8/15/2022,30,30,11419,mature,8/15/2022,0.02337,-0.00286,0.02533,0.00865,5,0,NA,0.670000017,Pinus monticola,Western White Pine,47.73889,-115.67531,3360,26,0.996810019,63.95,0.67,0.00865,14.78612717,2,6.40E-05,0.0001279,8.65E-06,7.393063584,14.78612717,2.34E-05,2.53E-05,170.1733993,558.8096758,88.24939993,14.78612717,0.067630963,2.63E-08,4855.418511,633.2164029,170.1733993,33,227,2022
3,White Pine Creek,PINMON,New,9/20/2022,30,30,11130,mature,9/21/2022,0.035969999,-0.0046,0.041700002,0.01426,5,0,NA,0.75999999,Pinus monticola,Western White Pine,47.73889,-115.67531,3360,24.5,0.997200012,81.47,0.76,0.01426,11.42636746,2,8.15E-05,0.00016294,1.43E-05,5.713183731,11.42636746,3.60E-05,4.17E-05,152.2440368,533.0639375,79.1180661,11.42636746,0.087516875,4.07E-08,4000.803395,673.7575421,152.2440368,38,263,2022
3,White Pine Creek,PINMON,Old,6/21/2022,30,30,11646,mature,6/21/2022,0.01891,-0.00032,0.023050001,0.00987,5,0,NA,0.75,Pinus monticola,Western White Pine,47.73889,-115.67531,3360,23.20000076,0.99752003,37.63,0.75,0.00987,7.625126646,2,3.76E-05,7.53E-05,9.87E-06,3.812563323,7.625126646,1.89E-05,2.31E-05,91.59067628,NA,NA,7.625126646,0.131145365,1.93E-08,3899.859293,682.9676886,91.59067628,25,172,2022
3,White Pine Creek,PINMON,Old,7/25/2022,30,30,11752,mature,7/25/2022,0.01808,-0.00146,0.023080001,0.00814,5,0,NA,0.660000026,Pinus monticola,Western White Pine,47.73889,-115.67531,3360,25.5,0.996940017,51.92,0.66,0.00787,13.19440915,2,5.19E-05,0.00010384,8.14E-06,6.597204574,13.19440915,1.81E-05,2.31E-05,122.1130314,NA,NA,13.19440915,0.078389826,1.96E-08,5292.382594,761.4426196,122.1130314,30,206,2022
3,White Pine Creek,PINMON,Old,8/15/2022,30,30,11431,mature,8/15/2022,0.020339999,-0.00227,0.025760001,0.00852,5,0,NA,0.730000019,Pinus monticola,Western White Pine,47.73889,-115.67531,3360,26,0.996810019,NA,NA,NA,NA,NA,NA,NA,8.52E-06,NA,NA,2.03E-05,2.58E-05,138.7323956,NA,NA,NA,NA,2.27E-08,NA,759.2610836,NA,33,227,2022
3,White Pine Creek,PINMON,Old,9/20/2022,30,30,11118,mature,9/21/2022,0.024350001,-0.00203,0.03012,0.01101,5,0,NA,0.75999999,Pinus monticola,Western White Pine,47.73889,-115.67531,3360,24.5,0.997200012,57.61,0.76,0.01101,10.46503179,2,5.76E-05,0.00011522,1.10E-05,5.232515895,10.46503179,2.44E-05,3.01E-05,121.1625934,NA,NA,10.46503179,0.095556323,2.65E-08,4350.884575,721.623045,121.1625934,38,263,2022
3,White Pine Creek,TSUHET,New,6/21/2022,30,29,11706,mature,6/22/2022,0.00363,-0.00062,0.00526,0.00065,5,0,NA,0.439999998,Tsuga heterophylla,Western Hemlock,47.73889,-115.67531,3360,23,0.997560024,17.08,0.44,0.00065,52.55384615,2,1.71E-05,3.42E-05,6.50E-07,26.27692308,52.55384615,3.63E-06,5.26E-06,458.4615268,NA,NA,52.55384615,0.019028103,4.26E-09,8009.59177,1080.919733,458.4615268,25,172,2022
3,White Pine Creek,TSUHET,New,7/25/2022,30,29,11800,mature,7/26/2022,0.00519,-0.00209,0.00541,0.00186,5,0,NA,0.469999999,Tsuga heterophylla,Western Hemlock,47.73889,-115.67531,3360,25,0.997070014,14.07,0.47,0.00186,15.12903226,2,1.41E-05,2.81E-05,1.86E-06,7.564516129,15.12903226,5.19E-06,5.41E-06,179.0322607,455.5967896,93.80280951,15.12903226,0.06609808,7.31E-09,3849.998122,485.6963155,179.0322607,30,206,2022
3,White Pine Creek,TSUHET,New,8/15/2022,30,29,11539,mature,8/15/2022,0.00721,-0.0023,0.00854,0.00274,5,0,NA,0.479999989,Tsuga heterophylla,Western Hemlock,47.73889,-115.67531,3360,26,0.996810019,18.76,0.48,0.00284,13.21126761,2,1.88E-05,3.75E-05,2.74E-06,6.605633803,13.21126761,7.21E-06,8.54E-06,163.1386931,468.0383263,77.06896725,13.21126761,0.073027716,9.55E-09,3928.590119,607.2980384,163.1386931,33,227,2022
3,White Pine Creek,TSUHET,New,9/20/2022,30,29,11106,mature,9/21/2022,0.00975,-0.00156,0.01029,0.00373,5,0,NA,0.430000007,Tsuga heterophylla,Western Hemlock,47.73889,-115.67531,3360,24.5,0.997200012,28.93,0.43,0.00373,15.51206434,2,2.89E-05,5.79E-05,3.73E-06,7.756032172,15.51206434,9.75E-06,1.03E-05,161.3941075,530.2227844,91.76830056,15.51206434,0.064465952,1.14E-08,5096.127784,577.784247,161.3941075,38,263,2022
3,White Pine Creek,TSUHET,Old,6/21/2022,30,29,11694,mature,6/22/2022,0.00521,-0.00069,0.00578,0.00275,5,0,NA,0.589999974,Tsuga heterophylla,Western Hemlock,47.73889,-115.67531,3360,23,0.997560024,12.18,0.59,0.00578,4.214532872,2.2,1.22E-05,2.68E-05,2.75E-06,2.107266436,4.635986159,5.21E-06,5.78E-06,89.45454976,415.4938021,81.18812794,4.635986159,0.102627257,5.92E-09,4525.842051,511.7666987,89.45454976,25,172,2022
3,White Pine Creek,TSUHET,Old,8/15/2022,30,29,11551,mature,8/15/2022,0.0097,-0.00121,0.01006,0.00397,5,0,NA,0.449999988,Tsuga heterophylla,Western Hemlock,47.73889,-115.67531,3360,26,0.996810019,26.93,0.45,0.00397,13.56675063,2.2,2.69E-05,5.92E-05,3.97E-06,6.783375315,14.92342569,9.70E-06,1.01E-05,144.3325033,522.9790494,94.08867108,14.92342569,0.067008743,1.10E-08,5407.40227,555.8363652,144.3325033,33,227,2022
3,White Pine Creek,TSUHET,Old,9/20/2022,30,29,11094,mature,9/21/2022,0.00782,-0.00055,0.00843,0.00334,5,0,NA,0.430000007,Tsuga heterophylla,Western Hemlock,47.73889,-115.67531,3360,24.5,0.997200012,21.64,0.43,0.00334,12.95808383,2.2,2.16E-05,4.76E-05,3.34E-06,6.479041916,14.25389222,7.82E-06,8.43E-06,134.131731,533.1839172,88.01570898,14.25389222,0.070156277,8.40E-09,5666.031378,605.7826761,134.131731,38,263,2022
4,Blue Mountain,PINPON,New,6/23/2022,20,4,11683,mature,6/23/2022,0.030479999,0.00087,0.037239999,0.00795,5,0,NA,1.450000048,Pinus ponderosa,Ponderosa Pine,46.82981,-114.11812,NA,23.5,0.997439981,37.24,1.45,0.00795,9.368553459,2.2,3.72E-05,8.19E-05,7.95E-06,4.68427673,10.30540881,3.05E-05,3.72E-05,283.3961947,758.1443232,76.9204515,10.30540881,0.097036428,2.97E-08,2756.913069,985.6212599,283.3961947,25,174,2022
4,Blue Mountain,PINPON,New,7/27/2022,20,4,11825,mature,7/27/2022,0.04769,0.00155,0.05198,0.017379999,5,0,NA,1.409999967,Pinus ponderosa,Ponderosa Pine,46.82981,-114.11812,NA,26.5,0.996680021,108.37,1.41,0.01738,12.47065593,2.2,0.00010837,0.000238414,1.74E-05,6.235327963,13.71772152,4.77E-05,5.20E-05,174.3958728,654.0426326,87.60115751,13.71772152,0.0728984,4.63E-08,5144.602901,746.6141444,174.3958728,30,208,2022
4,Blue Mountain,PINPON,New,8/25/2022,20,4,11348,mature,8/26/2022,0.066339999,-0.00053,0.075970002,0.02682,5,0,NA,1.330000043,Pinus ponderosa,Ponderosa Pine,46.82981,-114.11812,NA,24,0.997319996,137.36,1.33,0.02682,10.24310216,2.2,0.00013736,0.000302192,2.68E-05,5.121551081,11.26741238,6.63E-05,7.60E-05,147.3527173,588.7926969,80.40691387,11.26741238,0.088751523,6.71E-08,4502.238015,732.2662549,147.3527173,34,237,2022
4,Blue Mountain,PINPON,New,9/20/2022,20,4,11191,mature,9/20/2022,0.041930001,-0.00036,0.048099998,0.018200001,5,0,NA,0.829999983,Pinus ponderosa,Ponderosa Pine,46.82981,-114.11812,NA,24,0.997319996,75.18,0.83,0.0182,8.261538462,2.2,7.52E-05,0.000165396,1.82E-05,4.130769231,9.087692308,4.19E-05,4.81E-05,130.3846127,559.0322423,79.36455638,9.087692308,0.110038941,4.24E-08,3896.405177,704.3852669,130.3846127,38,263,2022
4,Blue Mountain,PINPON,Old,7/27/2022,20,4,11837,mature,7/27/2022,0.03692,0.00049,0.04239,0.01643,5,0,NA,1.470000029,Pinus ponderosa,Ponderosa Pine,46.82981,-114.11812,NA,26.5,0.996680021,62.8,1.47,0.01643,7.644552648,2.3,6.28E-05,0.00014444,1.64E-05,3.822276324,8.791235545,3.69E-05,4.24E-05,124.710896,559.9902774,78.92912111,8.791235545,0.113749653,3.66E-08,3947.535167,709.4850031,124.710896,30,208,2022
4,Blue Mountain,PINPON,Old,8/25/2022,20,4,11336,mature,8/26/2022,0.052919999,0.00079,0.059900001,0.02392,5,0,NA,1.549999952,Pinus ponderosa,Ponderosa Pine,46.82981,-114.11812,NA,24,0.997319996,92.13,1.55,0.02392,7.703177258,2.3,9.21E-05,0.000211899,2.39E-05,3.851588629,8.858653846,5.29E-05,5.99E-05,121.2374567,554.2262331,80.60032875,8.858653846,0.112883966,5.23E-08,4049.654757,687.6227947,121.2374567,34,237,2022
4,Blue Mountain,PINPON,Old,9/20/2022,20,4,11204,mature,9/20/2022,0.06027,0.00023,0.07006,0.02991,5,0,NA,0.850000024,Pinus ponderosa,Ponderosa Pine,46.82981,-114.11812,NA,24,0.997319996,94.03,0.85,0.02991,6.287529254,2.3,9.40E-05,0.000216269,2.99E-05,3.143764627,7.230658643,6.03E-05,7.01E-05,101.5045141,503.7764854,75.61643928,7.230658643,0.138299988,6.03E-08,3588.644136,666.226141,101.5045141,38,263,2022
4,Blue Mountain,PSEMEN,New,6/30/2022,20,2,10770,mature,6/30/2022,0.015659999,-0.00251,0.017790001,0.00414,5,0,NA,1.309999943,Pseudotsuga menzeseii,Douglas Fir,46.82981,-114.11812,NA,24.5,0.997200012,30.01,NA,0.00414,14.49758454,2.3,3.00E-05,6.90E-05,4.14E-06,7.248792271,16.67222222,1.57E-05,1.78E-05,278.2608608,631.5707918,84.3955925,16.67222222,0.059980005,1.82E-08,3784.107086,748.3457051,278.2608608,26,181,2022
4,Blue Mountain,PSEMEN,New,7/27/2022,20,2,10818,mature,7/27/2022,0.01691,-0.00134,0.01757,0.0063,5,0,NA,NA,Pseudotsuga menzeseii,Douglas Fir,46.82981,-114.11812,NA,27,0.99654001,33.34,NA,0.0063,10.58412698,2.3,3.33E-05,7.67E-05,6.30E-06,5.292063492,12.17174603,1.69E-05,1.76E-05,168.4126945,578.7474931,94.14374125,12.17174603,0.082157482,1.83E-08,4182.800777,614.7487718,168.4126945,30,208,2022
4,Blue Mountain,PSEMEN,New,8/25/2022,20,2,10963,mature,8/25/2022,0.01739,-0.00134,0.018920001,0.00651,5,0,NA,NA,Pseudotsuga menzeseii,Douglas Fir,46.82981,-114.11812,NA,25,0.997070014,33.75,NA,0.00651,10.36866359,2.3,3.38E-05,7.76E-05,6.51E-06,5.184331797,11.92396313,1.74E-05,1.89E-05,167.127483,578.5739964,87.67122573,11.92396313,0.083864737,1.88E-08,4127.923581,659.9360184,167.127483,34,237,2022
4,Blue Mountain,PSEMEN,New,9/20/2022,20,2,11011,mature,9/20/2022,0.016550001,-0.00184,0.018239999,0.00626,5,0,NA,NA,Pseudotsuga menzeseii,Douglas Fir,46.82981,-114.11812,NA,24,0.997319996,35.53,NA,0.00626,11.3514377,2.3,3.55E-05,8.17E-05,6.26E-06,5.67571885,13.05415335,1.66E-05,1.82E-05,164.3770017,557.4558263,85.89316719,13.05415335,0.076603974,1.85E-08,4427.08747,649.0106775,164.3770017,38,263,2022
4,Blue Mountain,PSEMEN,Old,6/30/2022,20,2,10758,mature,6/30/2022,0.01098,-0.00026,0.01305,0.00574,5,0,NA,1.210000038,Pseudotsuga menzeseii,Douglas Fir,46.82981,-114.11812,NA,24.5,0.997200012,30.17,NA,0.00574,10.51219512,2.3,3.02E-05,6.94E-05,5.74E-06,5.256097561,12.08902439,1.10E-05,1.31E-05,91.28919708,NA,NA,12.08902439,0.08271966,1.13E-08,6149.804868,647.8516683,91.28919708,26,181,2022
4,Blue Mountain,PSEMEN,Old,7/27/2022,20,2,10806,mature,7/27/2022,0.01122,-0.00045,0.0132,0.00479,5,0,NA,NA,Pseudotsuga menzeseii,Douglas Fir,46.82981,-114.11812,NA,27,0.99654001,21.2,NA,0.00479,8.85177453,2.3,2.12E-05,4.88E-05,4.79E-06,4.425887265,10.17954071,1.12E-05,1.32E-05,134.2379832,548.500099,76.45659657,10.17954071,0.098236262,1.17E-08,4159.388257,717.4006216,134.2379832,30,208,2022
4,Blue Mountain,PSEMEN,Old,8/25/2022,20,2,10951,mature,8/25/2022,0.01103,-0.00108,0.01362,0.00479,5,0,NA,NA,Pseudotsuga menzeseii,Douglas Fir,46.82981,-114.11812,NA,25,0.997070014,23.62,NA,0.00479,9.862212944,2.3,2.36E-05,5.43E-05,4.79E-06,4.931106472,11.34154489,1.10E-05,1.36E-05,130.2713853,NA,NA,11.34154489,0.088171412,1.22E-08,4468.187645,726.2470588,130.2713853,34,237,2022
4,Blue Mountain,PSEMEN,Old,9/20/2022,20,2,10999,mature,9/20/2022,0.0088,-0.00115,0.0097,0.00371,5,0,NA,NA,Pseudotsuga menzeseii,Douglas Fir,46.82981,-114.11812,NA,24,0.997319996,20.12,NA,0.00371,10.84636119,2.3,2.01E-05,4.63E-05,3.71E-06,5.423180593,12.47331536,8.80E-06,9.70E-06,137.1967593,509.6493789,84.97495322,12.47331536,0.080171149,9.99E-09,4633.503976,599.7642359,137.1967593,38,263,2022
4,Jerry Johnson,ABIGRA,New,6/15/2022,27,10,11743,mature,6/16/2022,0.00901,-0.00164,0.00943,0.00233,5,0,NA,1.549999952,Abies grandis,Grand Fir,46.47389,-114.88439,3081,23.5,0.997439981,31.29,1.55,0.00233,26.8583691,2.1,3.13E-05,6.57E-05,2.33E-06,13.42918455,28.20128755,9.01E-06,9.43E-06,286.6952779,624.9653937,94.08451412,28.20128755,0.035459375,1.07E-08,6147.582394,664.2595751,286.6952779,24,166,2022
4,Jerry Johnson,ABIGRA,New,7/13/2022,27,10,11885,mature,7/13/2022,0.022260001,-0.00389,0.02318,0.00654,5,0,NA,0.620000005,Abies grandis,Grand Fir,46.47389,-114.88439,3081,26.5,0.996680021,51.45,0.62,0.00654,15.73394495,2.1,5.15E-05,0.000108045,6.54E-06,7.866972477,16.5206422,2.23E-05,2.32E-05,240.3669881,598.5198468,94.47115669,16.5206422,0.060530334,2.63E-08,4113.681483,633.5477068,240.3669881,28,194,2022
4,Jerry Johnson,ABIGRA,New,8/24/2022,27,10,11372,mature,8/25/2022,0.01279,-0.00323,0.018279999,0.00515,5,0,NA,0.379999995,Abies grandis,Grand Fir,46.47389,-114.88439,3081,24.79999924,0.997120023,39.24,0.38,0.00515,15.23883495,2.1,3.92E-05,8.24E-05,5.15E-06,7.619417476,16.0007767,1.28E-05,1.83E-05,148.3495111,475.0293662,58.18735963,16.0007767,0.062496967,1.61E-08,5123.602102,816.3789682,148.3495111,34,236,2022
4,Jerry Johnson,ABIGRA,New,9/12/2022,27,10,11179,mature,9/13/2022,0.03483,-0.00537,0.044410001,0.01367,5,0,NA,0.649999976,Abies grandis,Grand Fir,46.47389,-114.88439,3081,24.5,0.997200012,85.01,0.65,0.01367,12.43745428,2.1,8.50E-05,0.000178521,1.37E-05,6.21872714,13.05932699,3.48E-05,4.44E-05,154.7915115,NA,NA,13.05932699,0.076573626,4.04E-08,4423.721206,761.7322072,154.7915115,37,255,2022
4,Jerry Johnson,ABIGRA,Old,6/15/2022,27,10,11731,mature,6/16/2022,0.02275,-0.00173,0.02365,0.01149,5,0,NA,1.909999967,Abies grandis,Grand Fir,46.47389,-114.88439,3081,23.5,0.997439981,43.44,1.91,0.01149,7.561357702,2.5,4.34E-05,0.0001086,1.15E-05,3.780678851,9.451697128,2.27E-05,2.36E-05,97.99824824,458.3065529,92.59868114,9.451697128,0.105801109,2.46E-08,4420.25715,494.9385318,97.99824824,24,166,2022
4,Jerry Johnson,ABIGRA,Old,7/13/2022,27,10,11897,mature,7/13/2022,0.02524,-0.00285,0.03159,0.01176,5,0,NA,0.699999988,Abies grandis,Grand Fir,46.47389,-114.88439,3081,26.5,0.996680021,42.42,0.7,0.01176,7.214285714,2.5,4.24E-05,0.00010605,1.18E-05,3.607142857,9.017857143,2.52E-05,3.16E-05,114.6258507,NA,NA,9.017857143,0.11089109,2.82E-08,3758.864108,702.8597262,114.6258507,28,194,2022
4,Jerry Johnson,ABIGRA,Old,8/24/2022,27,10,11384,mature,8/25/2022,0.023150001,-0.00324,0.030230001,0.0103,5,0,NA,0.529999971,Abies grandis,Grand Fir,46.47389,-114.88439,3081,24.79999924,0.997120023,51.06,53,0.0103,9.914563107,2.5,5.11E-05,0.00012765,1.03E-05,4.957281553,12.39320388,2.32E-05,3.02E-05,124.7572842,NA,NA,12.39320388,0.080689387,2.65E-08,4818.046977,752.2418978,124.7572842,34,236,2022
4,Jerry Johnson,ABIGRA,Old,9/12/2022,27,10,11167,mature,9/13/2022,0.02605,-0.00356,0.02747,0.01132,5,0,NA,0.680000007,Abies grandis,Grand Fir,46.47389,-114.88439,3081,24.5,0.997200012,58.98,0.68,0.01132,10.4204947,2.5,5.90E-05,0.00014745,1.13E-05,5.21024735,13.02561837,2.60E-05,2.75E-05,130.1236791,495.5515467,91.2074271,13.02561837,0.076771784,2.97E-08,4960.561838,543.3236771,130.1236791,37,255,2022
4,Jerry Johnson,THUPLI,NS,6/15/2022,27,28,11587,mature,6/16/2022,0.02606,-0.00276,0.03036,0.0149,5,0,NA,0.839999974,Thuja plicata,Western Red Cedar,46.47389,-114.88439,3081,24,0.997319996,43.01,0.84,0.0149,5.773154362,2.3,4.30E-05,9.89E-05,1.49E-05,2.886577181,6.639127517,2.61E-05,3.04E-05,74.89933122,NA,NA,6.639127517,0.150622199,2.89E-08,3419.637789,534.4318459,74.89933122,24,166,2022
4,Jerry Johnson,THUPLI,NS,7/13/2022,27,28,11873,mature,7/13/2022,0.00871,-0.00102,0.00948,0.004,5,0,NA,0.649999976,Thuja plicata,Western Red Cedar,46.47389,-114.88439,3081,26.5,0.996680021,21.5,0.65,0.004,10.75,2.3,2.15E-05,4.95E-05,4.00E-06,5.375,12.3625,8.71E-06,9.48E-06,117.749983,481.9541625,85.94890692,12.3625,0.080889792,9.77E-09,5060.00757,560.7449586,117.749983,28,194,2022
4,Jerry Johnson,THUPLI,NS,8/24/2022,27,28,11360,mature,8/25/2022,0.01538,-0.00341,0.01928,0.00702,5,0,NA,0.600000024,Thuja plicata,Western Red Cedar,46.47389,-114.88439,3081,24.79999924,0.997120023,34.28,0.6,0.00702,9.766381766,2.3,3.43E-05,7.88E-05,7.02E-06,4.883190883,11.23133903,1.54E-05,1.93E-05,119.0883188,NA,NA,11.23133903,0.089036577,1.89E-08,4179.568911,649.9101242,119.0883188,34,236,2022
4,Jerry Johnson,THUPLI,NS,9/12/2022,27,28,11264,mature,9/13/2022,0.03097,-0.00883,0.034570001,0.01295,5,0,NA,0.699999988,Thuja plicata,Western Red Cedar,46.47389,-114.88439,3081,25,0.997070014,77.08,0.7,0.01295,11.9042471,2.3,7.71E-05,0.000177284,1.30E-05,5.952123552,13.68988417,3.10E-05,3.46E-05,139.1505705,450.961546,83.34874553,13.68988417,0.073046639,4.00E-08,4436.640926,541.0537893,139.1505705,37,255,2022
4,Spring Gulch,PICENG,New,6/28/2022,6,27,11623,mature,6/29/2022,0.01198,-0.00081,0.01434,0.00201,5,0,NA,0.949999988,Picea engelmannii,Engelmann Spruce,46.73587,-114.5362,NA,25.5,0.996940017,18.62,0.95,0.00201,18.52736318,2.4,1.86E-05,4.47E-05,2.01E-06,9.263681592,22.23283582,1.20E-05,1.43E-05,496.0199164,776.3109752,80.85969003,22.23283582,0.044978516,1.28E-08,3479.617333,960.0716685,496.0199164,26,179,2022
4,Spring Gulch,PICENG,New,7/13/2022,6,27,11933,mature,7/14/2022,0.0148,-0.0012,0.01639,0.0045,5,0,NA,1.070000052,Picea engelmannii,Engelmann Spruce,46.73587,-114.5362,NA,26,0.996810019,24.63,1.07,0.0045,10.94666667,2.4,2.46E-05,5.91E-05,4.50E-06,5.473333333,13.136,1.48E-05,1.64E-05,228.8889031,641.0201126,86.62742161,13.136,0.076126672,1.61E-08,3678.833026,739.9736719,228.8889031,28,194,2022
4,Spring Gulch,PICENG,New,8/8/2022,6,27,11480,mature,8/9/2022,0.01661,-0.00043,0.01753,0.00673,5,0,NA,0.829999983,Picea engelmannii,Engelmann Spruce,46.73587,-114.5362,NA,26,0.996810019,23.45,0.83,0.00673,6.968796434,2.4,2.35E-05,5.63E-05,6.73E-06,3.484398217,8.362555721,1.66E-05,1.75E-05,146.8053525,577.3534512,91.48148546,8.362555721,0.119580668,1.71E-08,3288.810868,631.1150811,146.8053525,32,220,2022
4,Spring Gulch,PICENG,New,9/12/2022,6,27,11228,mature,9/13/2022,0.01303,-0.00098,0.01517,0.00583,5,0,NA,0.99000001,Picea engelmannii,Engelmann Spruce,46.73587,-114.5362,NA,25,0.997070014,26.59,0.99,0.00583,9.121783877,2.4,2.66E-05,6.38E-05,5.83E-06,4.560891938,10.94614065,1.30E-05,1.52E-05,123.499137,511.8729237,77.087798,10.94614065,0.091356402,1.41E-08,4536.900424,664.0129008,123.499137,37,255,2022
4,Spring Gulch,PICENG,Old,6/28/2022,6,27,11635,mature,6/29/2022,0.01822,0.00057,0.019409999,0.00954,5,0,NA,1.100000024,Picea engelmannii,Engelmann Spruce,46.73587,-114.5362,NA,25,0.997070014,25.07,1.1,0.00954,5.255765199,2.7,2.51E-05,6.77E-05,9.54E-06,2.6278826,7.095283019,1.82E-05,1.94E-05,90.98532464,489.8271114,87.94326877,7.095283019,0.140938705,1.77E-08,3819.805007,556.980788,90.98532464,26,179,2022
4,Spring Gulch,PICENG,Old,7/13/2022,6,27,11945,mature,7/14/2022,0.01969,7.00E-05,0.0207,0.00998,5,0,NA,1.389999986,Picea engelmannii,Engelmann Spruce,46.73587,-114.5362,NA,26,0.996810019,28.04,1.39,0.00998,5.619238477,2.7,2.80E-05,7.57E-05,9.98E-06,2.809619238,7.585971944,1.97E-05,2.07E-05,97.29459181,492.8044721,90.57835216,7.585971944,0.13182226,1.97E-08,3842.352355,544.0642939,97.29459181,28,194,2022
4,Spring Gulch,PICENG,Old,8/8/2022,6,27,11468,mature,8/9/2022,0.01592,-0.00064,0.016869999,0.00719,5,0,NA,1.039999962,Picea engelmannii,Engelmann Spruce,46.73587,-114.5362,NA,25.5,0.996940017,22.92,1.04,0.00719,6.375521558,2.7,2.29E-05,6.19E-05,7.19E-06,3.187760779,8.606954103,1.59E-05,1.69E-05,121.4186452,525.0069289,90.18595713,8.606954103,0.116185117,1.66E-08,3721.595359,582.1382237,121.4186452,32,220,2022
4,Spring Gulch,PICENG,Old,9/12/2022,6,27,11216,mature,9/13/2022,0.01084,-0.00041,0.01139,0.00507,5,0,NA,0.870000005,Picea engelmannii,Engelmann Spruce,46.73587,-114.5362,NA,25,0.997070014,NA,NA,NA,NA,NA,NA,NA,5.07E-06,NA,NA,1.08E-05,1.14E-05,113.8067012,510.847281,91.29746798,NA,NA,1.13E-08,NA,559.5415648,NA,37,255,2022
4,Spring Gulch,PINCON,New,6/28/2022,6,1,11599,mature,6/29/2022,0.00453,0.00021,0.00456,0.00103,5,0,NA,0.839999974,Pinus contorta,Lodgepole Pine,46.73587,-114.5362,NA,26,0.996810019,10.06,0.84,0.00103,19.53398058,2.2,1.01E-05,2.21E-05,1.03E-06,9.766990291,21.48737864,4.53E-06,4.56E-06,339.8058102,806.7494913,99.1501483,21.48737864,0.04653895,4.34E-09,5101.422796,813.6644323,339.8058102,26,179,2022
4,Spring Gulch,PINCON,New,7/13/2022,6,1,11861,mature,7/14/2022,0.031750001,0.00063,0.034030002,0.00952,5,0,NA,1.5,Pinus contorta,Lodgepole Pine,46.73587,-114.5362,NA,26,0.996810019,63.86,1.5,0.00952,13.41596639,2.2,6.39E-05,0.000140492,9.52E-06,6.707983193,14.75756303,3.18E-05,3.40E-05,233.5084194,711.3024274,90.69767265,14.75756303,0.067761864,3.13E-08,4495.379909,784.2565378,233.5084194,28,194,2022
4,Spring Gulch,PINCON,New,8/8/2022,6,1,11396,mature,8/9/2022,0.04662,-0.00107,0.05311,0.01805,5,0,NA,0.629999995,Pinus contorta,Lodgepole Pine,46.73587,-114.5362,NA,26,0.996810019,101.65,0.63,0.01805,11.26315789,2.2,0.00010165,0.00022363,1.81E-05,5.631578947,12.38947368,4.66E-05,5.31E-05,158.2825483,596.5369167,81.4888772,12.38947368,0.080713679,4.79E-08,4669.357729,732.047044,158.2825483,32,220,2022
4,Spring Gulch,PINCON,New,9/12/2022,6,1,11252,mature,9/13/2022,0.021849999,-6.00E-05,0.02533,0.00932,5,0,NA,0.529999971,Pinus contorta,Lodgepole Pine,46.73587,-114.5362,NA,24.5,0.997200012,47.77,0.53,0.00932,10.25107296,2.2,4.78E-05,0.000105094,9.32E-06,5.125536481,11.27618026,2.18E-05,2.53E-05,134.4420469,569.6828796,78.26358187,11.27618026,0.088682515,2.20E-08,4778.153012,727.9028968,134.4420469,37,255,2022
4,Spring Gulch,PINCON,Old,6/28/2022,6,1,11611,mature,6/29/2022,0.033160001,-0.00134,0.04036,0.01688,5,0,NA,1.220000029,Pinus contorta,Lodgepole Pine,46.73587,-114.5362,NA,26,0.996810019,83.17,1.22,0.01688,9.854265403,2.4,8.32E-05,0.000199608,1.69E-05,4.927132701,11.82511848,3.32E-05,4.04E-05,96.44550367,NA,NA,11.82511848,0.084565749,3.46E-08,5761.20386,677.6936119,96.44550367,26,179,2022
4,Spring Gulch,PINCON,Old,7/13/2022,6,1,11849,mature,7/14/2022,0.039170001,-0.00148,0.04321,0.0187,5,0,NA,1.480000019,Pinus contorta,Lodgepole Pine,46.73587,-114.5362,NA,26,0.996810019,81.92,1.48,0.0187,8.761497326,2.4,8.19E-05,0.000196608,1.87E-05,4.380748663,10.51379679,3.92E-05,4.32E-05,109.4652455,501.431612,83.51693548,10.51379679,0.095113118,4.08E-08,4816.094895,600.3951284,109.4652455,28,194,2022
4,Spring Gulch,PINCON,Old,8/8/2022,6,1,11408,mature,8/9/2022,0.036060002,-0.00267,0.042470001,0.017170001,5,0,NA,0.540000021,Pinus contorta,Lodgepole Pine,46.73587,-114.5362,NA,26,0.996810019,82.33,0.54,0.01717,9.589982528,2.4,8.23E-05,0.000197592,1.72E-05,4.794991264,11.50797903,3.61E-05,4.25E-05,110.0174722,NA,NA,11.50797903,0.086896235,3.89E-08,5080.14663,650.4702065,110.0174722,32,220,2022
4,Spring Gulch,PINCON,Old,9/12/2022,6,1,11240,mature,9/13/2022,0.042800002,-0.00158,0.050170001,0.020190001,5,0,NA,0.589999974,Pinus contorta,Lodgepole Pine,46.73587,-114.5362,NA,24.5,0.997200012,93.21,0.59,0.02019,9.233283804,2.4,9.32E-05,0.000223704,2.02E-05,4.616641902,11.07994056,4.28E-05,5.02E-05,111.9861351,507.5020064,75.41694858,11.07994056,0.090253194,4.46E-08,5021.239384,672.9283218,111.9861351,37,255,2022
4,St Mary's Peak,PINALB,New,7/21/2022,29,31,11777,mature,7/21/2022,0.016869999,-0.00093,0.0188,0.00422,5,0,NA,0.879999995,Pinus albicaulus,Whitebark Pine,46.50029,-114.20339,6859,26,0.996810019,40.54,0.88,0.00422,19.21327014,2.5,4.05E-05,0.00010135,4.22E-06,9.606635071,24.01658768,1.69E-05,1.88E-05,299.7630203,707.6604523,86.76268658,24.01658768,0.041637889,1.79E-08,5669.675089,815.6276393,299.7630203,29,202,2022
4,St Mary's Peak,PINALB,New,8/4/2022,29,31,11563,mature,8/4/2022,0.02297,-0.00165,0.025429999,0.00813,5,0,NA,0.959999979,Pinus albicaulus,Whitebark Pine,46.50029,-114.20339,6859,26,0.996810019,45.1,0.96,0.00813,11.09471095,2.5,4.51E-05,0.00011275,8.13E-06,5.547355474,13.86838868,2.30E-05,2.54E-05,182.5338297,600.2059052,85.78035117,13.86838868,0.07210643,2.47E-08,4560.18965,699.7009187,182.5338297,31,216,2022
4,St Mary's Peak,PINALB,New,9/2/2022,29,31,11300,mature,9/2/2022,0.033679999,-0.00103,0.036710002,0.01429,5,0,NA,0.99000001,Pinus albicaulus,Whitebark Pine,46.50029,-114.20339,6859,25,0.997070014,61.46,0.99,0.01429,8.601819454,2.5,6.15E-05,0.00015365,1.43E-05,4.300909727,10.75227432,3.37E-05,3.67E-05,135.6892839,556.4049527,86.48527229,10.75227432,0.093003582,3.48E-08,4409.057502,643.3522587,135.6892839,35,245,2022
4,St Mary's Peak,PINALB,New,9/28/2022,29,31,11155,mature,9/28/2022,0.03308,-0.00156,0.03576,0.01453,5,0,NA,0.879999995,Pinus albicaulus,Whitebark Pine,46.50029,-114.20339,6859,24.5,0.997200012,71.51,0.88,0.01453,9.843083276,2.5,7.15E-05,0.000178775,1.45E-05,4.921541638,12.30385409,3.31E-05,3.58E-05,127.6668947,533.446072,87.37635465,12.30385409,0.081275348,3.48E-08,5141.068503,610.5153667,127.6668947,39,271,2022
4,St Mary's Peak,PINALB,Old,7/21/2022,29,31,11789,mature,7/21/2022,0.041499998,-0.00404,0.044210002,0.019370001,5,0,NA,1.230000019,Pinus albicaulus,Whitebark Pine,46.50029,-114.20339,6859,26,0.996810019,80.77,1.23,0.01937,8.339700568,2.5,8.08E-05,0.000201925,1.94E-05,4.169850284,10.42462571,4.15E-05,4.42E-05,114.2488213,483.8856723,89.09016387,10.42462571,0.095926709,4.57E-08,4415.211248,543.1415223,114.2488213,29,202,2022
4,St Mary's Peak,PINALB,Old,8/4/2022,29,31,11575,mature,8/4/2022,0.02805,-0.00133,0.03393,0.01294,5,0,NA,1.100000024,Pinus albicaulus,Whitebark Pine,46.50029,-114.20339,6859,26,0.996810019,52.98,1.1,0.01294,8.188562597,2.5,5.30E-05,0.00013245,1.29E-05,4.094281298,10.23570325,2.80E-05,3.39E-05,116.7697083,NA,NA,10.23570325,0.097697243,2.95E-08,4489.051428,711.4019626,116.7697083,31,216,2022
4,St Mary's Peak,PINALB,Old,9/2/2022,29,31,11312,mature,9/2/2022,0.031259999,-0.00204,0.037239999,0.01459,5,0,NA,1.139999986,Pinus albicaulus,Whitebark Pine,46.50029,-114.20339,6859,25,0.997070014,50.92,1.14,0.01459,6.980123372,2.5,5.09E-05,0.0001273,1.46E-05,3.490061686,8.725154215,3.13E-05,3.72E-05,114.2563338,NA,NA,8.725154215,0.114611153,3.34E-08,3807.605919,677.4726584,114.2563338,35,245,2022
4,St Mary's Peak,PINALB,Old,9/28/2022,29,31,11143,mature,9/28/2022,0.031020001,-0.00136,0.036600001,0.01371,5,0,NA,1.059999943,Pinus albicaulus,Whitebark Pine,46.50029,-114.20339,6859,25,0.997070014,67.81,1.06,0.01371,9.892049599,2.5,6.78E-05,0.000169525,1.37E-05,4.946024799,12.365062,3.10E-05,3.66E-05,126.2582162,532.4612959,75.6225417,12.365062,0.080873025,3.25E-08,5214.644495,704.1039404,126.2582162,39,271,2022
4,TV1,ABILAS,New,7/18/2022,10,6,11909,mature,7/19/2022,0.00913,-0.00197,0.01002,0.00257,5,0,NA,0.629999995,Abies lasiocarpa,Subalpine Fir,47.018,-114.014,6817,26,0.996810019,21,0.63,0.00257,16.34241245,2.2,2.10E-05,4.62E-05,2.57E-06,8.171206226,17.9766537,9.13E-06,1.00E-05,255.252922,588.4848232,88.05369393,17.9766537,0.055627706,1.11E-08,4144.511938,668.3249696,255.252922,29,199,2022
4,TV1,ABILAS,New,8/1/2022,10,6,11444,mature,8/2/2022,0.01098,-0.00129,0.01181,0.00405,5,0,NA,0.680000007,Abies lasiocarpa,Subalpine Fir,47.018,-114.014,6817,27.5,0.996399999,23.92,0.68,0.00405,11.81234568,2.2,2.39E-05,5.26E-05,4.05E-06,5.90617284,12.99358025,1.10E-05,1.18E-05,171.1110988,562.1654797,89.30412021,12.99358025,0.076961084,1.23E-08,4268.888536,629.495569,171.1110988,31,213,2022
4,TV1,ABILAS,New,8/16/2022,10,6,11504,mature,8/16/2022,0.00867,-0.00129,0.00905,0.00355,5,0,NA,0.600000024,Abies lasiocarpa,Subalpine Fir,47.018,-114.014,6817,25.29999924,0.996990025,22.03,0.6,0.00355,12.41126761,2.2,2.20E-05,4.85E-05,3.55E-06,6.205633803,13.65239437,8.67E-06,9.05E-06,144.2253606,511.9688693,93.09090783,13.65239437,0.073247225,1.00E-08,4846.304998,549.9665663,144.2253606,33,228,2022
4,TV1,ABILAS,New,9/6/2022,10,6,11288,mature,9/6/2022,0.0099,-0.00137,0.01047,0.0042,5,0,NA,0.670000017,Abies lasiocarpa,Subalpine Fir,47.018,-114.014,6817,25,0.997070014,23.42,0.67,0.0042,11.15238095,2.2,2.34E-05,5.15E-05,4.20E-06,5.576190476,12.26761905,9.90E-06,1.05E-05,135.7142928,503.7542879,90.90908888,12.26761905,0.081515407,1.13E-08,4553.585174,554.1297291,135.7142928,36,249,2022
4,TV1,ABILAS,Old,7/18/2022,10,6,11921,mature,7/19/2022,0.00865,-0.00096,0.00941,0.00429,5,0,NA,0.730000019,Abies lasiocarpa,Subalpine Fir,47.018,-114.014,6817,25.5,0.996940017,17.5,0.73,0.00429,8.158508159,2.2,1.75E-05,3.85E-05,4.29E-06,4.079254079,8.974358974,8.65E-06,9.41E-06,101.6317032,451.8291195,85.15624709,8.974358974,0.111428573,9.65E-09,3989.775357,530.588342,101.6317032,29,199,2022
4,TV1,ABILAS,Old,8/1/2022,10,6,11456,mature,8/2/2022,0.0099,-0.00154,0.0107,0.00441,5,0,NA,0.689999998,Abies lasiocarpa,Subalpine Fir,47.018,-114.014,6817,27.5,0.996399999,23.54,0.69,0.00441,10.67573696,2.2,2.35E-05,5.18E-05,4.41E-06,5.337868481,11.74331066,9.90E-06,1.07E-05,124.489792,477.6632516,87.28139184,11.74331066,0.085154863,1.15E-08,4505.869754,547.2681422,124.489792,31,213,2022
4,TV1,ABILAS,Old,8/16/2022,10,6,11516,mature,8/16/2022,0.01114,-0.00094,0.0126,0.00511,5,0,NA,0.660000026,Abies lasiocarpa,Subalpine Fir,47.018,-114.014,6817,25.29999924,0.996990025,25.1,0.66,0.00511,9.823874755,2.2,2.51E-05,5.52E-05,5.11E-06,4.911937378,10.80626223,1.11E-05,1.26E-05,118.0039241,497.145275,80.50734449,10.80626223,0.092538931,1.21E-08,4552.630316,617.5154306,118.0039241,33,228,2022
4,TV1,ABILAS,Old,9/6/2022,10,6,11276,mature,9/6/2022,0.00762,-0.0053,0.00843,0.00345,5,0,NA,0.699999988,Abies lasiocarpa,Subalpine Fir,47.018,-114.014,6817,25,0.997070014,17.38,0.7,0.00345,10.07536232,2.2,1.74E-05,3.82E-05,3.45E-06,5.037681159,11.08289855,7.62E-06,8.43E-06,120.8695624,321.4706607,83.73492954,11.08289855,0.090229102,1.30E-08,2947.662496,383.9146488,120.8695624,36,249,2022
4,TV1,LAROCC,New,6/27/2022,10,5,11719,mature,6/27/2022,0.00848,-0.00213,0.00901,0.00268,5,0,NA,0.50999999,Larix occidentalis,Western Larch,47.018,-114.014,6817,25,0.997070014,25.07,0.51,0.00268,18.70895522,2,2.51E-05,5.01E-05,2.68E-06,9.354477612,18.70895522,8.48E-06,9.01E-06,216.4179317,544.478123,91.62717496,18.70895522,0.053450337,1.07E-08,4706.91918,594.2321405,216.4179317,26,178,2022
4,TV1,LAROCC,New,8/1/2022,10,5,11492,mature,8/1/2022,0.0082,-0.00121,0.01015,0.00287,5,0,NA,0.49000001,Larix occidentalis,Western Larch,47.018,-114.014,6817,27.5,0.996399999,28.45,0.49,0.00287,19.82578397,2,2.85E-05,5.69E-05,2.87E-06,9.912891986,19.82578397,8.20E-06,1.02E-05,185.7142904,NA,NA,19.82578397,0.050439367,9.45E-09,6018.637076,770.0471149,185.7142904,31,213,2022
4,TV1,LAROCC,New,8/16/2022,10,5,11528,mature,8/16/2022,0.0061,-0.00137,0.0068,0.00176,5,0,NA,0.519999981,Larix occidentalis,Western Larch,47.018,-114.014,6817,25.5,0.996940017,18.85,0.52,0.00176,21.42045455,2,1.89E-05,3.77E-05,1.76E-06,10.71022727,21.42045455,6.10E-06,6.80E-06,246.5908997,578.6024043,86.1111072,21.42045455,0.04668435,7.50E-09,5026.108595,671.9254033,246.5908997,33,228,2022
4,TV1,LAROCC,New,9/6/2022,10,5,11324,mature,9/6/2022,0.00811,-0.00137,0.00904,0.00254,5,0,NA,0.389999986,Larix occidentalis,Western Larch,47.018,-114.014,6817,25,0.997070014,21.92,0.39,0.00254,17.25984252,2,2.19E-05,4.38E-05,2.54E-06,8.62992126,17.25984252,8.11E-06,9.04E-06,219.2913295,585.2139337,85.69230599,17.25984252,0.057937957,9.52E-09,4606.064588,682.9247118,219.2913295,36,249,2022
4,White Pine Creek,PINMON,New,6/21/2022,30,30,11659,mature,6/21/2022,0.00378,1.00E-04,0.0043,0.00099,5,0,NA,0.579999983,Pinus monticola,Western White Pine,47.73889,-115.67531,3360,23.20000076,0.99752003,9.26,0.58,0.00099,18.70707071,2,9.26E-06,1.85E-05,9.90E-07,9.353535354,18.70707071,3.78E-06,4.30E-06,281.818184,755.475519,84.29002396,18.70707071,0.053455722,3.69E-09,5014.841187,896.2810586,281.818184,25,172,2022
4,White Pine Creek,PINMON,New,7/25/2022,30,30,11765,mature,7/25/2022,0.01248,-0.00114,0.01391,0.00447,5,0,NA,0.629999995,Pinus monticola,Western White Pine,47.73889,-115.67531,3360,25.5,0.996940017,28.85,0.63,0.00447,12.9082774,2,2.89E-05,5.77E-05,4.47E-06,6.454138702,12.9082774,1.25E-05,1.39E-05,179.1946289,585.6882596,84.8516933,12.9082774,0.077469671,1.37E-08,4219.002824,690.2493478,179.1946289,30,206,2022
4,White Pine Creek,PINMON,New,8/15/2022,30,30,11420,mature,8/15/2022,0.02262,-0.00233,0.023539999,0.0081,5,0,NA,0.709999979,Pinus monticola,Western White Pine,47.73889,-115.67531,3360,26,0.996810019,51.33,0.71,0.0081,12.67407407,2,5.13E-05,0.00010266,8.10E-06,6.337037037,12.67407407,2.26E-05,2.35E-05,179.2592513,579.4960313,94.04145339,12.67407407,0.078901229,2.51E-08,4097.180693,616.2133936,179.2592513,33,227,2022
4,White Pine Creek,PINMON,New,9/20/2022,30,30,11131,mature,9/21/2022,0.030200001,-0.00291,0.034630001,0.01251,5,0,NA,0.720000029,Pinus monticola,Western White Pine,47.73889,-115.67531,3360,24.5,0.997200012,64.4,0.72,0.01251,10.29576339,2,6.44E-05,0.0001288,1.25E-05,5.147881695,10.29576339,3.02E-05,3.46E-05,141.4068852,532.2224125,79.97287713,10.29576339,0.097127328,3.32E-08,3875.084377,665.5036452,141.4068852,38,263,2022
4,White Pine Creek,PINMON,Old,6/21/2022,30,30,11647,mature,6/21/2022,0.01318,-0.00069,0.01627,0.00716,5,0,NA,0.600000024,Pinus monticola,Western White Pine,47.73889,-115.67531,3360,23.20000076,0.99752003,31.22,0.6,0.00716,8.720670391,2,3.12E-05,6.24E-05,7.16E-06,4.360335196,8.720670391,1.32E-05,1.63E-05,84.0782082,NA,NA,8.720670391,0.114670084,1.39E-08,4485.908905,654.494429,84.0782082,25,172,2022
4,White Pine Creek,PINMON,Old,7/25/2022,30,30,11753,mature,7/25/2022,0.01454,-0.00109,0.01785,0.00631,5,0,NA,0.649999976,Pinus monticola,Western White Pine,47.73889,-115.67531,3360,25.5,0.996940017,42.98,0.65,0.00631,13.62282092,2,4.30E-05,8.60E-05,6.31E-06,6.81141046,13.62282092,1.45E-05,1.79E-05,130.4278874,NA,NA,13.62282092,0.073406236,1.57E-08,5477.073146,735.2888075,130.4278874,30,206,2022
4,White Pine Creek,PINMON,Old,8/15/2022,30,30,11432,mature,8/15/2022,0.01289,-0.00108,0.01494,0.00547,5,0,NA,0.550000012,Pinus monticola,Western White Pine,47.73889,-115.67531,3360,26,0.996810019,NA,NA,NA,NA,NA,NA,NA,5.47E-06,NA,NA,1.29E-05,1.49E-05,135.6489837,528.885783,78.35268999,NA,NA,1.40E-08,NA,675.0065416,NA,33,227,2022
4,White Pine Creek,PINMON,Old,9/20/2022,30,30,11119,mature,9/21/2022,0.02417,-0.00172,0.030160001,0.01091,5,0,NA,0.699999988,Pinus monticola,Western White Pine,47.73889,-115.67531,3360,24.5,0.997200012,59.53,0.7,0.01091,10.91292392,2,5.95E-05,0.00011906,1.09E-05,5.456461962,10.91292392,2.42E-05,3.02E-05,121.5398783,NA,NA,10.91292392,0.091634468,2.60E-08,4580.979199,740.6673389,121.5398783,38,263,2022
4,White Pine Creek,TSUHET,New,6/21/2022,30,29,11707,mature,6/22/2022,0.00251,-0.00088,0.00295,0.00045,5,0,NA,0.340000004,Tsuga heterophylla,Western Hemlock,47.73889,-115.67531,3360,23,0.997560024,16.94,0.34,0.00045,75.28888889,2,1.69E-05,3.39E-05,4.50E-07,37.64444444,75.28888889,2.51E-06,2.95E-06,457.7777919,605.5485495,82.39999721,75.28888889,0.013282172,3.40E-09,9959.215815,734.8890413,457.7777919,25,172,2022
4,White Pine Creek,TSUHET,New,7/25/2022,30,29,11801,mature,7/26/2022,0.00499,-0.00104,0.00546,0.00171,5,0,NA,0.479999989,Tsuga heterophylla,Western Hemlock,47.73889,-115.67531,3360,25,0.997070014,12.59,0.48,0.00171,14.7251462,2,1.26E-05,2.52E-05,1.71E-06,7.362573099,14.7251462,4.99E-06,5.46E-06,191.8128575,541.7816948,87.46665865,14.7251462,0.06791104,6.05E-09,4159.165788,619.4151042,191.8128575,30,206,2022
4,White Pine Creek,TSUHET,New,8/15/2022,30,29,11540,mature,8/15/2022,0.01062,-0.00219,0.01116,0.00397,5,0,NA,0.430000007,Tsuga heterophylla,Western Hemlock,47.73889,-115.67531,3360,26,0.996810019,29.16,0.43,0.00397,14.69017632,2,2.92E-05,5.83E-05,3.97E-06,7.345088161,14.69017632,1.06E-05,1.12E-05,167.5062958,516.9242704,92.48956375,14.69017632,0.068072702,1.29E-08,4533.387067,558.9001066,167.5062958,33,227,2022
4,White Pine Creek,TSUHET,New,9/20/2022,30,29,11107,mature,9/21/2022,0.00602,-0.00157,0.00624,0.00216,5,0,NA,0.400000006,Tsuga heterophylla,Western Hemlock,47.73889,-115.67531,3360,24.5,0.997200012,19.61,0.4,0.00216,18.15740741,2,1.96E-05,3.92E-05,2.16E-06,9.078703704,18.15740741,6.02E-06,6.24E-06,178.703724,506.6056679,94.60784786,18.15740741,0.05507394,7.62E-09,5147.42819,535.4795393,178.703724,38,263,2022
4,White Pine Creek,TSUHET,Old,6/21/2022,30,29,11695,mature,6/22/2022,0.00674,-0.00088,0.00791,0.00351,5,0,NA,0.370000005,Tsuga heterophylla,Western Hemlock,47.73889,-115.67531,3360,23,0.997560024,22.2,0.37,0.00791,5.613147914,2.2,2.22E-05,4.88E-05,3.51E-06,2.806573957,6.174462705,6.74E-06,7.91E-06,92.0227975,422.4049592,73.40909078,6.174462705,0.071867321,7.65E-09,6387.076554,575.4123294,92.0227975,25,172,2022
4,White Pine Creek,TSUHET,Old,7/25/2022,30,29,11813,mature,7/26/2022,0.00564,-0.0008,0.00578,0.00221,5,0,NA,0.460000008,Tsuga heterophylla,Western Hemlock,47.73889,-115.67531,3360,25,0.997070014,14.95,0.46,0.00221,13.52941176,2.2,1.50E-05,3.29E-05,2.21E-06,6.764705882,14.88235294,5.64E-06,5.78E-06,155.2036172,530.488602,96.07844032,14.88235294,0.067193678,6.47E-09,5086.813386,552.1411466,155.2036172,30,206,2022
4,White Pine Creek,TSUHET,Old,8/15/2022,30,29,11552,mature,8/15/2022,0.00529,-0.0006,0.00556,0.00204,5,0,NA,0.50999999,Tsuga heterophylla,Western Hemlock,47.73889,-115.67531,3360,26,0.996810019,11.77,0.51,0.00204,11.53921569,2.2,1.18E-05,2.59E-05,2.04E-06,5.769607843,12.69313725,5.29E-06,5.56E-06,159.3137225,549.4427744,92.32954002,12.69313725,0.078782727,5.92E-09,4377.622131,595.0888245,159.3137225,33,227,2022
4,White Pine Creek,TSUHET,Old,9/20/2022,30,29,11095,mature,9/21/2022,0.00846,-0.00107,0.0093,0.00363,5,0,NA,0.519999981,Tsuga heterophylla,Western Hemlock,47.73889,-115.67531,3360,24.5,0.997200012,20.38,0.52,0.00363,11.22865014,2.2,2.04E-05,4.48E-05,3.63E-06,5.614325069,12.35151515,8.46E-06,9.30E-06,133.0578598,504.869036,85.18518762,12.35151515,0.080961726,9.57E-09,4686.606015,592.6723297,133.0578598,38,263,2022
5,Blue Mountain,PINPON,New,6/23/2022,20,4,11684,mature,6/23/2022,0.019269999,0.00067,0.02341,0.00531,5,0,NA,1.340000033,Pinus ponderosa,Ponderosa Pine,46.82981,-114.11812,NA,23.5,0.997439981,30.71,1.34,0.00531,11.56685499,2.2,3.07E-05,6.76E-05,5.31E-06,5.783427495,12.72354049,1.93E-05,2.34E-05,262.9001771,747.827764,77.12706744,12.72354049,0.078594475,1.87E-08,3619.250881,969.6048208,262.9001771,25,174,2022
5,Blue Mountain,PINPON,New,7/27/2022,20,4,11826,mature,7/27/2022,0.031819999,0.00074,0.03624,0.01185,5,0,NA,1.159999967,Pinus ponderosa,Ponderosa Pine,46.82981,-114.11812,NA,26.5,0.996680021,64.45,1.16,0.01185,10.87763713,2.2,6.45E-05,0.00014179,1.19E-05,5.438818565,11.96540084,3.18E-05,3.62E-05,168.523192,639.7270846,81.87781437,11.96540084,0.083574303,3.12E-08,4542.158663,781.3192005,168.523192,30,208,2022
5,Blue Mountain,PINPON,New,8/25/2022,20,4,11349,mature,8/26/2022,0.07198,-0.00066,0.084210001,0.028820001,5,0,NA,1.340000033,Pinus ponderosa,Ponderosa Pine,46.82981,-114.11812,NA,24,0.997319996,139.54,1.34,0.02882,9.683553088,2.2,0.00013954,0.000306988,2.88E-05,4.841776544,10.6519084,7.20E-05,8.42E-05,149.7571064,591.9464222,77.92019983,10.6519084,0.093879893,7.29E-08,4210.390469,759.6828852,149.7571064,34,237,2022
5,Blue Mountain,PINPON,New,9/20/2022,20,4,11192,mature,9/20/2022,0.027939999,0.00012,0.031319998,0.01155,5,0,NA,0.75,Pinus ponderosa,Ponderosa Pine,46.82981,-114.11812,NA,24,0.997319996,43.49,0.75,0.01155,7.530735931,2.2,4.35E-05,9.57E-05,1.15E-05,3.765367965,8.283809524,2.79E-05,3.13E-05,141.9047587,586.9466541,82.90339391,8.283809524,0.120717406,2.79E-08,3426.35043,707.9886919,141.9047587,38,263,2022
5,Blue Mountain,PINPON,Old,7/27/2022,20,4,11838,mature,7/27/2022,0.04617,-0.00104,0.054820001,0.021029999,5,0,NA,1.580000043,Pinus ponderosa,Ponderosa Pine,46.82981,-114.11812,NA,26.5,0.996680021,66.21,1.58,0.02103,6.296718973,2.3,6.62E-05,0.000152283,2.10E-05,3.148359486,7.241226819,4.62E-05,5.48E-05,119.5435146,NA,NA,7.241226819,0.138098143,4.74E-08,3211.553203,712.609996,119.5435146,30,208,2022
5,Blue Mountain,PINPON,Old,8/25/2022,20,4,11337,mature,8/26/2022,0.055470001,0.00056,0.056570001,0.02548,5,0,NA,1.419999957,Pinus ponderosa,Ponderosa Pine,46.82981,-114.11812,NA,24,0.997319996,80.65,1.42,0.02548,6.330455259,2.3,8.07E-05,0.000185495,2.55E-05,3.16522763,7.280023548,5.55E-05,5.66E-05,117.7001581,544.1289482,96.46188494,7.280023548,0.137362195,5.51E-08,3365.561756,564.0869951,117.7001581,34,237,2022
5,Blue Mountain,PINPON,Old,9/20/2022,20,4,11205,mature,9/20/2022,0.02912,-0.00014,0.033920001,0.01378,5,0,NA,0.74000001,Pinus ponderosa,Ponderosa Pine,46.82981,-114.11812,NA,24,0.997319996,52.8,0.74,0.01378,7.663280116,2.3,5.28E-05,0.00012144,1.38E-05,3.831640058,8.812772134,2.91E-05,3.39E-05,111.3207601,522.3094158,76.16682825,8.812772134,0.113471671,2.94E-08,4134.892688,685.7439489,111.3207601,38,263,2022
5,Blue Mountain,PSEMEN,New,6/30/2022,20,2,10771,mature,6/30/2022,0.00946,-0.00128,0.0114,0.00239,5,0,NA,1.190000057,Pseudotsuga menzeseii,Douglas Fir,46.82981,-114.11812,NA,24.5,0.997200012,24.29,NA,0.00239,20.32635983,2.3,2.43E-05,5.59E-05,2.39E-06,10.16317992,23.37531381,9.46E-06,1.14E-05,295.8159068,655.7520107,78.46837028,23.37531381,0.042780175,1.08E-08,5181.739196,835.6896013,295.8159068,26,181,2022
5,Blue Mountain,PSEMEN,New,7/27/2022,20,2,10819,mature,7/27/2022,0.01623,-0.00181,0.01694,0.00572,5,0,NA,NA,Pseudotsuga menzeseii,Douglas Fir,46.82981,-114.11812,NA,27,0.99654001,28.87,NA,0.00572,10.09440559,2.3,2.89E-05,6.64E-05,5.72E-06,5.047202797,11.60856643,1.62E-05,1.69E-05,183.7412727,579.9663614,93.67201989,11.60856643,0.086143278,1.81E-08,3664.162217,619.1457834,183.7412727,30,208,2022
5,Blue Mountain,PSEMEN,New,8/25/2022,20,2,10964,mature,8/25/2022,0.016759999,-0.0026,0.017929999,0.00617,5,0,NA,NA,Pseudotsuga menzeseii,Douglas Fir,46.82981,-114.11812,NA,25,0.997070014,33.34,NA,0.00617,10.80713128,2.3,3.33E-05,7.67E-05,6.17E-06,5.40356564,12.42820097,1.68E-05,1.79E-05,171.6369406,544.8267184,90.05101922,12.42820097,0.080462168,1.94E-08,3945.080811,605.0200466,171.6369406,34,237,2022
5,Blue Mountain,PSEMEN,New,9/20/2022,20,2,11012,mature,9/20/2022,0.01544,-0.00154,0.01657,0.00605,5,0,NA,NA,Pseudotsuga menzeseii,Douglas Fir,46.82981,-114.11812,NA,24,0.997319996,31.83,NA,0.00605,10.52231405,2.3,3.18E-05,7.32E-05,6.05E-06,5.261157025,12.10066116,1.54E-05,1.66E-05,155.2066166,550.9405277,89.25855746,12.10066116,0.082640112,1.70E-08,4295.399787,617.2411289,155.2066166,38,263,2022
5,Blue Mountain,PSEMEN,Old,6/30/2022,20,2,10759,mature,6/30/2022,0.01,-0.00064,0.01198,0.00513,5,0,NA,1.279999971,Pseudotsuga menzeseii,Douglas Fir,46.82981,-114.11812,NA,24.5,0.997200012,21.73,NA,0.00513,8.471734893,2.3,2.17E-05,5.00E-05,5.13E-06,4.235867446,9.742495127,1.00E-05,1.20E-05,94.93177154,NA,NA,9.742495127,0.102643109,1.07E-08,4679.187379,641.318025,94.93177154,26,181,2022
5,Blue Mountain,PSEMEN,Old,7/27/2022,20,2,10807,mature,7/27/2022,0.0115,-0.00119,0.01194,0.00495,5,0,NA,NA,Pseudotsuga menzeseii,Douglas Fir,46.82981,-114.11812,NA,27,0.99654001,21.89,NA,0.00495,8.844444444,2.3,2.19E-05,5.03E-05,4.95E-06,4.422222222,10.17111111,1.15E-05,1.19E-05,132.323234,513.8262554,93.70529835,10.17111111,0.098317675,1.27E-08,3949.558822,548.3427986,132.323234,30,208,2022
5,Blue Mountain,PSEMEN,Old,8/25/2022,20,2,10952,mature,8/25/2022,0.01151,-0.00084,0.01423,0.00488,5,0,NA,NA,Pseudotsuga menzeseii,Douglas Fir,46.82981,-114.11812,NA,25,0.997070014,26.33,NA,0.00488,10.79098361,2.3,2.63E-05,6.06E-05,4.88E-06,5.395491803,12.40963115,1.15E-05,1.42E-05,135.8606528,NA,NA,12.40963115,0.080582571,1.24E-08,4884.043864,754.0713995,135.8606528,34,237,2022
5,Blue Mountain,PSEMEN,Old,9/20/2022,20,2,11000,mature,9/20/2022,0.00992,-0.00111,0.01275,0.0044,5,0,NA,NA,Pseudotsuga menzeseii,Douglas Fir,46.82981,-114.11812,NA,24,0.997319996,22.92,NA,0.0044,10.41818182,2.3,2.29E-05,5.27E-05,4.40E-06,5.209090909,11.98090909,9.92E-06,1.27E-05,125.4545489,NA,NA,11.98090909,0.08346612,1.11E-08,4761.49949,754.2021345,125.4545489,38,263,2022
5,Jerry Johnson,ABIGRA,New,6/15/2022,27,10,11744,mature,6/16/2022,0.01139,-0.00173,0.01247,0.00288,5,0,NA,1.879999995,Abies grandis,Grand Fir,46.47389,-114.88439,3081,23.5,0.997439981,31.71,1.88,0.00288,22.02083333,2.1,3.17E-05,6.66E-05,2.88E-06,11.01041667,23.121875,1.14E-05,1.25E-05,295.486093,646.2861241,88.73826142,23.121875,0.043249088,1.32E-08,5057.208141,728.3060472,295.486093,24,166,2022
5,Jerry Johnson,ABIGRA,New,7/13/2022,27,10,11886,mature,7/13/2022,0.027000001,-0.00503,0.028170001,0.00785,5,0,NA,0.560000002,Abies grandis,Grand Fir,46.47389,-114.88439,3081,26.5,0.996680021,55,0.56,0.00785,14.01273885,2.1,5.50E-05,0.0001155,7.85E-06,7.006369427,14.7133758,2.70E-05,2.82E-05,243.9490665,595.2639044,94.24212598,14.7133758,0.067965365,3.22E-08,3590.233806,631.6325085,243.9490665,28,194,2022
5,Jerry Johnson,ABIGRA,New,8/24/2022,27,10,11373,mature,8/25/2022,0.01039,-0.00197,0.01189,0.00418,5,0,NA,0.439999998,Abies grandis,Grand Fir,46.47389,-114.88439,3081,24.79999924,0.997120023,28.01,0.44,0.00418,13.40191388,2.1,2.80E-05,5.88E-05,4.18E-06,6.700956938,14.07200957,1.04E-05,1.19E-05,148.5645936,500.4523604,80.54475488,14.07200957,0.071063058,1.24E-08,4740.274893,621.3345129,148.5645936,34,236,2022
5,Jerry Johnson,ABIGRA,New,9/12/2022,27,10,11180,mature,9/13/2022,0.018580001,-0.0037,0.0195,0.00697,5,0,NA,0.540000021,Abies grandis,Grand Fir,46.47389,-114.88439,3081,24.5,0.997200012,42.34,0.54,0.00697,12.1492109,2.1,4.23E-05,8.89E-05,6.97E-06,6.074605452,12.75667145,1.86E-05,1.95E-05,166.5710313,519.0886603,92.6576255,12.75667145,0.078390355,2.24E-08,3975.387229,560.222278,166.5710313,37,255,2022
5,Jerry Johnson,ABIGRA,Old,6/15/2022,27,10,11732,mature,6/16/2022,0.02259,-0.00416,0.029300001,0.01151,5,0,NA,1.860000014,Abies grandis,Grand Fir,46.47389,-114.88439,3081,23.5,0.997439981,48.54,1.86,0.01151,8.434404865,2.5,4.85E-05,0.00012135,1.15E-05,4.217202433,10.54300608,2.26E-05,2.93E-05,96.264126,NA,NA,10.54300608,0.094849606,2.68E-08,4520.069441,662.6455653,96.264126,24,166,2022
5,Jerry Johnson,ABIGRA,Old,7/13/2022,27,10,11898,mature,7/13/2022,0.031569999,-0.00427,0.032919999,0.01385,5,0,NA,0.730000019,Abies grandis,Grand Fir,46.47389,-114.88439,3081,26.5,0.996680021,54.29,0.73,0.01385,7.839711191,2.5,5.43E-05,0.000135725,1.38E-05,3.919855596,9.799638989,3.16E-05,3.29E-05,127.942233,492.2587052,92.92081521,9.799638989,0.102044574,3.60E-08,3770.41855,529.7615008,127.942233,28,194,2022
5,Jerry Johnson,ABIGRA,Old,8/24/2022,27,10,11385,mature,8/25/2022,0.02293,-0.00412,0.030270001,0.0097,5,0,NA,0.529999971,Abies grandis,Grand Fir,46.47389,-114.88439,3081,24.79999924,0.997120023,48.96,0.53,0.0097,10.09484536,2.5,4.90E-05,0.0001224,9.70E-06,5.04742268,12.6185567,2.29E-05,3.03E-05,136.3917454,NA,NA,12.6185567,0.079248368,2.72E-08,4507.168131,757.4546676,136.3917454,34,236,2022
5,Jerry Johnson,ABIGRA,Old,9/12/2022,27,10,11168,mature,9/13/2022,0.039340001,-0.00508,0.049849998,0.017000001,5,0,NA,0.670000017,Abies grandis,Grand Fir,46.47389,-114.88439,3081,24.5,0.997200012,73.93,0.67,0.017,8.697647059,2.5,7.39E-05,0.000184825,1.70E-05,4.348823529,10.87205882,3.93E-05,4.98E-05,131.4117557,NA,NA,10.87205882,0.091978904,4.46E-08,4144.82928,736.6840557,131.4117557,37,255,2022
5,Jerry Johnson,THUPLI,NS,6/15/2022,27,28,11588,mature,6/16/2022,0.04315,-0.00575,0.048829999,0.02232,5,0,NA,1.019999981,Thuja plicata,Western Red Cedar,46.47389,-114.88439,3081,24,0.997319996,77.73,1.02,0.02232,6.965053763,2.3,7.77E-05,0.000178779,2.23E-05,3.482526882,8.009811828,4.32E-05,4.88E-05,93.32437005,424.3822509,78.57412713,8.009811828,0.124846881,4.91E-08,3642.373264,540.1043147,93.32437005,24,166,2022
5,Jerry Johnson,THUPLI,NS,7/13/2022,27,28,11874,mature,7/13/2022,0.030470001,-0.00654,0.03593,0.01452,5,0,NA,0.889999986,Thuja plicata,Western Red Cedar,46.47389,-114.88439,3081,26.5,0.996680021,59.8,0.89,0.01452,8.236914601,2.3,5.98E-05,0.00013754,1.45E-05,4.1184573,9.472451791,3.05E-05,3.59E-05,109.8484927,NA,NA,9.472451791,0.105569287,3.72E-08,3700.050281,575.9639262,109.8484927,28,194,2022
5,Jerry Johnson,THUPLI,NS,8/24/2022,27,28,11361,mature,8/25/2022,0.01528,-0.00412,0.01887,0.00579,5,0,NA,0.870000005,Thuja plicata,Western Red Cedar,46.47389,-114.88439,3081,24.79999924,0.997120023,26.51,0.87,0.00579,9.15716753,2.3,2.65E-05,6.10E-05,5.79E-06,4.578583765,10.53074266,1.53E-05,1.89E-05,163.9032872,NA,NA,10.53074266,0.094960062,1.95E-08,3130.584599,671.5767042,163.9032872,34,236,2022
5,Jerry Johnson,THUPLI,NS,9/12/2022,27,28,11265,mature,9/13/2022,0.03083,-0.00856,0.03669,0.01164,5,0,NA,0.74000001,Thuja plicata,Western Red Cedar,46.47389,-114.88439,3081,25,0.997070014,69.97,0.74,0.01164,12.02233677,2.3,7.00E-05,0.000160931,1.16E-05,6.011168385,13.82568729,3.08E-05,3.67E-05,164.8625359,485.24022,76.60678331,13.82568729,0.072329136,3.95E-08,4069.31715,633.4167798,164.8625359,37,255,2022
5,Spring Gulch,PICENG,New,6/28/2022,6,27,11624,mature,6/29/2022,0.01355,-0.00121,0.01545,0.00243,5,0,NA,0.889999986,Picea engelmannii,Engelmann Spruce,46.73587,-114.5362,NA,25.5,0.996940017,18.21,0.89,0.00243,14.98765432,2.4,1.82E-05,4.37E-05,2.43E-06,7.49382716,17.98518519,1.36E-05,1.54E-05,457.6131545,750.2906554,85.40706907,17.98518519,0.05560132,1.48E-08,2948.804168,878.4877687,457.6131545,26,179,2022
5,Spring Gulch,PICENG,New,7/13/2022,6,27,11934,mature,7/14/2022,0.01674,-0.00256,0.0185,0.00517,5,0,NA,0.980000019,Picea engelmannii,Engelmann Spruce,46.73587,-114.5362,NA,26,0.996810019,20.77,0.98,0.00517,8.034816248,2.4,2.08E-05,4.98E-05,5.17E-06,4.017408124,9.641779497,1.67E-05,1.85E-05,223.7911135,596.9397028,86.7966969,9.641779497,0.10371529,1.94E-08,2571.845296,687.7447231,223.7911135,28,194,2022
5,Spring Gulch,PICENG,New,8/8/2022,6,27,11481,mature,8/9/2022,0.01176,-0.00017,0.01228,0.00481,5,0,NA,0.779999971,Picea engelmannii,Engelmann Spruce,46.73587,-114.5362,NA,26,0.996810019,17.26,0.78,0.00481,7.176715177,2.4,1.73E-05,4.14E-05,4.81E-06,3.588357588,8.612058212,1.18E-05,1.23E-05,144.4906556,580.0945458,93.03881932,8.612058212,0.116116257,1.20E-08,3457.530276,623.4973208,144.4906556,32,220,2022
5,Spring Gulch,PICENG,New,9/12/2022,6,27,11229,mature,9/13/2022,0.01531,-0.0004,0.016480001,0.00615,5,0,NA,0.819999993,Picea engelmannii,Engelmann Spruce,46.73587,-114.5362,NA,25,0.997070014,21.73,382,0.00615,7.066666667,2.4,2.17E-05,5.22E-05,6.15E-06,3.533333333,8.48,1.53E-05,1.65E-05,148.9430927,580.7471639,88.6737571,8.48,0.117924524,1.58E-08,3306.45485,654.9256318,148.9430927,37,255,2022
5,Spring Gulch,PICENG,Old,6/28/2022,6,27,11636,mature,6/29/2022,0.0146,0.00031,0.01551,0.00787,5,0,NA,1.090000033,Picea engelmannii,Engelmann Spruce,46.73587,-114.5362,NA,25,0.997070014,18.27,1.09,0.00787,4.642947903,2.7,1.83E-05,4.93E-05,7.87E-06,2.321473952,6.26797967,1.46E-05,1.55E-05,85.51462023,469.0840451,88.08900664,6.26797967,0.159541038,1.43E-08,3438.253371,532.5114484,85.51462023,26,179,2022
5,Spring Gulch,PICENG,Old,7/13/2022,6,27,11946,mature,7/14/2022,0.01409,-0.00022,0.01459,0.00684,5,0,NA,1.049999952,Picea engelmannii,Engelmann Spruce,46.73587,-114.5362,NA,26,0.996810019,19.38,1.05,0.00684,5.666666667,2.7,1.94E-05,5.23E-05,6.84E-06,2.833333333,7.65,1.41E-05,1.46E-05,105.9941501,504.4902486,93.54838593,7.65,0.130718953,1.44E-08,3641.097588,539.2826863,105.9941501,28,194,2022
5,Spring Gulch,PICENG,Old,8/8/2022,6,27,11469,mature,8/9/2022,0.01723,-0.00022,0.018300001,0.00799,5,0,NA,1.019999981,Picea engelmannii,Engelmann Spruce,46.73587,-114.5362,NA,25.5,0.996940017,19.09,1.02,0.00799,4.778473091,2.7,1.91E-05,5.15E-05,7.99E-06,2.389236546,6.450938673,1.72E-05,1.83E-05,115.6445644,527.3362968,89.62172498,6.450938673,0.155016197,1.75E-08,2941.611824,588.4023064,115.6445644,32,220,2022
5,Spring Gulch,PICENG,Old,9/12/2022,6,27,11217,mature,9/13/2022,0.020409999,-5.00E-05,0.021600001,0.00916,5,0,NA,1.049999952,Picea engelmannii,Engelmann Spruce,46.73587,-114.5362,NA,25,0.997070014,NA,NA,NA,NA,NA,NA,NA,9.16E-06,NA,NA,2.04E-05,2.16E-05,122.8165899,547.6646278,90.43407491,NA,NA,2.05E-08,NA,605.5954333,NA,37,255,2022
5,Spring Gulch,PINCON,New,6/28/2022,6,1,11600,mature,6/29/2022,0.00499,0.00019,0.0052,0.00121,5,0,NA,0.99000001,Pinus contorta,Lodgepole Pine,46.73587,-114.5362,NA,26,0.996810019,9.99,0.99,0.00121,16.51239669,2.2,9.99E-06,2.20E-05,1.21E-06,8.256198347,18.16363636,4.99E-06,5.20E-06,312.396673,784.1605033,94.73683704,18.16363636,0.055055056,4.82E-09,4559.333459,827.72502,312.396673,26,179,2022
5,Spring Gulch,PINCON,New,7/13/2022,6,1,11862,mature,7/14/2022,0.030710001,0.00017,0.03421,0.00927,5,0,NA,1.519999981,Pinus contorta,Lodgepole Pine,46.73587,-114.5362,NA,26,0.996810019,51.23,1.52,0.00927,11.05285868,2.2,5.12E-05,0.000112706,9.27E-06,5.526429342,12.15814455,3.07E-05,3.42E-05,231.2837071,699.0530799,85.96632055,12.15814455,0.082249395,3.07E-08,3674.788966,813.1708737,231.2837071,28,194,2022
5,Spring Gulch,PINCON,New,8/8/2022,6,1,11397,mature,8/9/2022,0.04225,0.00012,0.04933,0.01582,5,0,NA,0.670000017,Pinus contorta,Lodgepole Pine,46.73587,-114.5362,NA,26,0.996810019,74.18,0.67,0.01582,9.378002528,2.2,7.42E-05,0.000163196,1.58E-05,4.689001264,10.31580278,4.22E-05,4.93E-05,167.066998,624.6836019,78.87197852,10.31580278,0.096938652,4.23E-08,3857.20267,792.0222284,167.066998,32,220,2022
5,Spring Gulch,PINCON,New,9/12/2022,6,1,11253,mature,9/13/2022,0.051739998,-0.00112,0.05821,0.022360001,5,0,NA,0.639999986,Pinus contorta,Lodgepole Pine,46.73587,-114.5362,NA,24.5,0.997200012,96.56,0.64,0.02236,8.636851521,2.2,9.66E-05,0.000212432,2.24E-05,4.31842576,9.500536673,5.17E-05,5.82E-05,131.3953328,553.6675899,81.95257378,9.500536673,0.105257215,5.31E-08,4003.292167,675.5951209,131.3953328,37,255,2022
5,Spring Gulch,PINCON,Old,6/28/2022,6,1,11612,mature,6/29/2022,0.030889999,-0.00084,0.036809999,0.015690001,5,0,NA,1.289999962,Pinus contorta,Lodgepole Pine,46.73587,-114.5362,NA,26,0.996810019,48.08,1.29,0.01569,6.128744423,2.4,4.81E-05,0.000115392,1.57E-05,3.064372212,7.354493308,3.09E-05,3.68E-05,96.87697698,NA,NA,7.354493308,0.135971304,3.19E-08,3621.26284,662.7934928,96.87697698,26,179,2022
5,Spring Gulch,PINCON,Old,7/13/2022,6,1,11850,mature,7/14/2022,0.0266,-0.00114,0.031739999,0.01247,5,0,NA,1.24000001,Pinus contorta,Lodgepole Pine,46.73587,-114.5362,NA,26,0.996810019,54.4,1.24,0.01247,8.724939856,2.4,5.44E-05,0.00013056,1.25E-05,4.362469928,10.46992783,2.66E-05,3.17E-05,113.3119376,NA,NA,10.46992783,0.095511645,2.79E-08,4686.60229,691.718885,113.3119376,28,194,2022
5,Spring Gulch,PINCON,Old,8/8/2022,6,1,11409,mature,8/9/2022,0.033369999,-0.00155,0.040150002,0.01582,5,0,NA,0.610000014,Pinus contorta,Lodgepole Pine,46.73587,-114.5362,NA,26,0.996810019,67.17,0.61,0.01582,8.491782554,2.4,6.72E-05,0.000161208,1.58E-05,4.245891277,10.19013906,3.34E-05,4.02E-05,110.9355165,NA,NA,10.19013906,0.09813409,3.51E-08,4596.918134,693.7808564,110.9355165,32,220,2022
5,Spring Gulch,PINCON,Old,9/12/2022,6,1,11241,mature,9/13/2022,0.041019998,-0.00159,0.045090001,0.01932,5,0,NA,0.610000014,Pinus contorta,Lodgepole Pine,46.73587,-114.5362,NA,24.5,0.997200012,78.27,0.61,0.01932,8.102484472,2.4,7.83E-05,0.000187848,1.93E-05,4.051242236,9.722981366,4.10E-05,4.51E-05,112.3188332,507.3091301,84.20643225,9.722981366,0.102849112,4.28E-08,4391.56737,602.4588817,112.3188332,37,255,2022
5,St Mary's Peak,PINALB,New,7/21/2022,29,31,11778,mature,7/21/2022,0.01591,-0.0011,0.019889999,0.00409,5,0,NA,1.059999943,Pinus albicaulus,Whitebark Pine,46.50029,-114.20339,6859,26,0.996810019,27.96,1.06,0.00409,13.67237164,2.5,2.80E-05,6.99E-05,4.09E-06,6.836185819,17.09046455,1.59E-05,1.99E-05,288.9975508,NA,NA,17.09046455,0.058512159,1.71E-08,4091.921369,924.9263879,288.9975508,29,202,2022
5,St Mary's Peak,PINALB,New,8/4/2022,29,31,11564,mature,8/4/2022,0.022329999,-0.00154,0.024630001,0.0082,5,0,NA,1.169999957,Pinus albicaulus,Whitebark Pine,46.50029,-114.20339,6859,26,0.996810019,42.54,1.17,0.0082,10.37560976,2.5,4.25E-05,0.00010635,8.20E-06,5.187804878,12.9695122,2.23E-05,2.46E-05,172.3170613,589.4461545,86.00120772,12.9695122,0.077103903,2.40E-08,4436.489919,685.3928801,172.3170613,31,216,2022
5,St Mary's Peak,PINALB,New,9/2/2022,29,31,11301,mature,9/2/2022,0.037489999,-0.00144,0.041529998,0.01595,5,0,NA,1.110000014,Pinus albicaulus,Whitebark Pine,46.50029,-114.20339,6859,25,0.997070014,55.25,1.11,0.01595,6.927899687,2.5,5.53E-05,0.000138125,1.59E-05,3.463949843,8.659874608,3.75E-05,4.15E-05,135.0470175,551.0983283,84.20641372,8.659874608,0.115475112,3.91E-08,3533.911769,654.4612268,135.0470175,35,245,2022
5,St Mary's Peak,PINALB,New,9/28/2022,29,31,11156,mature,9/28/2022,0.034460001,-0.00165,0.036929999,0.015790001,5,0,NA,1.289999962,Pinus albicaulus,Whitebark Pine,46.50029,-114.20339,6859,24.5,0.997200012,50.92,1.29,0.01579,6.449651678,2.5,5.09E-05,0.0001273,1.58E-05,3.224825839,8.062064598,3.45E-05,3.69E-05,118.2393887,515.0404244,88.31599769,8.062064598,0.124037711,3.62E-08,3511.764625,583.1790818,118.2393887,39,271,2022
5,St Mary's Peak,PINALB,Old,7/21/2022,29,31,11790,mature,7/21/2022,0.0385,-0.00431,0.049139999,0.01688,5,0,NA,1.179999948,Pinus albicaulus,Whitebark Pine,46.50029,-114.20339,6859,26,0.996810019,57.71,1.18,0.01688,6.837677725,2.5,5.77E-05,0.000144275,1.69E-05,3.418838863,8.547097156,3.85E-05,4.91E-05,128.0805673,NA,NA,8.547097156,0.116998787,4.30E-08,3355.832397,750.3666557,128.0805673,29,202,2022
5,St Mary's Peak,PINALB,Old,8/4/2022,29,31,11576,mature,8/4/2022,0.034839999,-0.00144,0.04132,0.01556,5,0,NA,1.039999962,Pinus albicaulus,Whitebark Pine,46.50029,-114.20339,6859,26,0.996810019,54.84,1.04,0.01556,7.048843188,2.5,5.48E-05,0.0001371,1.56E-05,3.524421594,8.811053985,3.48E-05,4.13E-05,123.9074452,NA,NA,8.811053985,0.113493802,3.64E-08,3762.91663,707.0221082,123.9074452,31,216,2022
5,St Mary's Peak,PINALB,Old,9/2/2022,29,31,11313,mature,9/2/2022,0.045960002,-0.00181,0.051830001,0.0211,5,0,NA,1.100000024,Pinus albicaulus,Whitebark Pine,46.50029,-114.20339,6859,25,0.997070014,69.94,1.1,0.0211,6.629383886,2.5,6.99E-05,0.00017485,2.11E-05,3.314691943,8.286729858,4.60E-05,5.18E-05,117.8199177,518.3387886,80.89814768,8.286729858,0.120674862,4.80E-08,3645.676972,640.7301075,117.8199177,35,245,2022
5,St Mary's Peak,PINALB,Old,9/28/2022,29,31,11144,mature,9/28/2022,0.03108,-0.00162,0.03404,0.01429,5,0,NA,1.139999986,Pinus albicaulus,Whitebark Pine,46.50029,-114.20339,6859,25,0.997070014,46.72,1.14,0.01429,6.538838348,2.5,4.67E-05,0.0001168,1.43E-05,3.269419174,8.173547936,3.11E-05,3.40E-05,117.4947475,511.4117969,85.01265726,8.173547936,0.122345893,3.28E-08,3557.647327,601.5713582,117.4947475,39,271,2022
5,TV1,ABILAS,New,7/18/2022,10,6,11910,mature,7/19/2022,0.00852,-0.00193,0.00933,0.00223,5,0,NA,0.540000021,Abies lasiocarpa,Subalpine Fir,47.018,-114.014,6817,26,0.996810019,19.67,0.54,0.00223,17.64125561,2.2,1.97E-05,4.33E-05,2.23E-06,8.820627803,19.40538117,8.52E-06,9.33E-06,282.0627688,599.3613773,88.59154739,19.40538117,0.051532097,1.05E-08,4123.492127,676.5446535,282.0627688,29,199,2022
5,TV1,ABILAS,New,8/1/2022,10,6,11445,mature,8/2/2022,0.00841,-0.00103,0.009,0.00318,5,0,NA,0.600000024,Abies lasiocarpa,Subalpine Fir,47.018,-114.014,6817,27.5,0.996399999,16.91,0.6,0.00318,10.63522013,2.2,1.69E-05,3.72E-05,3.18E-06,5.317610063,11.69874214,8.41E-06,9.00E-06,164.4654164,551.4488272,89.8625531,11.69874214,0.085479275,9.48E-09,3922.56182,613.6580902,164.4654164,31,213,2022
5,TV1,ABILAS,New,8/16/2022,10,6,11505,mature,8/16/2022,0.00783,-0.00102,0.00823,0.00319,5,0,NA,0.600000024,Abies lasiocarpa,Subalpine Fir,47.018,-114.014,6817,25.29999924,0.996990025,18.81,0.6,0.00319,11.79310345,2.2,1.88E-05,4.14E-05,3.19E-06,5.896551724,12.97241379,7.83E-06,8.23E-06,145.4545255,522.1648157,92.06348664,12.97241379,0.077086658,8.89E-09,4656.945441,567.1790574,145.4545255,33,228,2022
5,TV1,ABILAS,New,9/6/2022,10,6,11289,mature,9/6/2022,0.01013,-0.00127,0.01123,0.00424,5,0,NA,0.720000029,Abies lasiocarpa,Subalpine Fir,47.018,-114.014,6817,25,0.997070014,22.91,0.72,0.00424,10.80660377,2.2,2.29E-05,5.04E-05,4.24E-06,5.403301887,11.88726415,1.01E-05,1.12E-05,138.9150927,514.6100311,84.26323359,11.88726415,0.084123649,1.14E-08,4403.628887,610.7171648,138.9150927,36,249,2022
5,TV1,ABILAS,Old,7/18/2022,10,6,11922,mature,7/19/2022,0.01175,-0.00104,0.01255,0.00592,5,0,NA,0.870000005,Abies lasiocarpa,Subalpine Fir,47.018,-114.014,6817,25.5,0.996940017,19.91,0.87,0.00592,6.726351351,2.2,1.99E-05,4.38E-05,5.92E-06,3.363175676,7.398986486,1.17E-05,1.26E-05,98.479726,453.9511395,87.93362775,7.398986486,0.135153644,1.28E-08,3410.629309,516.2429336,98.479726,29,199,2022
5,TV1,ABILAS,Old,8/1/2022,10,6,11457,mature,8/2/2022,0.00945,-0.00099,0.01005,0.00438,5,0,NA,0.670000017,Abies lasiocarpa,Subalpine Fir,47.018,-114.014,6817,27.5,0.996399999,17.56,0.67,0.00438,8.01826484,2.2,1.76E-05,3.86E-05,4.38E-06,4.00913242,8.820091324,9.45E-06,1.00E-05,115.7534283,483.3736621,89.41799072,8.820091324,0.113377506,1.05E-08,3683.173862,540.5776379,115.7534283,31,213,2022
5,TV1,ABILAS,Old,8/16/2022,10,6,11517,mature,8/16/2022,0.01143,-0.00173,0.01247,0.00538,5,0,NA,0.790000021,Abies lasiocarpa,Subalpine Fir,47.018,-114.014,6817,25.29999924,0.996990025,19.45,79,0.00538,7.230483271,2.2,1.95E-05,4.28E-05,5.38E-06,3.615241636,7.953531599,1.14E-05,1.25E-05,112.4535312,457.8596844,85.33144704,7.953531599,0.125730311,1.32E-08,3238.316694,536.5661784,112.4535312,33,228,2022
5,TV1,ABILAS,Old,9/6/2022,10,6,11277,mature,9/6/2022,0.00928,-0.00094,0.0102,0.00436,5,0,NA,0.660000026,Abies lasiocarpa,Subalpine Fir,47.018,-114.014,6817,25,0.997070014,20.37,0.66,0.00436,9.344036697,2.2,2.04E-05,4.48E-05,4.36E-06,4.672018349,10.27844037,9.28E-06,1.02E-05,112.8440273,479.4926944,84.24656764,10.27844037,0.097291028,1.03E-08,4367.476976,569.153982,112.8440273,36,249,2022
5,TV1,LAROCC,New,6/27/2022,10,5,11720,mature,6/27/2022,0.00832,-0.00158,0.00926,0.00225,5,0,NA,0.469999999,Larix occidentalis,Western Larch,47.018,-114.014,6817,25,0.997070014,23.65,0.47,0.00225,21.02222222,2,2.37E-05,4.73E-05,2.25E-06,10.51111111,21.02222222,8.32E-06,9.26E-06,269.7777947,610.6907015,86.59058873,21.02222222,0.047568708,9.94E-09,4758.759408,705.262212,269.7777947,26,178,2022
5,TV1,LAROCC,New,8/1/2022,10,5,11493,mature,8/1/2022,0.00675,-0.00069,0.00725,0.0025,5,0,NA,0.469999999,Larix occidentalis,Western Larch,47.018,-114.014,6817,27.5,0.996399999,15.74,0.47,0.0025,12.592,2,1.57E-05,3.15E-05,2.50E-06,6.296,12.592,6.75E-06,7.25E-06,170.000013,568.5799262,89.47369195,12.592,0.0794155,7.47E-09,4211.504731,635.4716273,170.000013,31,213,2022
5,TV1,LAROCC,New,8/16/2022,10,5,11529,mature,8/16/2022,0.01321,-0.00277,0.01527,0.00413,5,0,NA,0.550000012,Larix occidentalis,Western Larch,47.018,-114.014,6817,25.5,0.996940017,36.74,0.55,0.00413,17.79176755,2,3.67E-05,7.35E-05,4.13E-06,8.895883777,17.79176755,1.32E-05,1.53E-05,219.8547272,565.8745823,81.50807285,17.79176755,0.056205767,1.60E-08,4579.346413,694.2558725,219.8547272,33,228,2022
5,TV1,LAROCC,New,9/6/2022,10,5,11325,mature,9/6/2022,0.00581,-0.00075,0.00658,0.00192,5,0,NA,0.330000013,Larix occidentalis,Western Larch,47.018,-114.014,6817,25,0.997070014,18.08,0.33,0.00192,18.83333333,2,1.81E-05,3.62E-05,1.92E-06,9.416666667,18.83333333,5.81E-06,6.58E-06,202.6041744,590.6273748,83.47639844,18.83333333,0.053097344,6.59E-09,5490.253366,707.5381615,202.6041744,36,249,2022
5,White Pine Creek,PINMON,New,6/21/2022,30,30,11660,mature,6/21/2022,0.00324,0,0.00366,0.00088,5,0,NA,0.629999995,Pinus monticola,Western White Pine,47.73889,-115.67531,3360,23.20000076,0.99752003,7.28,0.63,0.00088,16.54545455,2,7.28E-06,1.46E-05,8.80E-07,8.272727273,16.54545455,3.24E-06,3.66E-06,268.1818143,725.82346,84.89208812,16.54545455,0.060439561,3.25E-09,4477.961716,854.9954137,268.1818143,25,172,2022
5,White Pine Creek,PINMON,New,7/25/2022,30,30,11766,mature,7/25/2022,0.01804,-0.00193,0.02242,0.00615,5,0,NA,0.620000005,Pinus monticola,Western White Pine,47.73889,-115.67531,3360,25.5,0.996940017,44.18,0.62,0.00615,14.36747967,2,4.42E-05,8.84E-05,6.15E-06,7.183739837,14.36747967,1.80E-05,2.24E-05,193.3333354,NA,NA,14.36747967,0.069601627,2.01E-08,4406.449141,811.373129,193.3333354,30,206,2022
5,White Pine Creek,PINMON,New,8/15/2022,30,30,11421,mature,8/15/2022,0.02186,-0.00279,0.023739999,0.00781,5,0,NA,0.680000007,Pinus monticola,Western White Pine,47.73889,-115.67531,3360,26,0.996810019,50.36,0.68,0.00781,12.89628681,2,5.04E-05,0.00010072,7.81E-06,6.448143406,12.89628681,2.19E-05,2.37E-05,179.8975688,567.5626501,88.19837102,12.89628681,0.077541698,2.48E-08,4068.676911,643.5069532,179.8975688,33,227,2022
5,White Pine Creek,PINMON,New,9/20/2022,30,30,11132,mature,9/21/2022,0.030370001,-0.00415,0.037220001,0.01257,5,0,NA,0.730000019,Pinus monticola,Western White Pine,47.73889,-115.67531,3360,24.5,0.997200012,67.02,0.73,0.01257,10.66348449,2,6.70E-05,0.00013404,1.26E-05,5.331742243,10.66348449,3.04E-05,3.72E-05,141.6070019,NA,NA,10.66348449,0.093777979,3.47E-08,3868.014704,711.3292016,141.6070019,38,263,2022
5,White Pine Creek,PINMON,Old,6/21/2022,30,30,11648,mature,6/21/2022,0.0149,-0.00074,0.01804,0.0079,5,0,NA,0.75,Pinus monticola,Western White Pine,47.73889,-115.67531,3360,23.20000076,0.99752003,34.38,0.75,0.0079,8.703797468,2,3.44E-05,6.88E-05,7.90E-06,4.351898734,8.703797468,1.49E-05,1.80E-05,88.60760195,NA,NA,8.703797468,0.114892374,1.57E-08,4380.897928,646.0486417,88.60760195,25,172,2022
5,White Pine Creek,PINMON,Old,7/25/2022,30,30,11754,mature,7/25/2022,0.01401,-0.00127,0.01705,0.006,5,0,NA,0.800000012,Pinus monticola,Western White Pine,47.73889,-115.67531,3360,25.5,0.996940017,32.91,0.8,0.006,10.97,2,3.29E-05,6.58E-05,6.00E-06,5.485,10.97,1.40E-05,1.70E-05,133.4999987,NA,NA,10.97,0.091157704,1.53E-08,4289.884823,720.1948751,133.4999987,30,206,2022
5,White Pine Creek,PINMON,Old,8/15/2022,30,30,11433,mature,8/15/2022,0.01434,-0.00134,0.01736,0.006,5,0,NA,0.629999995,Pinus monticola,Western White Pine,47.73889,-115.67531,3360,26,0.996810019,NA,NA,NA,NA,NA,NA,NA,6.00E-06,NA,NA,1.43E-05,1.74E-05,139.0000017,NA,NA,NA,NA,1.57E-08,NA,721.4174964,NA,33,227,2022
5,White Pine Creek,PINMON,Old,9/20/2022,30,30,11120,mature,9/21/2022,0.024089999,-0.00226,0.030370001,0.01087,5,0,NA,0.819999993,Pinus monticola,Western White Pine,47.73889,-115.67531,3360,24.5,0.997200012,52.86,0.82,0.01087,9.725850966,2,5.29E-05,0.00010572,1.09E-05,4.862925483,9.725850966,2.41E-05,3.04E-05,121.6191235,NA,NA,9.725850966,0.10281877,2.65E-08,3996.695268,737.188416,121.6191235,38,263,2022
5,White Pine Creek,TSUHET,New,6/21/2022,30,29,11708,mature,6/22/2022,0.00328,-0.00031,0.00469,0.00067,5,0,NA,0.300000012,Tsuga heterophylla,Western Hemlock,47.73889,-115.67531,3360,23,0.997560024,15.58,0.3,0.00067,46.50746269,2,1.56E-05,3.12E-05,6.70E-07,23.25373134,46.50746269,3.28E-06,4.69E-06,389.5522632,NA,NA,46.50746269,0.021501925,3.60E-09,8649.369212,1115.868523,389.5522632,25,172,2022
5,White Pine Creek,TSUHET,New,7/25/2022,30,29,11802,mature,7/26/2022,0.00661,-0.00071,0.0077,0.00238,5,0,NA,0.439999998,Tsuga heterophylla,Western Hemlock,47.73889,-115.67531,3360,25,0.997070014,15.99,0.44,0.00238,13.43697479,2,1.60E-05,3.20E-05,2.38E-06,6.718487395,13.43697479,6.61E-06,7.70E-06,177.7310986,575.5686059,79.51127973,13.43697479,0.074421512,7.35E-09,4351.461861,723.8829608,177.7310986,30,206,2022
5,White Pine Creek,TSUHET,New,8/15/2022,30,29,11541,mature,8/15/2022,0.00475,-0.00177,0.00587,0.00173,5,0,NA,0.419999987,Tsuga heterophylla,Western Hemlock,47.73889,-115.67531,3360,26,0.996810019,13.24,0.42,0.00173,15.30635838,2,1.32E-05,2.65E-05,1.73E-06,7.653179191,15.30635838,4.75E-06,5.87E-06,174.5664623,NA,NA,15.30635838,0.065332327,6.55E-09,4044.127176,632.276677,174.5664623,33,227,2022
5,White Pine Creek,TSUHET,New,9/20/2022,30,29,11108,mature,9/21/2022,0.01177,-0.00249,0.01246,0.00445,5,0,NA,0.5,Tsuga heterophylla,Western Hemlock,47.73889,-115.67531,3360,24.5,0.997200012,30.64,0.5,0.00445,13.77078652,2,3.06E-05,6.13E-05,4.45E-06,6.885393258,13.77078652,1.18E-05,1.25E-05,164.4943829,511.3473911,91.38576614,13.77078652,0.072617492,1.43E-08,4280.788078,559.5481799,164.4943829,38,263,2022
5,White Pine Creek,TSUHET,Old,6/21/2022,30,29,11696,mature,6/22/2022,0.00837,-0.00109,0.01024,0.00434,5,0,NA,0.400000006,Tsuga heterophylla,Western Hemlock,47.73889,-115.67531,3360,23,0.997560024,21.36,0.4,0.01024,4.171875,2.2,2.14E-05,4.70E-05,4.34E-06,2.0859375,4.5890625,8.37E-06,1.02E-05,92.85714209,NA,NA,4.5890625,0.092356145,9.49E-09,4950.103023,621.5016732,92.85714209,25,172,2022
5,White Pine Creek,TSUHET,Old,7/25/2022,30,29,11814,mature,7/26/2022,0.00789,-0.00142,0.00826,0.00334,5,0,NA,0.519999981,Tsuga heterophylla,Western Hemlock,47.73889,-115.67531,3360,25,0.997070014,18.31,0.52,0.00334,10.96407186,2.2,1.83E-05,4.03E-05,3.34E-06,5.482035928,12.06047904,7.89E-06,8.26E-06,136.2275413,486.7764024,92.47968304,12.06047904,0.082915447,9.35E-09,4309.52247,526.3603706,136.2275413,30,206,2022
5,White Pine Creek,TSUHET,Old,8/15/2022,30,29,11553,mature,8/15/2022,0.00475,-0.00044,0.00502,0.00195,5,0,NA,0.50999999,Tsuga heterophylla,Western Hemlock,47.73889,-115.67531,3360,26,0.996810019,9.76,0.51,0.00195,10.01025641,2.2,9.76E-06,2.15E-05,1.95E-06,5.005128205,11.01128205,4.75E-06,5.02E-06,143.5897424,537.2112241,91.2052057,11.01128205,0.090815944,5.21E-09,4119.642791,589.0137739,143.5897424,33,227,2022
5,White Pine Creek,TSUHET,Old,9/20/2022,30,29,11096,mature,9/21/2022,0.00968,-0.00143,0.01008,0.00405,5,0,NA,0.469999999,Tsuga heterophylla,Western Hemlock,47.73889,-115.67531,3360,24.5,0.997200012,23.24,0.47,0.00405,11.47654321,2.2,2.32E-05,5.11E-05,4.05E-06,5.738271605,12.62419753,9.68E-06,1.01E-05,139.0123428,504.7993974,93.36649696,12.62419753,0.079212958,1.12E-08,4584.25994,540.6643859,139.0123428,38,263,2022
6,Blue Mountain,PINPON,New,6/23/2022,20,4,11685,mature,6/23/2022,0.02407,0.00027,0.028899999,0.00687,5,0,NA,1.529999971,Pinus ponderosa,Ponderosa Pine,46.82981,-114.11812,NA,23.5,0.997439981,39.17,1.53,0.00687,11.40320233,2.2,3.92E-05,8.62E-05,6.87E-06,5.701601164,12.54352256,2.41E-05,2.89E-05,250.363897,720.0797588,78.07535524,12.54352256,0.079722424,2.39E-08,3607.683297,922.288162,250.363897,25,174,2022
6,Blue Mountain,PINPON,New,7/27/2022,20,4,11827,mature,7/27/2022,0.095710002,0.00174,0.106749997,0.035069998,5,0,NA,1.460000038,Pinus ponderosa,Ponderosa Pine,46.82981,-114.11812,NA,26.5,0.996680021,188.36,1.46,0.03507,10.74194468,2.2,0.00018836,0.000414392,3.51E-05,5.370972341,11.81613915,9.57E-05,0.00010675,172.9113384,642.4919339,84.59822135,11.81613915,0.084630008,9.44E-08,4390.559069,759.4626975,172.9113384,30,208,2022
6,Blue Mountain,PINPON,New,8/25/2022,20,4,11350,mature,8/26/2022,0.070289999,-0.0016,0.079609998,0.02815,5,0,NA,1.399999976,Pinus ponderosa,Ponderosa Pine,46.82981,-114.11812,NA,24,0.997319996,144.82,1.4,0.02815,10.28916519,2.2,0.00014482,0.000318604,2.81E-05,5.144582593,11.31808171,7.03E-05,7.96E-05,149.6980464,583.9865642,81.88884822,11.31808171,0.088354194,7.22E-08,4415.293242,713.1454122,149.6980464,34,237,2022
6,Blue Mountain,PINPON,New,9/20/2022,20,4,11193,mature,9/20/2022,0.042599998,-0.00014,0.048500001,0.017589999,5,0,NA,0.74000001,Pinus ponderosa,Ponderosa Pine,46.82981,-114.11812,NA,24,0.997319996,67.99,0.74,0.01759,7.730528709,2.2,6.80E-05,0.000149578,1.76E-05,3.865264355,8.50358158,4.26E-05,4.85E-05,142.1830583,582.983121,80.91231763,8.50358158,0.117597503,4.29E-08,3486.663438,720.5122015,142.1830583,38,263,2022
6,Blue Mountain,PINPON,Old,6/23/2022,20,4,11673,mature,6/23/2022,0.056359999,0.00053,0.066200003,0.0277,5,0,NA,1.600000024,Pinus ponderosa,Ponderosa Pine,46.82981,-114.11812,NA,23.5,0.997439981,NA,NA,NA,NA,NA,NA,NA,2.77E-05,NA,NA,5.64E-05,6.62E-05,103.4657035,NA,NA,NA,NA,5.60E-08,NA,687.1036662,NA,25,174,2022
6,Blue Mountain,PINPON,Old,7/27/2022,20,4,11839,mature,7/27/2022,0.04132,-0.00109,0.049389999,0.01888,5,0,NA,1.519999981,Pinus ponderosa,Ponderosa Pine,46.82981,-114.11812,NA,26.5,0.996680021,69.37,1.52,0.01888,7.348516949,2.3,6.94E-05,0.000159551,1.89E-05,3.674258475,8.450794492,4.13E-05,4.94E-05,118.8559275,NA,NA,8.450794492,0.118332071,4.26E-08,3745.665206,716.2615199,118.8559275,30,208,2022
6,Blue Mountain,PINPON,Old,8/25/2022,20,4,11338,mature,8/26/2022,0.05469,0.00083,0.056249999,0.025280001,5,0,NA,1.399999976,Pinus ponderosa,Ponderosa Pine,46.82981,-114.11812,NA,24,0.997319996,85.23,1.4,0.02528,6.742879747,2.3,8.52E-05,0.000196029,2.53E-05,3.371439873,7.754311709,5.47E-05,5.62E-05,116.3370185,544.0082313,94.96287069,7.754311709,0.128960514,5.41E-08,3626.024926,572.8641387,116.3370185,34,237,2022
6,Blue Mountain,PINPON,Old,9/20/2022,20,4,11206,mature,9/20/2022,0.02661,0,0.03112,0.01256,5,0,NA,0.680000007,Pinus ponderosa,Ponderosa Pine,46.82981,-114.11812,NA,24,0.997319996,55.15,0.68,0.01256,8.781847134,2.3,5.52E-05,0.000126845,1.26E-05,4.390923567,10.0991242,2.66E-05,3.11E-05,111.8630627,526.0272793,75.70043007,10.0991242,0.099018485,2.67E-08,4749.034063,694.8801728,111.8630627,38,263,2022
6,Blue Mountain,PSEMEN,New,6/30/2022,20,2,10772,mature,6/30/2022,0.01042,-0.00131,0.01156,0.00282,5,0,NA,1.059999943,Pseudotsuga menzeseii,Douglas Fir,46.82981,-114.11812,NA,24.5,0.997200012,25.3,NA,0.00282,17.94326241,2.3,2.53E-05,5.82E-05,2.82E-06,8.971631206,20.63475177,1.04E-05,1.16E-05,269.5035456,645.4165165,86.95652823,20.63475177,0.048461936,1.18E-08,4941.682429,742.2289386,269.5035456,26,181,2022
6,Blue Mountain,PSEMEN,New,7/27/2022,20,2,10820,mature,7/27/2022,0.0164,-0.00141,0.019889999,0.00575,5,0,NA,NA,Pseudotsuga menzeseii,Douglas Fir,46.82981,-114.11812,NA,27,0.99654001,29.87,NA,0.00575,10.38956522,2.3,2.99E-05,6.87E-05,5.75E-06,5.194782609,11.948,1.64E-05,1.99E-05,185.2173921,595.2813816,75.31825102,11.948,0.083696016,1.79E-08,3840.039993,790.3547593,185.2173921,30,208,2022
6,Blue Mountain,PSEMEN,New,8/25/2022,20,2,10965,mature,8/25/2022,0.01559,-0.00135,0.01974,0.00572,5,0,NA,NA,Pseudotsuga menzeseii,Douglas Fir,46.82981,-114.11812,NA,25,0.997070014,34.54,NA,0.00572,12.07692308,2.3,3.45E-05,7.94E-05,5.72E-06,6.038461538,13.88846154,1.56E-05,1.97E-05,172.5524573,NA,NA,13.88846154,0.072002213,1.70E-08,4670.943008,824.3325155,172.5524573,34,237,2022
6,Blue Mountain,PSEMEN,New,9/20/2022,20,2,11013,mature,9/20/2022,0.016419999,-0.0022,0.01915,0.00633,5,0,NA,NA,Pseudotsuga menzeseii,Douglas Fir,46.82981,-114.11812,NA,24,0.997319996,31.07,NA,0.00633,9.816745656,2.3,3.11E-05,7.15E-05,6.33E-06,4.908372828,11.2892575,1.64E-05,1.92E-05,159.3996824,539.8688792,78.70514273,11.2892575,0.088579782,1.87E-08,3823.545271,685.9385048,159.3996824,38,263,2022
6,Blue Mountain,PSEMEN,Old,6/30/2022,20,2,10760,mature,6/30/2022,0.01029,-0.00039,0.01062,0.00519,5,0,NA,1.330000043,Pseudotsuga menzeseii,Douglas Fir,46.82981,-114.11812,NA,24.5,0.997200012,24.16,NA,0.00519,9.310211946,2.3,2.42E-05,5.56E-05,5.19E-06,4.655105973,10.70674374,1.03E-05,1.06E-05,98.2658917,475.6893258,93.92264843,10.70674374,0.093399077,1.07E-08,5182.961944,506.4692422,98.2658917,26,181,2022
6,Blue Mountain,PSEMEN,Old,7/27/2022,20,2,10808,mature,7/27/2022,0.0133,-0.00118,0.01385,0.00543,5,0,NA,NA,Pseudotsuga menzeseii,Douglas Fir,46.82981,-114.11812,NA,27,0.99654001,28.47,NA,0.00543,10.48618785,2.3,2.85E-05,6.55E-05,5.43E-06,5.243093923,12.05911602,1.33E-05,1.38E-05,144.9355432,541.0567009,93.46793341,12.05911602,0.082924816,1.45E-08,4501.770582,578.8687961,144.9355432,30,208,2022
6,Blue Mountain,PSEMEN,Old,8/25/2022,20,2,10953,mature,8/25/2022,0.01282,-0.00096,0.016100001,0.00535,5,0,NA,NA,Pseudotsuga menzeseii,Douglas Fir,46.82981,-114.11812,NA,25,0.997070014,32.68,NA,0.00535,12.21682243,2.3,3.27E-05,7.52E-05,5.35E-06,6.108411215,14.04934579,1.28E-05,1.61E-05,139.6261549,NA,NA,14.04934579,0.071177694,1.38E-08,5432.859546,777.0108311,139.6261549,34,237,2022
6,Blue Mountain,PSEMEN,Old,9/20/2022,20,2,11001,mature,9/20/2022,0.01039,-0.00155,0.01347,0.00452,5,0,NA,NA,Pseudotsuga menzeseii,Douglas Fir,46.82981,-114.11812,NA,24,0.997319996,23.31,NA,0.00452,10.31415929,2.3,2.33E-05,5.36E-05,4.52E-06,5.157079646,11.86128319,1.04E-05,1.35E-05,129.867268,NA,NA,11.86128319,0.08430791,1.20E-08,4473.449853,746.7848252,129.867268,38,263,2022
6,Jerry Johnson,ABIGRA,New,6/15/2022,27,10,11745,mature,6/16/2022,0.00351,-0.00129,0.00411,0.0009,5,0,NA,1.330000043,Abies grandis,Grand Fir,46.47389,-114.88439,3081,23.5,0.997439981,14.26,1.33,9.00E-04,31.68888889,2.1,1.43E-05,2.99E-05,9.00E-07,15.84444444,33.27333333,3.51E-06,4.11E-06,290.0000013,541.786751,81.30840735,33.27333333,0.030054097,4.82E-09,6216.224618,666.3354611,290.0000013,24,166,2022
6,Jerry Johnson,ABIGRA,New,7/13/2022,27,10,11887,mature,7/13/2022,0.020989999,-0.00392,0.02208,0.00599,5,0,NA,0.629999995,Abies grandis,Grand Fir,46.47389,-114.88439,3081,26.5,0.996680021,41.13,0.63,0.00599,13.73288815,2.1,4.11E-05,8.64E-05,5.99E-06,6.866444073,14.41953255,2.10E-05,2.21E-05,250.4173499,599.5359355,93.22559801,14.41953255,0.069350375,2.50E-08,3452.248008,643.1022684,250.4173499,28,194,2022
6,Jerry Johnson,ABIGRA,New,8/24/2022,27,10,11374,mature,8/25/2022,0.0385,-0.00819,0.040600002,0.01407,5,0,NA,0.529999971,Abies grandis,Grand Fir,46.47389,-114.88439,3081,24.79999924,0.997120023,89.62,0.53,0.01407,12.73916134,2.1,8.96E-05,0.000188202,1.41E-05,6.369580668,13.3761194,3.85E-05,4.06E-05,173.6318477,521.1817597,92.08442577,13.3761194,0.074760096,4.69E-08,4015.040878,565.9825267,173.6318477,34,236,2022
6,Jerry Johnson,ABIGRA,New,9/12/2022,27,10,11181,mature,9/13/2022,0.03263,-0.00707,0.034910001,0.01206,5,0,NA,0.540000021,Abies grandis,Grand Fir,46.47389,-114.88439,3081,24.5,0.997200012,75.32,0.54,0.01206,12.49087894,2.1,7.53E-05,0.000158172,1.21E-05,6.245439469,13.11542289,3.26E-05,3.49E-05,170.5638579,516.1409183,90.02187976,13.11542289,0.076246109,3.99E-08,3968.840001,573.3505229,170.5638579,37,255,2022
6,Jerry Johnson,ABIGRA,Old,6/15/2022,27,10,11733,mature,6/16/2022,0.02619,-0.00223,0.033199999,0.0131,5,0,NA,1.820000052,Abies grandis,Grand Fir,46.47389,-114.88439,3081,23.5,0.997439981,45.31,1.82,0.0131,6.917557252,2.5,4.53E-05,0.000113275,1.31E-05,3.458778626,8.646946565,2.62E-05,3.32E-05,99.92365999,NA,NA,8.646946565,0.115647761,2.85E-08,3971.358731,704.6948403,99.92365999,24,166,2022
6,Jerry Johnson,ABIGRA,Old,7/13/2022,27,10,11899,mature,7/13/2022,0.03647,-0.00541,0.046220001,0.01517,5,0,NA,0.75,Abies grandis,Grand Fir,46.47389,-114.88439,3081,26.5,0.996680021,64.01,0.75,0.01517,8.43902439,2.5,6.40E-05,0.000160025,1.52E-05,4.219512195,10.54878049,3.65E-05,4.62E-05,140.4087063,NA,NA,10.54878049,0.094797685,4.21E-08,3804.335949,738.1636373,140.4087063,28,194,2022
6,Jerry Johnson,ABIGRA,Old,8/24/2022,27,10,11386,mature,8/25/2022,0.03489,-0.0062,0.045729998,0.01452,5,0,NA,0.629999995,Abies grandis,Grand Fir,46.47389,-114.88439,3081,24.79999924,0.997120023,69.59,0.63,0.01452,9.585399449,2.5,6.96E-05,0.000173975,1.45E-05,4.792699725,11.98174931,3.49E-05,4.57E-05,140.289259,NA,NA,11.98174931,0.083460266,4.13E-08,4217.35653,756.5667027,140.289259,34,236,2022
6,Jerry Johnson,ABIGRA,Old,9/12/2022,27,10,11169,mature,9/13/2022,0.034469999,-0.00603,0.044580001,0.01438,5,0,NA,0.579999983,Abies grandis,Grand Fir,46.47389,-114.88439,3081,24.5,0.997200012,77.12,0.58,0.01438,10.72600834,2.5,7.71E-05,0.0001928,1.44E-05,5.363004172,13.40751043,3.45E-05,4.46E-05,139.70793,NA,NA,13.40751043,0.07458506,4.07E-08,4742.16333,742.8077853,139.70793,37,255,2022
6,Jerry Johnson,THUPLI,NS,6/15/2022,27,28,11589,mature,6/16/2022,0.064499997,-0.00936,0.068860002,0.037730001,5,0,NA,0.75,Thuja plicata,Western Red Cedar,46.47389,-114.88439,3081,24,0.997319996,127.33,0.75,0.03773,6.749536178,2.3,0.00012733,0.000292859,3.77E-05,3.374768089,7.761966605,6.45E-05,6.89E-05,70.95148434,361.0903049,85.99420133,7.761966605,0.128833332,7.41E-08,3950.263825,419.9007599,70.95148434,24,166,2022
6,Jerry Johnson,THUPLI,NS,7/13/2022,27,28,11875,mature,7/13/2022,0.0134,-0.00241,0.01612,0.00567,5,0,NA,0.769999981,Thuja plicata,Western Red Cedar,46.47389,-114.88439,3081,26.5,0.996680021,24.75,0.77,0.00567,8.73015873,2.3,2.48E-05,5.69E-05,5.67E-06,4.365079365,10.03968254,1.34E-05,1.61E-05,136.3315679,NA,NA,10.03968254,0.099604741,1.59E-08,3584.832591,658.0852064,136.3315679,28,194,2022
6,Jerry Johnson,THUPLI,NS,8/24/2022,27,28,11362,mature,8/25/2022,0.01732,-0.00327,0.02025,0.00815,5,0,NA,0.620000005,Thuja plicata,Western Red Cedar,46.47389,-114.88439,3081,24.79999924,0.997120023,40.1,0.62,0.00815,9.840490798,2.3,4.01E-05,9.22E-05,8.15E-06,4.920245399,11.31656442,1.73E-05,2.03E-05,112.5153297,443.6112862,75.78512033,11.31656442,0.088366043,2.07E-08,4461.752575,585.3540698,112.5153297,34,236,2022
6,Jerry Johnson,THUPLI,NS,9/12/2022,27,28,11266,mature,9/13/2022,0.02689,-0.00702,0.031270001,0.01177,5,0,NA,0.639999986,Thuja plicata,Western Red Cedar,46.47389,-114.88439,3081,25,0.997070014,65.4,0.64,0.01177,11.11299915,2.3,6.54E-05,0.00015042,1.18E-05,5.556499575,12.77994902,2.69E-05,3.13E-05,128.4621997,444.1112965,77.5384592,12.77994902,0.078247572,3.40E-08,4418.202293,572.762602,128.4621997,37,255,2022
6,Spring Gulch,PICENG,New,6/28/2022,6,27,11625,mature,6/29/2022,0.01017,-0.0016,0.01243,0.00168,5,0,NA,0.970000029,Picea engelmannii,Engelmann Spruce,46.73587,-114.5362,NA,25.5,0.996940017,14.39,0.97,0.00168,17.13095238,2.4,1.44E-05,3.45E-05,1.68E-06,8.56547619,20.55714286,1.02E-05,1.24E-05,505.3571283,718.3603194,78.97674031,20.55714286,0.048644892,1.18E-08,2922.178198,909.5846658,505.3571283,26,179,2022
6,Spring Gulch,PICENG,New,7/13/2022,6,27,11935,mature,7/14/2022,0.01637,-0.00186,0.017759999,0.00508,5,0,NA,1.120000005,Picea engelmannii,Engelmann Spruce,46.73587,-114.5362,NA,26,0.996810019,21.81,1.12,0.00508,8.586614173,2.4,2.18E-05,5.23E-05,5.08E-06,4.293307087,10.30393701,1.64E-05,1.78E-05,222.2440987,616.6825862,89.03786256,10.30393701,0.097050283,1.83E-08,2859.134852,692.6071319,222.2440987,28,194,2022
6,Spring Gulch,PICENG,New,8/8/2022,6,27,11482,mature,8/9/2022,0.02,-0.00103,0.02114,0.00811,5,0,NA,0.930000007,Picea engelmannii,Engelmann Spruce,46.73587,-114.5362,NA,26,0.996810019,26.56,0.93,0.00811,6.549938348,2.4,2.66E-05,6.37E-05,8.11E-06,3.274969174,7.859926017,2.00E-05,2.11E-05,146.6091245,562.9852127,91.25095705,7.859926017,0.127227658,2.11E-08,3018.244761,616.9636253,146.6091245,32,220,2022
6,Spring Gulch,PICENG,New,9/12/2022,6,27,11230,mature,9/13/2022,0.01362,-0.00023,0.01453,0.00612,5,0,NA,0.870000005,Picea engelmannii,Engelmann Spruce,46.73587,-114.5362,NA,25,0.997070014,21.14,0.87,0.00612,6.908496732,2.4,2.11E-05,5.07E-05,6.12E-06,3.454248366,8.290196078,1.36E-05,1.45E-05,122.5490238,539.3607036,89.17954913,8.290196078,0.120624409,1.39E-08,3648.667143,604.803129,122.5490238,37,255,2022
6,Spring Gulch,PICENG,Old,6/28/2022,6,27,11637,mature,6/29/2022,0.02032,0.00043,0.022700001,0.0107,5,0,NA,1.279999971,Picea engelmannii,Engelmann Spruce,46.73587,-114.5362,NA,25,0.997070014,23.02,1.28,0.0107,4.302803738,2.7,2.30E-05,6.22E-05,1.07E-05,2.151401869,5.808785047,2.03E-05,2.27E-05,89.90653526,481.734862,80.16666328,5.808785047,0.172153046,2.00E-08,3112.447985,600.9166932,89.90653526,26,179,2022
6,Spring Gulch,PICENG,Old,7/13/2022,6,27,11947,mature,7/14/2022,0.01346,0,0.01403,0.00659,5,0,NA,1.080000043,Picea engelmannii,Engelmann Spruce,46.73587,-114.5362,NA,26,0.996810019,18.65,1.08,0.00659,5.660091047,2.7,1.87E-05,5.04E-05,6.59E-06,2.830045524,7.641122914,1.35E-05,1.40E-05,104.2488661,508.2367827,92.33870799,7.641122914,0.130870815,1.35E-08,3725.220175,550.4049101,104.2488661,28,194,2022
6,Spring Gulch,PICENG,Old,8/8/2022,6,27,11470,mature,8/9/2022,0.016410001,-0.0003,0.0178,0.00735,5,0,NA,0.910000026,Picea engelmannii,Engelmann Spruce,46.73587,-114.5362,NA,25.5,0.996940017,24.15,0.91,0.00735,6.571428571,2.7,2.42E-05,6.52E-05,7.35E-06,3.285714286,8.871428571,1.64E-05,1.78E-05,123.2653119,539.9615892,86.69857405,8.871428571,0.112721418,1.68E-08,3886.114055,622.8033103,123.2653119,32,220,2022
6,Spring Gulch,PICENG,Old,9/12/2022,6,27,11218,mature,9/13/2022,0.01263,-0.00028,0.01357,0.00603,5,0,NA,0.939999998,Picea engelmannii,Engelmann Spruce,46.73587,-114.5362,NA,25,0.997070014,NA,NA,NA,NA,NA,NA,NA,6.03E-06,NA,NA,1.26E-05,1.36E-05,109.4527391,509.1966094,87.53314903,NA,NA,1.30E-08,NA,581.7186004,NA,37,255,2022
6,Spring Gulch,PINCON,New,6/28/2022,6,1,11601,mature,6/29/2022,0.0043,0.00017,0.00569,0.00133,5,0,NA,1.080000043,Pinus contorta,Lodgepole Pine,46.73587,-114.5362,NA,26,0.996810019,10.02,1.08,0.00133,15.06766917,2.2,1.00E-05,2.20E-05,1.33E-06,7.533834586,16.57443609,4.30E-06,5.69E-06,223.3082819,716.0787914,68.1192691,16.57443609,0.060333878,4.15E-09,5314.895656,1051.213263,223.3082819,26,179,2022
6,Spring Gulch,PINCON,New,7/13/2022,6,1,11863,mature,7/14/2022,0.0221,0.00059,0.02256,0.00611,5,0,NA,1.309999943,Pinus contorta,Lodgepole Pine,46.73587,-114.5362,NA,26,0.996810019,45.1,1.31,0.00611,14.76268412,2.2,4.51E-05,9.92E-05,6.11E-06,7.381342062,16.23895254,2.21E-05,2.26E-05,261.7021254,740.2228038,97.20364319,16.23895254,0.061580326,2.16E-08,4593.177469,761.5175517,261.7021254,28,194,2022
6,Spring Gulch,PINCON,New,8/8/2022,6,1,11398,mature,8/9/2022,0.04298,0.00061,0.047320001,0.01602,5,0,NA,0.660000026,Pinus contorta,Lodgepole Pine,46.73587,-114.5362,NA,26,0.996810019,76.2,0.66,0.01602,9.513108614,2.2,7.62E-05,0.00016764,1.60E-05,4.756554307,10.46441948,4.30E-05,4.73E-05,168.2896406,633.6009703,86.13418424,10.46441948,0.095561918,4.26E-08,3939.7947,735.5975748,168.2896406,32,220,2022
6,Spring Gulch,PINCON,New,9/12/2022,6,1,11254,mature,9/13/2022,0.0537,-0.00235,0.065190002,0.023089999,5,0,NA,0.649999976,Pinus contorta,Lodgepole Pine,46.73587,-114.5362,NA,24.5,0.997200012,97.94,0.6,0.02309,8.483326115,2.2,9.79E-05,0.000215468,2.31E-05,4.241663058,9.331658727,5.37E-05,6.52E-05,132.5682183,NA,NA,9.331658727,0.107162081,5.63E-08,3829.408141,748.2229111,132.5682183,37,255,2022
6,Spring Gulch,PINCON,Old,6/28/2022,6,1,11613,mature,6/29/2022,0.029890001,-0.00044,0.035300002,0.01503,5,0,NA,1.289999962,Pinus contorta,Lodgepole Pine,46.73587,-114.5362,NA,26,0.996810019,53.19,1.29,0.01503,7.077844311,2.4,5.32E-05,0.000127656,1.50E-05,3.538922156,8.493413174,2.99E-05,3.53E-05,98.86892952,NA,NA,8.493413174,0.117738299,3.05E-08,4191.053621,665.4811501,98.86892952,26,179,2022
6,Spring Gulch,PINCON,Old,7/13/2022,6,1,11851,mature,7/14/2022,0.038600001,-0.0015,0.045929998,0.017659999,5,0,NA,1.350000024,Pinus contorta,Lodgepole Pine,46.73587,-114.5362,NA,26,0.996810019,66,1.35,0.01766,7.474518686,2.4,6.60E-05,0.0001584,1.77E-05,3.737259343,8.969422424,3.86E-05,4.59E-05,118.5730619,NA,NA,8.969422424,0.111489895,4.03E-08,3933.373575,701.9978912,118.5730619,28,194,2022
6,Spring Gulch,PINCON,Old,8/8/2022,6,1,11410,mature,8/9/2022,0.031970002,-0.00099,0.038040001,0.01491,5,0,NA,0.540000021,Pinus contorta,Lodgepole Pine,46.73587,-114.5362,NA,26,0.996810019,60.82,0.54,0.01491,8.158283032,2.4,6.08E-05,0.000145968,1.49E-05,4.079141516,9.789939638,3.20E-05,3.80E-05,114.4198588,NA,NA,9.789939638,0.102145678,3.31E-08,4409.860376,698.7837951,114.4198588,32,220,2022
6,Spring Gulch,PINCON,Old,9/12/2022,6,1,11242,mature,9/13/2022,0.04047,-0.00125,0.048209999,0.018959999,5,0,NA,0.560000002,Pinus contorta,Lodgepole Pine,46.73587,-114.5362,NA,24.5,0.997200012,68.83,0.56,0.01896,7.260548523,2.4,6.88E-05,0.000165192,1.90E-05,3.630274262,8.712658228,4.05E-05,4.82E-05,113.4493793,NA,NA,8.712658228,0.114775528,4.19E-08,3944.293291,698.402934,113.4493793,37,255,2022
6,St Mary's Peak,PINALB,New,7/21/2022,29,31,11779,mature,7/21/2022,0.01422,-0.00111,0.01677,0.00379,5,0,NA,0.99000001,Pinus albicaulus,Whitebark Pine,46.50029,-114.20339,6859,26,0.996810019,28.74,0.99,0.00379,15.16622691,2.5,2.87E-05,7.19E-05,3.79E-06,7.583113456,18.95778364,1.42E-05,1.68E-05,275.1978968,677.480136,80.35439551,18.95778364,0.052748782,1.54E-08,4667.013094,843.1152169,275.1978968,29,202,2022
6,St Mary's Peak,PINALB,New,8/4/2022,29,31,11565,mature,8/4/2022,0.041129999,-0.00074,0.045529999,0.01476,5,0,NA,1.070000052,Pinus albicaulus,Whitebark Pine,46.50029,-114.20339,6859,26,0.996810019,62.04,1.07,0.01476,8.406504065,2.5,6.20E-05,0.0001551,1.48E-05,4.203252033,10.50813008,4.11E-05,4.55E-05,178.6585345,627.135773,85.70035717,10.50813008,0.095164408,4.20E-08,3688.61439,731.7773154,178.6585345,31,216,2022
6,St Mary's Peak,PINALB,New,9/2/2022,29,31,11302,mature,9/2/2022,0.038710002,-0.00158,0.039450001,0.016310001,5,0,NA,1.059999943,Pinus albicaulus,Whitebark Pine,46.50029,-114.20339,6859,25,0.997070014,55.01,1.06,0.01631,6.745554874,2.5,5.50E-05,0.000137525,1.63E-05,3.372777437,8.431943593,3.87E-05,3.95E-05,137.3390556,553.756142,96.80207818,8.431943593,0.118596625,4.05E-08,3399.790616,572.0498489,137.3390556,35,245,2022
6,St Mary's Peak,PINALB,New,9/28/2022,29,31,11157,mature,9/28/2022,0.032159999,-0.00072,0.037810002,0.01452,5,0,NA,1.029999971,Pinus albicaulus,Whitebark Pine,46.50029,-114.20339,6859,24.5,0.997200012,49.84,1.03,0.01452,6.865013774,2.5,4.98E-05,0.0001246,1.45E-05,3.432506887,8.581267218,3.22E-05,3.78E-05,121.4876005,534.4305301,75.74065232,8.581267218,0.116532903,3.30E-08,3774.945962,705.6059246,121.4876005,39,271,2022
6,St Mary's Peak,PINALB,Old,7/21/2022,29,31,11791,mature,7/21/2022,0.031569999,-0.00148,0.036180001,0.01371,5,0,NA,0.930000007,Pinus albicaulus,Whitebark Pine,46.50029,-114.20339,6859,26,0.996810019,46.75,0.93,0.01371,6.819839533,2.5,4.68E-05,0.000116875,1.37E-05,3.409919767,8.524799416,3.16E-05,3.62E-05,130.269873,538.1017361,79.48374807,8.524799416,0.11730481,3.32E-08,3521.312632,676.9959258,130.269873,29,202,2022
6,St Mary's Peak,PINALB,Old,8/4/2022,29,31,11577,mature,8/4/2022,0.035360001,-0.00182,0.042610001,0.01549,5,0,NA,1.029999971,Pinus albicaulus,Whitebark Pine,46.50029,-114.20339,6859,26,0.996810019,63.76,1.03,0.01549,8.232408005,2.5,6.38E-05,0.0001594,1.55E-05,4.116204003,10.29051001,3.54E-05,4.26E-05,128.2763119,NA,NA,10.29051001,0.097176914,3.73E-08,4269.070501,726.3312102,128.2763119,31,216,2022
6,St Mary's Peak,PINALB,Old,9/2/2022,29,31,11314,mature,9/2/2022,0.04843,-0.00207,0.051789999,0.021740001,5,0,NA,1.080000043,Pinus albicaulus,Whitebark Pine,46.50029,-114.20339,6859,25,0.997070014,78.26,1.08,0.02174,7.199632015,2.5,7.83E-05,0.00019565,2.17E-05,3.599816007,8.999540018,4.84E-05,5.18E-05,122.7690798,526.4110369,88.81863662,8.999540018,0.111116794,5.07E-08,3858.835668,592.6808347,122.7690798,35,245,2022
6,St Mary's Peak,PINALB,Old,9/28/2022,29,31,11145,mature,9/28/2022,0.030719999,-0.00125,0.034650002,0.01396,5,0,NA,1.00999999,Pinus albicaulus,Whitebark Pine,46.50029,-114.20339,6859,25,0.997070014,50.67,1.01,0.01396,7.259312321,2.5,5.07E-05,0.000126675,1.40E-05,3.62965616,9.074140401,3.07E-05,3.47E-05,120.057299,522.1546748,81.00530615,9.074140401,0.110203277,3.21E-08,3946.536217,644.593175,120.057299,39,271,2022
6,TV1,ABILAS,New,7/18/2022,10,6,11911,mature,7/19/2022,0.00929,-0.00182,0.01008,0.00266,5,0,NA,0.569999993,Abies lasiocarpa,Subalpine Fir,47.018,-114.014,6817,26,0.996810019,22.37,0.57,0.00266,16.81954887,2.2,2.24E-05,4.92E-05,2.66E-06,8.409774436,18.50150376,9.29E-06,1.01E-05,249.2481365,594.2290619,89.3531008,18.50150376,0.054049661,1.12E-08,4410.918126,665.0346284,249.2481365,29,199,2022
6,TV1,ABILAS,New,8/1/2022,10,6,11446,mature,8/2/2022,0.01,-0.0013,0.01074,0.00409,5,0,NA,0.670000017,Abies lasiocarpa,Subalpine Fir,47.018,-114.014,6817,27.5,0.996399999,19.47,0.67,0.00409,9.520782396,2.2,1.95E-05,4.28E-05,4.09E-06,4.760391198,10.47286064,1.00E-05,1.07E-05,144.4987754,520.5764882,88.87217955,10.47286064,0.095484894,1.14E-08,3772.990513,585.7586602,144.4987754,31,213,2022
6,TV1,ABILAS,New,8/16/2022,10,6,11506,mature,8/16/2022,0.00714,-0.00105,0.00764,0.00325,5,0,NA,0.639999986,Abies lasiocarpa,Subalpine Fir,47.018,-114.014,6817,25.29999924,0.996990025,17.69,0.64,0.00325,10.88615385,2.2,1.77E-05,3.89E-05,3.25E-06,5.443076923,11.97476923,7.14E-06,7.64E-06,119.6922996,473.0408081,88.61047623,11.97476923,0.083508918,8.22E-09,4732.597181,533.8429814,119.6922996,33,228,2022
6,TV1,ABILAS,New,9/6/2022,10,6,11290,mature,9/6/2022,0.00933,-0.00137,0.01,0.00406,5,0,NA,0.639999986,Abies lasiocarpa,Subalpine Fir,47.018,-114.014,6817,25,0.997070014,22.17,0.64,0.00406,10.92118227,2.2,2.22E-05,4.88E-05,4.06E-06,5.460591133,12.01330049,9.33E-06,1.00E-05,129.8029404,490.5628102,88.7205383,12.01330049,0.083241075,1.07E-08,4540.173102,552.9303807,129.8029404,36,249,2022
6,TV1,ABILAS,Old,7/18/2022,10,6,11923,mature,7/19/2022,0.00925,-0.00085,0.01016,0.00456,5,0,NA,0.629999995,Abies lasiocarpa,Subalpine Fir,47.018,-114.014,6817,25.5,0.996940017,19.89,0.63,0.00456,8.723684211,2.2,1.99E-05,4.38E-05,4.56E-06,4.361842105,9.596052632,9.25E-06,1.02E-05,102.8508888,462.4476779,83.75000177,9.596052632,0.104209511,1.01E-08,4314.66612,552.1763202,102.8508888,29,199,2022
6,TV1,ABILAS,Old,8/1/2022,10,6,11458,mature,8/2/2022,0.00811,-0.00163,0.0088,0.00367,5,0,NA,0.670000017,Abies lasiocarpa,Subalpine Fir,47.018,-114.014,6817,27.5,0.996399999,14.35,0.67,0.00367,7.820163488,2.2,1.44E-05,3.16E-05,3.67E-06,3.910081744,8.602179837,8.11E-06,8.80E-06,120.9809212,453.7321165,86.5497049,8.602179837,0.116249604,9.79E-09,3226.19899,524.2445564,120.9809212,31,213,2022
6,TV1,ABILAS,Old,8/16/2022,10,6,11518,mature,8/16/2022,0.01154,-0.00138,0.01214,0.00514,5,0,NA,0.779999971,Abies lasiocarpa,Subalpine Fir,47.018,-114.014,6817,25.29999924,0.996990025,20.99,0.78,0.00514,8.167315175,2.2,2.10E-05,4.62E-05,5.14E-06,4.083657588,8.984046693,1.15E-05,1.21E-05,124.513624,493.3446121,91.42857295,8.984046693,0.111308416,1.30E-08,3559.635377,539.5956605,124.513624,33,228,2022
6,TV1,ABILAS,Old,9/6/2022,10,6,11278,mature,9/6/2022,0.01029,-0.00118,0.01153,0.00657,5,0,NA,0.660000026,Abies lasiocarpa,Subalpine Fir,47.018,-114.014,6817,25,0.997070014,22.83,0.66,0.00657,6.949771689,2.2,2.28E-05,5.02E-05,6.57E-06,3.474885845,7.644748858,1.03E-05,1.15E-05,56.62099453,323.0332863,74.99999531,7.644748858,0.130808748,1.15E-08,4361.471026,430.7110754,56.62099453,36,249,2022
6,TV1,LAROCC,New,8/1/2022,10,5,11494,mature,8/1/2022,0.00492,-0.00133,0.00567,0.00176,5,0,NA,0.430000007,Larix occidentalis,Western Larch,47.018,-114.014,6817,27.5,0.996399999,13.8,0.43,0.00176,15.68181818,2,1.38E-05,2.76E-05,1.76E-06,7.840909091,15.68181818,4.92E-06,5.67E-06,179.5454643,503.2486211,80.81842237,15.68181818,0.063768116,6.28E-09,4395.462366,622.6904786,179.5454643,31,213,2022
6,TV1,LAROCC,New,8/16/2022,10,5,11530,mature,8/16/2022,0.00719,-0.00142,0.00806,0.00202,5,0,NA,0.49000001,Larix occidentalis,Western Larch,47.018,-114.014,6817,25.5,0.996940017,19.25,0.49,0.00202,19.05940594,2,1.93E-05,3.85E-05,2.02E-06,9.52970297,19.05940594,7.19E-06,8.06E-06,255.9405816,597.9962966,85.59602449,19.05940594,0.052467533,8.65E-09,4453.164095,698.6262506,255.9405816,33,228,2022
6,TV1,LAROCC,New,9/6/2022,10,5,11326,mature,9/6/2022,0.00611,-0.0007,0.00694,0.00193,5,0,NA,0.340000004,Larix occidentalis,Western Larch,47.018,-114.014,6817,25,0.997070014,20.11,0.34,0.00193,20.83937824,2,2.01E-05,4.02E-05,1.93E-06,10.41968912,20.83937824,6.11E-06,6.94E-06,216.5803042,611.3599319,83.43312907,20.83937824,0.047986077,6.84E-09,5882.511213,732.7544091,216.5803042,36,249,2022
6,White Pine Creek,PINMON,New,6/21/2022,30,30,11661,mature,6/21/2022,0.0037,-0.00039,0.00428,0.00091,5,0,NA,0.419999987,Pinus monticola,Western White Pine,47.73889,-115.67531,3360,23.20000076,0.99752003,7.37,0.42,0.00091,16.1978022,2,7.37E-06,1.47E-05,9.10E-07,8.098901099,16.1978022,3.70E-06,4.28E-06,306.5934056,679.7432523,82.78931768,16.1978022,0.061736771,4.10E-09,3591.188367,821.0518837,306.5934056,25,172,2022
6,White Pine Creek,PINMON,New,7/25/2022,30,30,11767,mature,7/25/2022,0.01495,-0.0012,0.01627,0.0053,5,0,NA,0.649999976,Pinus monticola,Western White Pine,47.73889,-115.67531,3360,25.5,0.996940017,32.91,0.65,0.0053,12.41886792,2,3.29E-05,6.58E-05,5.30E-06,6.209433962,12.41886792,1.49E-05,1.63E-05,182.0754753,595.0670422,87.96717721,12.41886792,0.080522635,1.62E-08,4058.788923,676.4648601,182.0754753,30,206,2022
6,White Pine Creek,PINMON,New,8/15/2022,30,30,11422,mature,8/15/2022,0.020880001,-0.00286,0.02286,0.00743,5,0,NA,0.699999988,Pinus monticola,Western White Pine,47.73889,-115.67531,3360,26,0.996810019,38.04,0.7,0.00743,10.23956931,2,3.80E-05,7.61E-05,7.43E-06,5.119784657,10.23956931,2.09E-05,2.29E-05,181.0228805,564.1518037,87.16785946,10.23956931,0.097660361,2.38E-08,3191.12772,647.2016259,181.0228805,33,227,2022
6,White Pine Creek,PINMON,New,9/20/2022,30,30,11133,mature,9/21/2022,0.033989999,-0.00302,0.038550001,0.01366,5,0,NA,0.779999971,Pinus monticola,Western White Pine,47.73889,-115.67531,3360,24.5,0.997200012,71.77,0.78,0.01366,10.50805271,2,7.18E-05,0.00014354,1.37E-05,5.254026354,10.50805271,3.40E-05,3.86E-05,148.8286982,547.1958411,81.6793852,10.50805271,0.095165109,3.72E-08,3863.477228,669.9313906,148.8286982,38,263,2022
6,White Pine Creek,PINMON,Old,6/21/2022,30,30,11649,mature,6/21/2022,0.015629999,-0.00019,0.018689999,0.008,5,0,NA,0.699999988,Pinus monticola,Western White Pine,47.73889,-115.67531,3360,23.20000076,0.99752003,34.1,0.7,0.008,8.525,2,3.41E-05,6.82E-05,8.00E-06,4.2625,8.525,1.56E-05,1.87E-05,95.37498246,NA,NA,8.525,0.117302058,1.59E-08,4295.778932,673.3412374,95.37498246,25,172,2022
6,White Pine Creek,PINMON,Old,7/25/2022,30,30,11755,mature,7/25/2022,0.015629999,-0.001,0.01898,0.00681,5,0,NA,0.620000005,Pinus monticola,Western White Pine,47.73889,-115.67531,3360,25.5,0.996940017,41.77,0.62,0.00681,12.26725404,2,4.18E-05,8.35E-05,6.81E-06,6.133627019,12.26725404,1.56E-05,1.90E-05,129.5154032,NA,NA,12.26725404,0.081517838,1.67E-08,5002.802379,728.8018309,129.5154032,30,206,2022
6,White Pine Creek,PINMON,Old,8/15/2022,30,30,11434,mature,8/15/2022,0.01394,-0.00143,0.017030001,0.00575,5,0,NA,0.629999995,Pinus monticola,Western White Pine,47.73889,-115.67531,3360,26,0.996810019,NA,NA,NA,NA,NA,NA,NA,5.75E-06,NA,NA,1.39E-05,1.70E-05,142.4347817,NA,NA,NA,NA,1.54E-08,NA,730.7850729,NA,33,227,2022
6,White Pine Creek,PINMON,Old,9/20/2022,30,30,11121,mature,9/21/2022,0.019409999,-0.00159,0.023600001,0.0087,5,0,NA,0.579999983,Pinus monticola,Western White Pine,47.73889,-115.67531,3360,24.5,0.997200012,37.48,0.58,0.0087,8.616091954,2,3.75E-05,7.50E-05,8.70E-06,4.308045977,8.616091954,1.94E-05,2.36E-05,123.1034365,NA,NA,8.616091954,0.116061901,2.11E-08,3555.779252,706.7918032,123.1034365,38,263,2022
6,White Pine Creek,TSUHET,New,6/21/2022,30,29,11709,mature,6/22/2022,0.00162,-7.00E-05,0.00208,0.0003,5,0,NA,0.310000002,Tsuga heterophylla,Western Hemlock,47.73889,-115.67531,3360,23,0.997560024,9.89,0.31,3.00E-04,65.93333333,2,9.89E-06,1.98E-05,3.00E-07,32.96666667,65.93333333,1.62E-06,2.08E-06,439.9999728,NA,NA,65.93333333,0.015166836,1.70E-09,11663.28873,1049.578051,439.9999728,25,172,2022
6,White Pine Creek,TSUHET,New,7/25/2022,30,29,11803,mature,7/26/2022,0.00975,-0.00223,0.01064,0.0034,5,0,NA,0.419999987,Tsuga heterophylla,Western Hemlock,47.73889,-115.67531,3360,25,0.997070014,30.93,0.42,0.0034,18.19411765,2,3.09E-05,6.19E-05,3.40E-06,9.097058824,18.19411765,9.75E-06,1.06E-05,186.764708,527.9401802,87.70718511,18.19411765,0.05496282,1.20E-08,5143.05177,601.9349265,186.764708,30,206,2022
6,White Pine Creek,TSUHET,New,8/15/2022,30,29,11542,mature,8/15/2022,0.00778,-0.00164,0.00821,0.00295,5,0,NA,0.519999981,Tsuga heterophylla,Western Hemlock,47.73889,-115.67531,3360,26,0.996810019,20.91,0.52,0.00295,14.17627119,2,2.09E-05,4.18E-05,2.95E-06,7.088135593,14.17627119,7.78E-06,8.21E-06,163.7288071,510.5645162,91.82510292,14.17627119,0.070540414,9.46E-09,4420.664204,556.0184524,163.7288071,33,227,2022
6,White Pine Creek,TSUHET,New,9/20/2022,30,29,11109,mature,9/21/2022,0.00677,-0.00117,0.00725,0.00237,5,0,NA,0.439999998,Tsuga heterophylla,Western Hemlock,47.73889,-115.67531,3360,24.5,0.997200012,18.5,0.44,0.00237,15.61181435,2,1.85E-05,3.70E-05,2.37E-06,7.805907173,15.61181435,6.77E-06,7.25E-06,185.6540164,552.0223671,90.16393568,15.61181435,0.064054051,7.97E-09,4642.006295,612.2429805,185.6540164,38,263,2022
6,White Pine Creek,TSUHET,Old,6/21/2022,30,29,11697,mature,6/22/2022,0.00706,-0.00061,0.00896,0.0037,5,0,NA,0.50999999,Tsuga heterophylla,Western Hemlock,47.73889,-115.67531,3360,23,0.997560024,20.85,0.51,0.00896,4.654017857,2.2,2.09E-05,4.59E-05,3.70E-06,2.327008929,5.119419643,7.06E-06,8.96E-06,90.81081636,NA,NA,5.119419643,0.080662743,7.70E-09,5959.5684,683.3950557,90.81081636,25,172,2022
6,White Pine Creek,TSUHET,Old,7/25/2022,30,29,11815,mature,7/26/2022,0.00497,-0.00028,0.00554,0.00213,5,0,NA,0.460000008,Tsuga heterophylla,Western Hemlock,47.73889,-115.67531,3360,25,0.997070014,13.56,0.46,0.00213,12.73239437,2.2,1.36E-05,2.98E-05,2.13E-06,6.366197183,14.0056338,4.97E-06,5.54E-06,133.3333479,538.7991005,83.28446621,14.0056338,0.071399836,5.27E-09,5659.666763,646.9382888,133.3333479,30,206,2022
6,White Pine Creek,TSUHET,Old,8/15/2022,30,29,11554,mature,8/15/2022,0.00763,-0.00117,0.00791,0.00313,5,0,NA,0.540000021,Tsuga heterophylla,Western Hemlock,47.73889,-115.67531,3360,26,0.996810019,17.79,0.54,0.00313,11.36741214,2.2,1.78E-05,3.91E-05,3.13E-06,5.68370607,12.50415335,7.63E-06,7.91E-06,143.769958,509.1951265,94.14225387,12.50415335,0.07997343,8.84E-09,4428.639938,540.8784107,143.769958,33,227,2022
6,White Pine Creek,TSUHET,Old,9/20/2022,30,29,11097,mature,9/21/2022,0.01052,-0.00181,0.01094,0.00446,5,0,NA,0.5,Tsuga heterophylla,Western Hemlock,47.73889,-115.67531,3360,24.5,0.997200012,23.17,0.5,0.00446,10.39013453,2.2,2.32E-05,5.10E-05,4.46E-06,5.195067265,11.42914798,1.05E-05,1.09E-05,135.8744414,489.5916942,93.51851273,11.42914798,0.087495585,1.24E-08,4118.225552,523.5238242,135.8744414,38,263,2022
7,Blue Mountain,PINPON,New,6/23/2022,20,4,11686,mature,6/23/2022,0.0264,0.00055,0.031830002,0.00573,5,0,NA,1.25999999,Pinus ponderosa,Ponderosa Pine,46.82981,-114.11812,NA,23.5,0.997439981,NA,NA,NA,NA,NA,NA,NA,5.73E-06,NA,NA,2.64E-05,3.18E-05,360.7329931,796.726105,79.19539694,NA,NA,2.59E-08,NA,1006.025774,NA,25,174,2022
7,Blue Mountain,PINPON,New,7/27/2022,20,4,11828,mature,7/27/2022,0.092710003,0.00125,0.104529999,0.033989999,5,0,NA,1.429999948,Pinus ponderosa,Ponderosa Pine,46.82981,-114.11812,NA,26.5,0.996680021,168.6,1.43,0.03399,9.920564872,2.2,0.0001686,0.00037092,3.40E-05,4.960282436,10.91262136,9.27E-05,0.00010453,172.7567072,639.2232457,83.24355546,10.91262136,0.091637009,9.19E-08,4037.817965,767.8951748,172.7567072,30,208,2022
7,Blue Mountain,PINPON,New,8/25/2022,20,4,11351,mature,8/26/2022,0.087789997,-0.00031,0.09781,0.03514,5,0,NA,1.379999995,Pinus ponderosa,Ponderosa Pine,46.82981,-114.11812,NA,24,0.997319996,182.64,1.38,0.03514,10.39499146,2.2,0.00018264,0.000401808,3.51E-05,5.197495731,11.43449061,8.78E-05,9.78E-05,149.8292452,595.3868847,84.01148438,11.43449061,0.087454705,8.84E-08,4543.802967,708.6970182,149.8292452,34,237,2022
7,Blue Mountain,PINPON,Old,6/23/2022,20,4,11674,mature,6/23/2022,0.052379999,0.00098,0.061579999,0.02665,5,0,NA,1.600000024,Pinus ponderosa,Ponderosa Pine,46.82981,-114.11812,NA,23.5,0.997439981,NA,NA,NA,NA,NA,NA,NA,2.67E-05,NA,NA,5.24E-05,6.16E-05,96.54783713,NA,NA,NA,NA,5.16E-08,NA,677.118323,NA,25,174,2022
7,Blue Mountain,PINPON,Old,7/27/2022,20,4,11840,mature,7/27/2022,0.035599999,0.00012,0.041499998,0.01643,5,0,NA,1.460000038,Pinus ponderosa,Ponderosa Pine,46.82981,-114.11812,NA,26.5,0.996680021,53.99,1.46,0.01643,6.572124163,2.3,5.40E-05,0.000124177,1.64E-05,3.286062082,7.557942788,3.56E-05,4.15E-05,116.6768075,537.9429171,76.46589699,7.557942788,0.132311135,3.56E-08,3484.61868,703.5069727,116.6768075,30,208,2022
7,Blue Mountain,PINPON,Old,8/25/2022,20,4,11339,mature,8/26/2022,0.049150001,0.00045,0.05446,0.022220001,5,0,NA,1.440000057,Pinus ponderosa,Ponderosa Pine,46.82981,-114.11812,NA,24,0.997319996,80.24,1.44,0.02222,7.222322232,2.3,8.02E-05,0.000184552,2.22E-05,3.611161116,8.305670567,4.92E-05,5.45E-05,121.1971192,550.9144941,83.52977962,8.305670567,0.120399674,4.89E-08,3775.431464,659.5426166,121.1971192,34,237,2022
7,Blue Mountain,PINPON,Old,9/20/2022,20,4,11207,mature,9/20/2022,0.039110001,-0.00015,0.04403,0.01785,5,0,NA,0.790000021,Pinus ponderosa,Ponderosa Pine,46.82981,-114.11812,NA,24,0.997319996,75.07,0.79,0.01785,8.411204482,2.3,7.51E-05,0.000172661,1.79E-05,4.205602241,9.672885154,3.91E-05,4.40E-05,119.103643,539.4979203,81.20703394,9.672885154,0.103381774,3.94E-08,4381.479165,664.3487566,119.103643,38,263,2022
7,Blue Mountain,PSEMEN,New,6/30/2022,20,2,10773,mature,6/30/2022,0.01042,-0.00202,0.01444,0.00246,5,0,NA,1.070000052,Pseudotsuga menzeseii,Douglas Fir,46.82981,-114.11812,NA,24.5,0.997200012,26.05,NA,0.00246,21.17886179,2.3,2.61E-05,5.99E-05,2.46E-06,10.58943089,24.35569106,1.04E-05,1.44E-05,323.577225,NA,NA,24.35569106,0.041058167,1.25E-08,4797.772704,959.314308,323.577225,26,181,2022
7,Blue Mountain,PSEMEN,New,7/27/2022,20,2,10821,mature,7/27/2022,0.01743,-0.00188,0.017960001,0.00631,5,0,NA,NA,Pseudotsuga menzeseii,Douglas Fir,46.82981,-114.11812,NA,27,0.99654001,31.22,NA,0.00631,9.89540412,2.3,3.12E-05,7.18E-05,6.31E-06,4.94770206,11.37971474,1.74E-05,1.80E-05,176.2282056,573.2698761,95.45063739,11.37971474,0.087875666,1.94E-08,3701.818077,600.5930309,176.2282056,30,208,2022
7,Blue Mountain,PSEMEN,New,8/25/2022,20,2,10966,mature,8/25/2022,0.01446,-0.00125,0.015799999,0.00532,5,0,NA,NA,Pseudotsuga menzeseii,Douglas Fir,46.82981,-114.11812,NA,25,0.997070014,31.11,NA,0.00532,11.69548872,2.3,3.11E-05,7.16E-05,5.32E-06,5.847744361,13.44981203,1.45E-05,1.58E-05,171.8045154,579.4791586,87.21374881,13.44981203,0.074350481,1.58E-08,4536.484822,664.4355581,171.8045154,34,237,2022
7,Blue Mountain,PSEMEN,New,9/20/2022,20,2,11014,mature,9/20/2022,0.01057,-0.00136,0.01371,0.00398,5,0,NA,NA,Pseudotsuga menzeseii,Douglas Fir,46.82981,-114.11812,NA,24,0.997319996,24.36,NA,0.00398,12.24120603,2.3,2.44E-05,5.60E-05,3.98E-06,6.120603015,14.07738693,1.06E-05,1.37E-05,165.5778851,NA,NA,14.07738693,0.071035911,1.20E-08,4678.875472,812.5483042,165.5778851,38,263,2022
7,Blue Mountain,PSEMEN,Old,6/30/2022,20,2,10761,mature,6/30/2022,0.01189,-0.00025,0.01422,0.00601,5,0,NA,1.25999999,Pseudotsuga menzeseii,Douglas Fir,46.82981,-114.11812,NA,24.5,0.997200012,23.29,NA,0.00601,7.750415973,2.3,2.33E-05,5.36E-05,6.01E-06,3.875207987,8.912978369,1.19E-05,1.42E-05,97.83692976,NA,NA,8.912978369,0.112195944,1.22E-08,4395.447932,673.6727468,97.83692976,26,181,2022
7,Blue Mountain,PSEMEN,Old,7/27/2022,20,2,10809,mature,7/27/2022,0.01372,-0.00077,0.016559999,0.00576,5,0,NA,NA,Pseudotsuga menzeseii,Douglas Fir,46.82981,-114.11812,NA,27,0.99654001,22.97,NA,0.00576,7.975694444,2.3,2.30E-05,5.28E-05,5.76E-06,3.987847222,9.172048611,1.37E-05,1.66E-05,138.1944437,NA,NA,9.172048611,0.109026899,1.46E-08,3629.585676,741.9795751,138.1944437,30,208,2022
7,Blue Mountain,PSEMEN,Old,8/25/2022,20,2,10954,mature,8/25/2022,0.01134,-0.0009,0.0121,0.00478,5,0,NA,NA,Pseudotsuga menzeseii,Douglas Fir,46.82981,-114.11812,NA,25,0.997070014,26.07,NA,0.00478,10.90794979,2.3,2.61E-05,6.00E-05,4.78E-06,5.453974895,12.54414226,1.13E-05,1.21E-05,137.2384844,533.8143128,89.61748342,12.54414226,0.079718485,1.23E-08,4879.274645,595.6586733,137.2384844,34,237,2022
7,Blue Mountain,PSEMEN,Old,9/20/2022,20,2,11002,mature,9/20/2022,0.01249,-0.00179,0.016519999,0.00545,5,0,NA,NA,Pseudotsuga menzeseii,Douglas Fir,46.82981,-114.11812,NA,24,0.997319996,26.4,NA,0.00545,9.688073394,2.3,2.64E-05,6.07E-05,5.45E-06,4.844036697,11.1412844,1.25E-05,1.65E-05,129.1743031,NA,NA,11.1412844,0.089756259,1.43E-08,4236.238212,772.3180681,129.1743031,38,263,2022
7,Jerry Johnson,ABIGRA,New,6/15/2022,27,10,11746,mature,6/16/2022,0.00868,-0.00049,0.0111,0.00227,5,0,NA,1.899999976,Abies grandis,Grand Fir,46.47389,-114.88439,3081,23.5,0.997439981,27.69,1.85,0.00227,24.39647577,2.1,2.77E-05,5.81E-05,2.27E-06,12.19823789,25.61629956,8.68E-06,1.11E-05,282.378844,NA,NA,25.61629956,0.039037646,9.20E-09,6318.326024,959.4458544,282.378844,24,166,2022
7,Jerry Johnson,ABIGRA,New,7/13/2022,27,10,11888,mature,7/13/2022,0.03331,-0.00642,0.034740001,0.00969,5,0,NA,0.49000001,Abies grandis,Grand Fir,46.47389,-114.88439,3081,26.5,0.996680021,78.29,0.49,0.00969,16.15892673,2.1,7.83E-05,0.000164409,9.69E-06,8.079463364,16.96687307,3.33E-05,3.47E-05,243.7564575,591.9145688,94.29141301,16.96687307,0.058938378,3.99E-08,4120.071206,627.7502372,243.7564575,28,194,2022
7,Jerry Johnson,ABIGRA,New,8/24/2022,27,10,11375,mature,8/25/2022,0.031339999,-0.0065,0.041359998,0.01163,5,0,NA,0.579999983,Abies grandis,Grand Fir,46.47389,-114.88439,3081,24.79999924,0.997120023,70.27,0.58,0.01163,12.08426483,2.1,7.03E-05,0.000147567,1.16E-05,6.042132416,12.68847807,3.13E-05,4.14E-05,169.4754972,NA,NA,12.68847807,0.078811656,3.80E-08,3884.43394,782.5883556,169.4754972,34,236,2022
7,Jerry Johnson,ABIGRA,New,9/12/2022,27,10,11182,mature,9/13/2022,0.018929999,-0.00323,0.01994,0.00719,5,0,NA,0.589999974,Abies grandis,Grand Fir,46.47389,-114.88439,3081,24.5,0.997200012,41.07,0.59,0.00719,11.42420028,2.1,4.11E-05,8.62E-05,7.19E-06,5.712100139,11.99541029,1.89E-05,1.99E-05,163.2823345,527.7434246,92.07842598,11.99541029,0.083365216,2.22E-08,3877.02632,573.1455756,163.2823345,37,255,2022
7,Jerry Johnson,ABIGRA,Old,6/15/2022,27,10,11734,mature,6/16/2022,0.02664,-0.00264,0.027860001,0.01375,5,0,NA,1.899999976,Abies grandis,Grand Fir,46.47389,-114.88439,3081,23.5,0.997439981,49.16,1.9,0.01375,7.150545455,2.5,4.92E-05,0.0001229,1.37E-05,3.575272727,8.938181818,2.66E-05,2.79E-05,93.7454543,438.642753,91.35364395,8.938181818,0.111879576,2.94E-08,4182.249401,480.1590107,93.7454543,24,166,2022
7,Jerry Johnson,ABIGRA,Old,7/13/2022,27,10,11900,mature,7/13/2022,0.035780001,-0.00387,0.04414,0.01596,5,0,NA,0.75,Abies grandis,Grand Fir,46.47389,-114.88439,3081,26.5,0.996680021,60.9,0.75,0.01596,7.631578947,2.5,6.09E-05,0.00015225,1.60E-05,3.815789474,9.539473684,3.58E-05,4.41E-05,124.1854662,NA,NA,9.539473684,0.104827589,3.98E-08,3823.065973,707.6124597,124.1854662,28,194,2022
7,Jerry Johnson,ABIGRA,Old,8/24/2022,27,10,11387,mature,8/25/2022,0.023770001,-0.00336,0.03176,0.01014,5,0,NA,0.550000012,Abies grandis,Grand Fir,46.47389,-114.88439,3081,24.79999924,0.997120023,48.37,0.55,0.01014,9.540433925,2.5,4.84E-05,0.000120925,1.01E-05,4.770216963,11.92554241,2.38E-05,3.18E-05,134.4181558,NA,NA,11.92554241,0.083853628,2.72E-08,4439.723289,793.7714827,134.4181558,34,236,2022
7,Jerry Johnson,ABIGRA,Old,9/12/2022,27,10,11170,mature,9/13/2022,0.022360001,-0.00309,0.02423,0.00965,5,0,NA,0.589999974,Abies grandis,Grand Fir,46.47389,-114.88439,3081,24.5,0.997200012,47.5,0.59,0.00965,9.844559585,2.5,4.75E-05,0.00011875,9.65E-06,4.922279793,12.30569948,2.24E-05,2.42E-05,131.7098435,497.4875959,87.17421833,12.30569948,0.081263161,2.55E-08,4648.044863,570.6820267,131.7098435,37,255,2022
7,Jerry Johnson,THUPLI,NS,6/15/2022,27,28,11590,mature,6/16/2022,0.039480001,-0.0043,0.042130001,0.022530001,5,0,NA,0.899999976,Thuja plicata,Western Red Cedar,46.47389,-114.88439,3081,24,0.997319996,77.26,0.9,0.02253,6.858411008,2.3,7.73E-05,0.000177698,2.25E-05,3.429205504,7.887172659,3.95E-05,4.21E-05,75.23302079,385.7187458,86.47959121,7.887172659,0.12678815,4.39E-08,4043.743326,446.0228597,75.23302079,24,166,2022
7,Jerry Johnson,THUPLI,NS,7/13/2022,27,28,11876,mature,7/13/2022,0.02678,-0.0053,0.029610001,0.0132,5,0,NA,0.670000017,Thuja plicata,Western Red Cedar,46.47389,-114.88439,3081,26.5,0.996680021,56.33,0.67,0.0132,8.534848485,2.3,5.63E-05,0.000129559,1.32E-05,4.267424242,9.815075758,2.68E-05,2.96E-05,102.8787886,421.4665492,82.75441507,9.815075758,0.101884083,3.22E-08,4020.970879,509.2979617,102.8787886,28,194,2022
7,Jerry Johnson,THUPLI,NS,8/24/2022,27,28,11363,mature,8/25/2022,0.01371,-0.00445,0.016869999,0.00553,5,0,NA,0.649999976,Thuja plicata,Western Red Cedar,46.47389,-114.88439,3081,24.79999924,0.997120023,34.89,0.65,0.00553,12.61844485,2.3,3.49E-05,8.02E-05,5.53E-06,6.309222423,14.51121157,1.37E-05,1.69E-05,147.9204182,NA,NA,14.51121157,0.068912236,1.82E-08,4401.51905,621.994876,147.9204182,34,236,2022
7,Jerry Johnson,THUPLI,NS,9/12/2022,27,28,11267,mature,9/13/2022,0.01409,-0.0029,0.01619,0.00635,5,0,NA,0.670000017,Thuja plicata,Western Red Cedar,46.47389,-114.88439,3081,25,0.997070014,32.75,0.67,0.00635,10.31496063,2.3,3.28E-05,7.53E-05,6.35E-06,5.157480315,11.86220472,1.41E-05,1.62E-05,121.8897621,453.7486894,78.65853488,11.86220472,0.08430136,1.71E-08,4415.842496,576.8588114,121.8897621,37,255,2022
7,Spring Gulch,PICENG,New,6/28/2022,6,27,11626,mature,6/29/2022,0.01104,-0.00124,0.01255,0.00213,5,0,NA,1.00999999,Picea engelmannii,Engelmann Spruce,46.73587,-114.5362,NA,25.5,0.996940017,16.9,1.01,0.00213,15.8685446,2.4,1.69E-05,4.06E-05,2.13E-06,7.9342723,19.04225352,1.10E-05,1.26E-05,418.3098899,722.5875157,85.50863887,19.04225352,0.052514791,1.23E-08,3289.354497,845.0462143,418.3098899,26,179,2022
7,Spring Gulch,PICENG,New,7/13/2022,6,27,11936,mature,7/14/2022,0.01608,-0.00174,0.017410001,0.00501,5,0,NA,1,Picea engelmannii,Engelmann Spruce,46.73587,-114.5362,NA,26,0.996810019,25.08,1,0.00501,10.01197605,2.4,2.51E-05,6.02E-05,5.01E-06,5.005988024,12.01437126,1.61E-05,1.74E-05,220.9580763,618.5777908,89.27418394,12.01437126,0.083233652,1.79E-08,3363.454013,692.8966063,220.9580763,28,194,2022
7,Spring Gulch,PICENG,New,8/8/2022,6,27,11483,mature,8/9/2022,0.0163,-0.00051,0.01726,0.0066,5,0,NA,0.980000019,Picea engelmannii,Engelmann Spruce,46.73587,-114.5362,NA,26,0.996810019,23.57,0.98,0.0066,7.142424242,2.4,2.36E-05,5.66E-05,6.60E-06,3.571212121,8.570909091,1.63E-05,1.73E-05,146.9697021,574.5904916,90.99437292,8.570909091,0.116673737,1.69E-08,3350.869482,631.4571695,146.9697021,32,220,2022
7,Spring Gulch,PICENG,New,9/12/2022,6,27,11231,mature,9/13/2022,0.01129,-0.0006,0.01313,0.00501,5,0,NA,0.779999971,Picea engelmannii,Engelmann Spruce,46.73587,-114.5362,NA,25,0.997070014,18.72,0.78,0.00501,7.473053892,2.4,1.87E-05,4.49E-05,5.01E-06,3.736526946,8.967664671,1.13E-05,1.31E-05,125.3492994,526.0724876,77.33990069,8.967664671,0.111511751,1.19E-08,3763.59638,680.2083826,125.3492994,37,255,2022
7,Spring Gulch,PICENG,Old,6/28/2022,6,27,11638,mature,6/29/2022,0.02211,0.00041,0.023329999,0.01202,5,0,NA,1.25999999,Picea engelmannii,Engelmann Spruce,46.73587,-114.5362,NA,25,0.997070014,26.67,1.26,0.01202,4.437603993,2.7,2.67E-05,7.20E-05,1.20E-05,2.218801997,5.990765391,2.21E-05,2.33E-05,83.9434258,463.1260739,89.21309329,5.990765391,0.166923583,2.18E-08,3305.177946,519.1234345,83.9434258,26,179,2022
7,Spring Gulch,PICENG,Old,7/13/2022,6,27,11948,mature,7/14/2022,0.01702,-0.00034,0.01791,0.00832,5,0,NA,1.00999999,Picea engelmannii,Engelmann Spruce,46.73587,-114.5362,NA,26,0.996810019,25.45,1.01,0.00832,6.117788462,2.7,2.55E-05,6.87E-05,8.32E-06,3.058894231,8.259014423,1.70E-05,1.79E-05,104.5673089,499.0268825,90.71950156,8.259014423,0.121079823,1.74E-08,3941.451926,550.0767464,104.5673089,28,194,2022
7,Spring Gulch,PICENG,Old,8/8/2022,6,27,11471,mature,8/9/2022,0.018650001,-0.00043,0.019859999,0.00851,5,0,NA,1.080000043,Picea engelmannii,Engelmann Spruce,46.73587,-114.5362,NA,25.5,0.996940017,23.7,1.08,0.00851,5.569917744,2.7,2.37E-05,6.40E-05,8.51E-06,2.784958872,7.519388954,1.87E-05,1.99E-05,119.1539454,529.2619958,89.33921962,7.519388954,0.132989531,1.92E-08,3339.987406,592.4184228,119.1539454,32,220,2022
7,Spring Gulch,PICENG,Old,9/12/2022,6,27,11219,mature,9/13/2022,0.01358,-0.00033,0.01565,0.006,5,0,NA,0.889999986,Picea engelmannii,Engelmann Spruce,46.73587,-114.5362,NA,25,0.997070014,NA,NA,NA,NA,NA,NA,NA,6.00E-06,NA,NA,1.36E-05,1.57E-05,126.3333318,542.7625549,78.54921953,NA,NA,1.40E-08,NA,690.9840202,NA,37,255,2022
7,Spring Gulch,PINCON,New,6/28/2022,6,1,11602,mature,6/29/2022,0.00673,0.00028,0.00749,0.0017,5,0,NA,1.039999962,Pinus contorta,Lodgepole Pine,46.73587,-114.5362,NA,26,0.996810019,13.6,1.04,0.0017,16,2.2,1.36E-05,2.99E-05,1.70E-06,8,17.6,6.73E-06,7.49E-06,295.882349,776.5379356,86.87391757,17.6,0.056818183,6.48E-09,4619.088475,893.8677538,295.882349,26,179,2022
7,Spring Gulch,PINCON,New,7/13/2022,6,1,11864,mature,7/14/2022,0.022190001,0.00043,0.023399999,0.00629,5,0,NA,1.330000043,Pinus contorta,Lodgepole Pine,46.73587,-114.5362,NA,26,0.996810019,50.37,1.33,0.00629,16.01589825,2.2,5.04E-05,0.000110814,6.29E-06,8.007949126,17.61748808,2.22E-05,2.34E-05,252.7822115,727.5999301,92.92812073,17.61748808,0.05676178,2.19E-08,5070.959367,782.9706706,252.7822115,28,194,2022
7,Spring Gulch,PINCON,New,8/8/2022,6,1,11399,mature,8/9/2022,0.053470001,0.00018,0.063089997,0.02022,5,0,NA,0.699999988,Pinus contorta,Lodgepole Pine,46.73587,-114.5362,NA,26,0.996810019,93.88,0.7,0.02022,9.285855589,2.2,9.39E-05,0.000206536,2.02E-05,4.642927794,10.21444115,5.35E-05,6.31E-05,164.4411466,621.2985443,77.56007281,10.21444115,0.09790061,5.35E-08,3859.263605,801.0546171,164.4411466,32,220,2022
7,Spring Gulch,PINCON,New,9/12/2022,6,1,11255,mature,9/13/2022,0.037599999,-0.00077,0.042709999,0.01592,5,0,NA,0.589999974,Pinus contorta,Lodgepole Pine,46.73587,-114.5362,NA,24.5,0.997200012,83.77,0.59,0.01592,10.52386935,2.2,8.38E-05,0.000184294,1.59E-05,5.261934673,11.57625628,3.76E-05,4.27E-05,136.1808989,562.8490844,80.92572009,11.57625628,0.086383714,3.85E-08,4784.580833,695.5132234,136.1808989,37,255,2022
7,Spring Gulch,PINCON,Old,6/28/2022,6,1,11614,mature,6/29/2022,0.035289999,-0.0008,0.042410001,0.017720001,5,0,NA,1.320000052,Pinus contorta,Lodgepole Pine,46.73587,-114.5362,NA,26,0.996810019,67.11,1.32,0.01772,7.574492099,2.4,6.71E-05,0.000161064,1.77E-05,3.78724605,9.089390519,3.53E-05,4.24E-05,99.15348458,NA,NA,9.089390519,0.110018383,3.62E-08,4443.917799,681.2219488,99.15348458,26,179,2022
7,Spring Gulch,PINCON,Old,7/13/2022,6,1,11852,mature,7/14/2022,0.032170001,-0.00121,0.038410001,0.01462,5,0,NA,1.299999952,Pinus contorta,Lodgepole Pine,46.73587,-114.5362,NA,26,0.996810019,65.18,1.3,0.01462,8.916552668,2.4,6.52E-05,0.000156432,1.46E-05,4.458276334,10.6998632,3.22E-05,3.84E-05,120.0410559,NA,NA,10.6998632,0.093459136,3.35E-08,4666.525617,709.6799172,120.0410559,28,194,2022
7,Spring Gulch,PINCON,Old,8/8/2022,6,1,11411,mature,8/9/2022,0.050859999,-0.0018,0.060540002,0.02386,5,0,NA,0.639999986,Pinus contorta,Lodgepole Pine,46.73587,-114.5362,NA,26,0.996810019,79.18,0.64,0.02386,6.637049455,2.4,7.92E-05,0.000190032,2.39E-05,3.318524728,7.964459346,5.09E-05,6.05E-05,113.1600954,NA,NA,7.964459346,0.125557801,5.29E-08,3593.356458,693.5901386,113.1600954,32,220,2022
7,Spring Gulch,PINCON,Old,9/12/2022,6,1,11243,mature,9/13/2022,0.039050002,-0.00137,0.046300001,0.0185,5,0,NA,0.579999983,Pinus contorta,Lodgepole Pine,46.73587,-114.5362,NA,24.5,0.997200012,71.54,0.58,0.0185,7.734054054,2.4,7.15E-05,0.000171696,1.85E-05,3.867027027,9.280864865,3.91E-05,4.63E-05,111.0810873,NA,NA,9.280864865,0.10774858,4.06E-08,4231.441527,685.1299946,111.0810873,37,255,2022
7,St Mary's Peak,PINALB,New,7/21/2022,29,31,11780,mature,7/21/2022,0.0231,-0.00075,0.028659999,0.00629,5,0,NA,1.100000024,Pinus albicaulus,Whitebark Pine,46.50029,-114.20339,6859,26,0.996810019,40.12,1.1,0.00629,12.75675676,2.5,4.01E-05,0.0001003,6.29E-06,6.378378378,15.94594595,2.31E-05,2.87E-05,267.2496045,701.8329246,75.14528549,15.94594595,0.062711864,2.40E-08,4187.617048,933.9680062,267.2496045,29,202,2022
7,St Mary's Peak,PINALB,New,8/4/2022,29,31,11566,mature,8/4/2022,0.041730002,-0.00272,0.046080001,0.0151,5,0,NA,1.309999943,Pinus albicaulus,Whitebark Pine,46.50029,-114.20339,6859,26,0.996810019,62.86,1.31,0.0151,8.325827815,2.5,6.29E-05,0.00015715,1.51E-05,4.162913907,10.40728477,4.17E-05,4.61E-05,176.3576185,596.559563,85.95868595,10.40728477,0.096086544,4.46E-08,3520.44053,694.0073087,176.3576185,31,216,2022
7,St Mary's Peak,PINALB,New,9/2/2022,29,31,11303,mature,9/2/2022,0.03379,-0.00187,0.036370002,0.01429,5,0,NA,0.99000001,Pinus albicaulus,Whitebark Pine,46.50029,-114.20339,6859,25,0.997070014,55.73,0.99,0.01429,7.799860042,2.5,5.57E-05,0.000139325,1.43E-05,3.899930021,9.749825052,3.38E-05,3.64E-05,136.4590556,544.6544646,88.31520931,9.749825052,0.102565945,3.58E-08,3891.486428,616.7164964,136.4590556,35,245,2022
7,St Mary's Peak,PINALB,New,9/28/2022,29,31,11158,mature,9/28/2022,0.037810002,-0.00178,0.038509998,0.016450001,5,0,NA,1.330000043,Pinus albicaulus,Whitebark Pine,46.50029,-114.20339,6859,24.5,0.997200012,61.02,1.33,0.01645,7.418844985,2.5,6.10E-05,0.00015255,1.65E-05,3.709422492,9.273556231,3.78E-05,3.85E-05,129.8480206,537.4526818,96.82684938,9.273556231,0.107833503,3.97E-08,3838.408442,555.0657542,129.8480206,39,271,2022
7,St Mary's Peak,PINALB,Old,7/21/2022,29,31,11792,mature,7/21/2022,0.034170002,-0.00112,0.04025,0.01486,5,0,NA,1.220000029,Pinus albicaulus,Whitebark Pine,46.50029,-114.20339,6859,26,0.996810019,56.08,1.22,0.01486,7.547779273,2.5,5.61E-05,0.0001402,1.49E-05,3.773889637,9.434724092,3.42E-05,4.02E-05,129.9461688,544.8601302,76.05357199,9.434724092,0.105991444,3.54E-08,3955.949517,716.416226,129.9461688,29,202,2022
7,St Mary's Peak,PINALB,Old,8/4/2022,29,31,11578,mature,8/4/2022,0.03644,-0.00154,0.03951,0.01663,5,0,NA,1.019999981,Pinus albicaulus,Whitebark Pine,46.50029,-114.20339,6859,26,0.996810019,61.6,1.02,0.01663,7.408298256,2.5,6.16E-05,0.000154,1.66E-05,3.704149128,9.26037282,3.64E-05,3.95E-05,119.1220747,519.3784586,86.58216597,9.26037282,0.10798701,3.81E-08,4037.570968,599.8677127,119.1220747,31,216,2022
7,St Mary's Peak,PINALB,Old,9/2/2022,29,31,11315,mature,9/2/2022,0.046599999,-0.00221,0.04989,0.020989999,5,0,NA,1.129999995,Pinus albicaulus,Whitebark Pine,46.50029,-114.20339,6859,25,0.997070014,68.79,1.13,0.02099,6.554549786,2.5,6.88E-05,0.000171975,2.10E-05,3.277274893,8.193187232,4.66E-05,4.99E-05,122.0104855,522.599009,88.61591292,8.193187232,0.122052619,4.90E-08,3509.330923,589.7349491,122.0104855,35,245,2022
7,St Mary's Peak,PINALB,Old,9/28/2022,29,31,11146,mature,9/28/2022,0.04654,-0.00231,0.046700001,0.02145,5,0,NA,1.00999999,Pinus albicaulus,Whitebark Pine,46.50029,-114.20339,6859,25,0.997070014,68.07,1.01,0.02145,6.346853147,2.5,6.81E-05,0.000170175,2.14E-05,3.173426573,7.933566434,4.65E-05,4.67E-05,116.969696,511.5686209,99.36633183,7.933566434,0.126046716,4.90E-08,3469.756526,514.8309407,116.969696,39,271,2022
7,TV1,ABILAS,New,7/18/2022,10,6,11912,mature,7/19/2022,0.00899,-0.00183,0.01008,0.00257,5,0,NA,0.579999983,Abies lasiocarpa,Subalpine Fir,47.018,-114.014,6817,26,0.996810019,21.49,0.58,0.00257,16.72373541,2.2,2.15E-05,4.73E-05,2.57E-06,8.361867704,18.39610895,8.99E-06,1.01E-05,249.805446,590.8295055,85.48601426,18.39610895,0.054359322,1.09E-08,4350.971557,691.1417155,249.805446,29,199,2022
7,TV1,ABILAS,New,8/1/2022,10,6,11447,mature,8/2/2022,0.01121,-0.00181,0.01211,0.00411,5,0,NA,0.649999976,Abies lasiocarpa,Subalpine Fir,47.018,-114.014,6817,27.5,0.996399999,25.57,0.65,0.00411,12.44282238,2.2,2.56E-05,5.63E-05,4.11E-06,6.221411192,13.68710462,1.12E-05,1.21E-05,172.7493888,542.7788004,88.75000669,13.68710462,0.073061473,1.31E-08,4300.489921,611.5817008,172.7493888,31,213,2022
7,TV1,ABILAS,New,8/16/2022,10,6,11507,mature,8/16/2022,0.00883,-0.00103,0.00936,0.00379,5,0,NA,0.769999981,Abies lasiocarpa,Subalpine Fir,47.018,-114.014,6817,25.29999924,0.996990025,20.88,0.77,0.00379,11.01846966,2.2,2.09E-05,4.59E-05,3.79E-06,5.509234828,12.12031662,8.83E-06,9.36E-06,132.9815236,509.0805788,90.48474173,12.12031662,0.082506095,9.90E-09,4639.906099,562.6148333,132.9815236,33,228,2022
7,TV1,ABILAS,New,9/6/2022,10,6,11291,mature,9/6/2022,0.0078,-0.00117,0.00829,0.00339,5,0,NA,0.699999988,Abies lasiocarpa,Subalpine Fir,47.018,-114.014,6817,25,0.997070014,18.78,0.7,0.00339,11.07964602,2.2,1.88E-05,4.13E-05,3.39E-06,5.539823009,12.18761062,7.80E-06,8.29E-06,130.0884914,489.6817817,89.99999097,12.18761062,0.082050537,9.01E-09,4587.68556,544.0909231,130.0884914,36,249,2022
7,TV1,ABILAS,Old,7/18/2022,10,6,11924,mature,7/19/2022,0.01151,-0.00119,0.01226,0.00601,5,0,NA,0.810000002,Abies lasiocarpa,Subalpine Fir,47.018,-114.014,6817,25.5,0.996940017,21.39,0.81,0.00601,7.118136439,2.2,2.14E-05,4.71E-05,6.01E-06,3.55906822,7.829950083,1.15E-05,1.23E-05,91.5141329,431.2906594,87.99999076,7.829950083,0.127714738,1.28E-08,3690.123214,490.1030735,91.5141329,29,199,2022
7,TV1,ABILAS,Old,8/1/2022,10,6,11459,mature,8/2/2022,0.00779,-0.00106,0.0085,0.00363,5,0,NA,0.689999998,Abies lasiocarpa,Subalpine Fir,47.018,-114.014,6817,27.5,0.996399999,14.86,0.69,0.00363,8.187327824,2.2,1.49E-05,3.27E-05,3.63E-06,4.093663912,9.006060606,7.79E-06,8.50E-06,114.6005598,467.8704219,85.42094031,9.006060606,0.111036337,8.89E-09,3676.831475,547.7233337,114.6005598,31,213,2022
7,TV1,ABILAS,Old,8/16/2022,10,6,11519,mature,8/16/2022,0.01009,-0.0014,0.01065,0.00458,5,0,NA,0.720000029,Abies lasiocarpa,Subalpine Fir,47.018,-114.014,6817,25.29999924,0.996990025,22.24,0.72,0.00458,9.711790393,2.2,2.22E-05,4.89E-05,4.58E-06,4.855895197,10.68296943,1.01E-05,1.06E-05,120.3056792,477.6001961,90.77430578,10.68296943,0.093606932,1.15E-08,4241.020363,526.1402905,120.3056792,33,228,2022
7,TV1,ABILAS,Old,9/6/2022,10,6,11279,mature,9/6/2022,0.00804,-0.00108,0.00857,0.00379,5,0,NA,0.649999976,Abies lasiocarpa,Subalpine Fir,47.018,-114.014,6817,25,0.997070014,18.14,0.65,0.00379,9.572559367,2.2,1.81E-05,3.99E-05,3.79E-06,4.786279683,10.5298153,8.04E-06,8.57E-06,112.1371973,464.1537745,88.91213623,10.5298153,0.094968427,9.16E-09,4358.45879,522.0364668,112.1371973,36,249,2022
7,TV1,LAROCC,New,6/27/2022,10,5,11722,mature,6/27/2022,0.00949,-0.00182,0.01103,0.00267,5,0,NA,0.479999989,Larix occidentalis,Western Larch,47.018,-114.014,6817,25,0.997070014,29.83,0.48,0.00287,20.78745645,2,2.98E-05,5.97E-05,2.67E-06,10.39372822,20.78745645,9.49E-06,1.10E-05,255.4307048,600.6058694,81.57895111,20.78745645,0.044753605,1.14E-08,5253.980369,736.2265158,255.4307048,26,178,2022
7,TV1,LAROCC,New,8/1/2022,10,5,11495,mature,8/1/2022,0.00792,-0.00166,0.00975,0.00291,5,0,NA,0.479999989,Larix occidentalis,Western Larch,47.018,-114.014,6817,27.5,0.996399999,23.39,0.48,0.00291,16.07560137,2,2.34E-05,4.68E-05,2.91E-06,8.037800687,16.07560137,7.92E-06,9.75E-06,172.1649369,NA,NA,16.07560137,0.062206072,9.62E-09,4860.380131,710.6669706,172.1649369,31,213,2022
7,TV1,LAROCC,New,8/16/2022,10,5,11531,mature,8/16/2022,0.00372,-0.00071,0.00414,0.00109,5,0,NA,0.449999988,Larix occidentalis,Western Larch,47.018,-114.014,6817,25.5,0.996940017,12.63,0.45,0.00109,23.17431193,2,1.26E-05,2.53E-05,1.09E-06,11.58715596,23.17431193,3.72E-06,4.14E-06,241.2843856,591.2390655,86.22950942,23.17431193,0.043151229,4.45E-09,5678.592943,685.6574617,241.2843856,33,228,2022
7,TV1,LAROCC,New,9/6/2022,10,5,11327,mature,9/6/2022,0.01109,-0.002,0.01234,0.00376,5,0,NA,0.449999988,Larix occidentalis,Western Larch,47.018,-114.014,6817,25,0.997070014,32.93,0.45,0.00376,17.51595745,2,3.29E-05,6.59E-05,3.76E-06,8.757978723,17.51595745,1.11E-05,1.23E-05,194.9468134,557.7404396,85.43123831,17.51595745,0.057090799,1.31E-08,5011.293931,652.8530437,194.9468134,36,249,2022
7,White Pine Creek,PINMON,New,6/21/2022,30,30,11662,mature,6/21/2022,0.00131,4.00E-05,0.00142,0.0003,5,0,NA,0.400000006,Pinus monticola,Western White Pine,47.73889,-115.67531,3360,23.20000076,0.99752003,3.71,0.4,3.00E-04,24.73333333,2,3.71E-06,7.42E-06,3.00E-07,12.36666667,24.73333333,1.31E-06,1.42E-06,336.6666337,792.4678523,90.17856915,24.73333333,0.040431269,1.27E-09,5821.892833,878.7762545,336.6666337,25,172,2022
7,White Pine Creek,PINMON,New,7/25/2022,30,30,11768,mature,7/25/2022,0.01325,-0.00142,0.01602,0.00466,5,0,NA,0.649999976,Pinus monticola,Western White Pine,47.73889,-115.67531,3360,25.5,0.996940017,28.82,0.65,0.00466,12.36909871,2,2.88E-05,5.76E-05,4.66E-06,6.184549356,12.36909871,1.32E-05,1.60E-05,184.3347549,583.1417721,75.61619573,12.36909871,0.080846636,1.47E-08,3912.95608,771.1863398,184.3347549,30,206,2022
7,White Pine Creek,PINMON,New,8/15/2022,30,30,11423,mature,8/15/2022,0.02038,-0.000195,0.021709999,0.00764,5,0,NA,0.670000017,Pinus monticola,Western White Pine,47.73889,-115.67531,3360,26,0.996810019,48.11,0.67,0.00764,12.59424084,2,4.81E-05,9.62E-05,7.64E-06,6.297120419,12.59424084,2.04E-05,2.17E-05,166.7539233,616.5722692,90.54726722,12.59424084,0.079401372,2.07E-08,4656.717834,680.9396773,166.7539233,33,227,2022
7,White Pine Creek,PINMON,New,9/20/2022,30,30,11134,mature,9/21/2022,0.03348,-0.00367,0.039949998,0.01349,5,0,NA,0.720000029,Pinus monticola,Western White Pine,47.73889,-115.67531,3360,24.5,0.997200012,77.31,0.72,0.01349,11.46182357,2,7.73E-05,0.00015462,1.35E-05,5.730911787,11.46182357,3.35E-05,3.99E-05,148.1838416,536.0168848,75.54800118,11.46182357,0.087246151,3.73E-08,4146.019558,709.5050517,148.1838416,38,263,2022
7,White Pine Creek,PINMON,Old,6/21/2022,30,30,11650,mature,6/21/2022,0.01562,-0.00056,0.01897,0.00821,5,0,NA,0.699999988,Pinus monticola,Western White Pine,47.73889,-115.67531,3360,23.20000076,0.99752003,34.01,0.7,0.00821,8.28501827,2,3.40E-05,6.80E-05,8.21E-06,4.142509135,8.28501827,1.56E-05,1.90E-05,90.25579042,NA,NA,8.28501827,0.120699789,1.62E-08,4189.113502,662.6707024,90.25579042,25,172,2022
7,White Pine Creek,PINMON,Old,7/25/2022,30,30,11756,mature,7/25/2022,0.016000001,-0.00079,0.019239999,0.00691,5,0,NA,0.649999976,Pinus monticola,Western White Pine,47.73889,-115.67531,3360,25.5,0.996940017,35.15,0.65,0.00691,10.17366136,2,3.52E-05,7.03E-05,6.91E-06,5.08683068,10.17366136,1.60E-05,1.92E-05,131.5484916,NA,NA,10.17366136,0.09829303,1.69E-08,4169.80474,731.3469383,131.5484916,30,206,2022
7,White Pine Creek,PINMON,Old,8/15/2022,30,30,11435,mature,8/15/2022,0.01812,-0.00174,0.022569999,0.00762,5,0,NA,0.649999976,Pinus monticola,Western White Pine,47.73889,-115.67531,3360,26,0.996810019,NA,NA,NA,NA,NA,NA,NA,7.62E-06,NA,NA,1.81E-05,2.26E-05,137.7952832,NA,NA,NA,NA,1.99E-08,NA,749.5771387,NA,33,227,2022
7,White Pine Creek,PINMON,Old,9/20/2022,30,30,11122,mature,9/21/2022,0.019610001,-0.00123,0.024040001,0.00895,5,0,NA,0.660000026,Pinus monticola,Western White Pine,47.73889,-115.67531,3360,24.5,0.997200012,43.68,0.66,0.00895,9.760893855,2,4.37E-05,8.74E-05,8.95E-06,4.880446927,9.760893855,1.96E-05,2.40E-05,119.1061613,NA,NA,9.760893855,0.10244963,2.09E-08,4175.79708,721.3001528,119.1061613,38,263,2022
7,White Pine Creek,TSUHET,New,6/21/2022,30,29,11710,mature,6/22/2022,0.00326,-0.00034,0.0036,0.00072,5,0,NA,0.340000004,Tsuga heterophylla,Western Hemlock,47.73889,-115.67531,3360,23,0.997560024,14.67,0.34,0.00072,40.75,2,1.47E-05,2.93E-05,7.20E-07,20.375,40.75,3.26E-06,3.60E-06,352.7777585,703.0928042,88.19444318,40.75,0.024539878,3.61E-09,8121.552636,797.2076005,352.7777585,25,172,2022
7,White Pine Creek,TSUHET,New,7/25/2022,30,29,11804,mature,7/26/2022,0.00818,-0.00194,0.00925,0.00296,5,0,NA,0.449999988,Tsuga heterophylla,Western Hemlock,47.73889,-115.67531,3360,25,0.997070014,23.02,0.45,0.00296,15.55405405,2,2.30E-05,4.60E-05,2.96E-06,7.777027027,15.55405405,8.18E-06,9.25E-06,176.3513518,513.757051,82.98886799,15.55405405,0.064291919,1.02E-08,4531.29788,619.0674285,176.3513518,30,206,2022
7,White Pine Creek,TSUHET,New,8/15/2022,30,29,11543,mature,8/15/2022,0.00804,-0.00176,0.00816,0.00305,5,0,NA,0.449999988,Tsuga heterophylla,Western Hemlock,47.73889,-115.67531,3360,26,0.996810019,21.87,0.45,0.00305,14.34098361,2,2.19E-05,4.37E-05,3.05E-06,7.170491803,14.34098361,8.04E-06,8.16E-06,163.6065544,507.0244134,97.65166365,14.34098361,0.069730223,9.84E-09,4444.338413,519.217384,163.6065544,33,227,2022
7,White Pine Creek,TSUHET,New,9/20/2022,30,29,11110,mature,9/21/2022,0.00729,-0.00109,0.00767,0.00265,5,0,NA,0.409999996,Tsuga heterophylla,Western Hemlock,47.73889,-115.67531,3360,24.5,0.997200012,22.1,0.41,0.00265,16.67924528,2,2.21E-05,4.42E-05,2.65E-06,8.339622642,16.67924528,7.29E-06,7.67E-06,175.0943513,551.5672408,92.43027731,16.67924528,0.059954749,8.41E-09,5254.153261,596.738706,175.0943513,38,263,2022
7,White Pine Creek,TSUHET,Old,6/21/2022,30,29,11698,mature,6/22/2022,0.0068,-0.00088,0.00714,0.00326,5,0,NA,0.340000004,Tsuga heterophylla,Western Hemlock,47.73889,-115.67531,3360,23,0.997560024,20.54,0.34,0.00714,5.753501401,2.2,2.05E-05,4.52E-05,3.26E-06,2.8767507,6.328851541,6.80E-06,7.14E-06,108.5889656,459.3286155,91.23711863,6.328851541,0.072143045,7.71E-09,5863.316504,503.4448944,108.5889656,25,172,2022
7,White Pine Creek,TSUHET,Old,7/25/2022,30,29,11816,mature,7/26/2022,0.00716,-0.00107,0.00785,0.00318,5,0,NA,0.49000001,Tsuga heterophylla,Western Hemlock,47.73889,-115.67531,3360,25,0.997070014,17.93,0.49,0.00318,11.27672956,2.2,1.79E-05,3.94E-05,3.18E-06,5.63836478,12.40440252,7.16E-06,7.85E-06,125.1572339,481.6716041,85.22484561,12.40440252,0.080616539,8.26E-09,4773.873848,565.177444,125.1572339,30,206,2022
7,White Pine Creek,TSUHET,Old,8/15/2022,30,29,11555,mature,8/15/2022,0.00955,-0.00133,0.0106,0.00383,5,0,NA,0.50999999,Tsuga heterophylla,Western Hemlock,47.73889,-115.67531,3360,26,0.996810019,24.78,0.51,0.00383,12.93994778,2.2,2.48E-05,5.45E-05,3.83E-06,6.46997389,14.23394256,9.55E-06,1.06E-05,149.3472444,523.5058297,84.4903968,14.23394256,0.070254605,1.09E-08,4989.413646,619.6039426,149.3472444,33,227,2022
7,White Pine Creek,TSUHET,Old,9/20/2022,30,29,11098,mature,9/21/2022,0.00668,-0.00048,0.00794,0.00295,5,0,NA,0.540000021,Tsuga heterophylla,Western Hemlock,47.73889,-115.67531,3360,24.5,0.997200012,12.69,0.54,0.00295,8.603389831,2.2,1.27E-05,2.79E-05,2.95E-06,4.301694915,9.463728814,6.68E-06,7.94E-06,126.4406731,NA,NA,9.463728814,0.105666599,7.19E-09,3884.147981,694.2437745,126.4406731,38,263,2022
8,Blue Mountain,PINPON,New,6/23/2022,20,4,11687,mature,6/23/2022,0.00884,0.00042,0.01005,0.00218,5,0,NA,0.899999976,Pinus ponderosa,Ponderosa Pine,46.82981,-114.11812,NA,23.5,0.997439981,19.43,0.9,0.00218,17.82568807,2.2,1.94E-05,4.27E-05,2.18E-06,8.912844037,19.60825688,8.84E-06,1.00E-05,305.5045862,788.1180102,84.62516528,19.60825688,0.050998925,8.45E-09,5058.392119,931.3045447,305.5045862,25,174,2022
8,Blue Mountain,PINPON,New,7/27/2022,20,4,11829,mature,7/27/2022,0.098180003,0.00144,0.111340001,0.036320001,5,0,NA,1.570000052,Pinus ponderosa,Ponderosa Pine,46.82981,-114.11812,NA,26.5,0.996680021,181.93,1.57,0.03632,10.01817181,2.2,0.00018193,0.000400246,3.63E-05,5.009085903,11.01998899,9.82E-05,0.00011134,170.3193862,636.6511571,82.45801426,11.01998899,0.090744195,9.72E-08,4119.254258,772.0913034,170.3193862,30,208,2022
8,Blue Mountain,PINPON,New,8/25/2022,20,4,11352,mature,8/26/2022,0.094420001,-0.00043,0.107079998,0.037810002,5,0,NA,1.419999957,Pinus ponderosa,Ponderosa Pine,46.82981,-114.11812,NA,24,0.997319996,191.14,1.42,0.03781,10.11055276,2.2,0.00019114,0.000420508,3.78E-05,5.055276382,11.12160804,9.44E-05,0.00010708,149.722288,594.6105606,81.72369358,11.12160804,0.089915059,9.52E-08,4416.860984,727.5864985,149.722288,34,237,2022
8,Blue Mountain,PINPON,New,9/20/2022,20,4,11195,mature,9/20/2022,0.033550002,-0.00041,0.03864,0.01404,5,0,NA,0.779999971,Pinus ponderosa,Ponderosa Pine,46.82981,-114.11812,NA,24,0.997319996,64.54,0.74,0.01414,9.128712871,2.2,6.45E-05,0.000141988,1.40E-05,4.564356436,10.04158416,3.36E-05,3.86E-05,138.9601292,572.3562312,79.30895032,10.04158416,0.098881594,3.41E-08,4165.438685,721.6792416,138.9601292,38,263,2022
8,Blue Mountain,PINPON,Old,6/23/2022,20,4,11675,mature,6/23/2022,0.052639998,0.00063,0.062399998,0.02658,5,0,NA,1.549999952,Pinus ponderosa,Ponderosa Pine,46.82981,-114.11812,NA,23.5,0.997439981,NA,NA,NA,NA,NA,NA,NA,2.66E-05,NA,NA,5.26E-05,6.24E-05,98.04363397,NA,NA,NA,NA,5.22E-08,NA,686.2270481,NA,25,174,2022
8,Blue Mountain,PINPON,Old,7/27/2022,20,4,11841,mature,7/27/2022,0.040539999,0.00026,0.046750002,0.01877,5,0,NA,1.539999962,Pinus ponderosa,Ponderosa Pine,46.82981,-114.11812,NA,26.5,0.996680021,60.6,1.54,0.01877,6.457112413,2.3,6.06E-05,0.00013938,1.88E-05,3.228556207,7.425679275,4.05E-05,4.68E-05,115.9829442,538.1045349,77.80556582,7.425679275,0.134667814,4.05E-08,3445.154567,691.6015959,115.9829442,30,208,2022
8,Blue Mountain,PINPON,Old,8/25/2022,20,4,11340,mature,8/26/2022,0.051460002,0.00024,0.059579998,0.02293,5,0,NA,1.429999948,Pinus ponderosa,Ponderosa Pine,46.82981,-114.11812,NA,24,0.997319996,82.16,1.43,0.02293,7.166157872,2.3,8.22E-05,0.000188968,2.29E-05,3.583078936,8.241081553,5.15E-05,5.96E-05,124.4221617,554.931038,77.8444829,8.241081553,0.121343296,5.14E-08,3675.576668,712.8713781,124.4221617,34,237,2022
8,Blue Mountain,PINPON,Old,9/20/2022,20,4,11208,mature,9/20/2022,0.034170002,0.00013,0.037560001,0.01498,5,0,NA,0.709999979,Pinus ponderosa,Ponderosa Pine,46.82981,-114.11812,NA,24,0.997319996,59.11,0.71,0.01498,7.891855808,2.3,5.91E-05,0.000135953,1.50E-05,3.945927904,9.075634179,3.42E-05,3.76E-05,128.1041437,561.6454409,84.98671752,9.075634179,0.110185141,3.42E-08,3979.019148,660.8626116,128.1041437,38,263,2022
8,Blue Mountain,PSEMEN,New,6/30/2022,20,2,10774,mature,6/30/2022,0.0082,-0.00085,0.01131,0.00212,5,0,NA,1.149999976,Pseudotsuga menzeseii,Douglas Fir,46.82981,-114.11812,NA,24.5,0.997200012,28.26,NA,0.00212,26.66037736,2.3,2.83E-05,6.50E-05,2.12E-06,13.33018868,30.65943396,8.20E-06,1.13E-05,286.7924406,NA,NA,30.65943396,0.032616389,9.08E-09,7154.444263,1011.559464,286.7924406,26,181,2022
8,Blue Mountain,PSEMEN,New,7/27/2022,20,2,10822,mature,7/27/2022,0.018139999,-0.00171,0.018920001,0.00568,5,0,NA,NA,Pseudotsuga menzeseii,Douglas Fir,46.82981,-114.11812,NA,27,0.99654001,36.8,NA,0.00568,12.95774648,2.3,3.68E-05,8.46E-05,5.68E-06,6.478873239,14.90140845,1.81E-05,1.89E-05,219.3661891,624.8764193,94.10875195,14.90140845,0.06710775,1.99E-08,4244.746598,663.9939499,219.3661891,30,208,2022
8,Blue Mountain,PSEMEN,New,8/25/2022,20,2,10967,mature,8/25/2022,0.015699999,-0.00168,0.017170001,0.00577,5,0,NA,NA,Pseudotsuga menzeseii,Douglas Fir,46.82981,-114.11812,NA,25,0.997070014,35.53,NA,0.00577,12.31542461,2.3,3.55E-05,8.17E-05,5.77E-06,6.157712305,14.1627383,1.57E-05,1.72E-05,172.0970357,569.0720602,87.10525149,14.1627383,0.070607817,1.74E-08,4683.182601,653.3154436,172.0970357,34,237,2022
8,Blue Mountain,PSEMEN,New,9/20/2022,20,2,11015,mature,9/20/2022,0.01497,-0.0017,0.01754,0.00569,5,0,NA,NA,Pseudotsuga menzeseii,Douglas Fir,46.82981,-114.11812,NA,24,0.997319996,29.82,NA,0.00569,10.48154657,2.3,2.98E-05,6.86E-05,5.69E-06,5.240773286,12.05377856,1.50E-05,1.75E-05,163.0931432,554.6118955,78.31223292,12.05377856,0.082961538,1.67E-08,4098.988356,708.205953,163.0931432,38,263,2022
8,Blue Mountain,PSEMEN,Old,6/30/2022,20,2,10762,mature,6/30/2022,0.00953,-2.00E-05,0.01015,0.00462,5,0,NA,1.200000048,Pseudotsuga menzeseii,Douglas Fir,46.82981,-114.11812,NA,24.5,0.997200012,22.5,NA,0.00462,9.74025974,2.3,2.25E-05,5.18E-05,4.62E-06,4.87012987,11.2012987,9.53E-06,1.02E-05,106.2770741,512.1564527,88.78842695,11.2012987,0.089275358,9.59E-09,5397.982319,576.8279384,106.2770741,26,181,2022
8,Blue Mountain,PSEMEN,Old,7/27/2022,20,2,10810,mature,7/27/2022,0.01091,-0.00078,0.01311,0.0046,5,0,NA,NA,Pseudotsuga menzeseii,Douglas Fir,46.82981,-114.11812,NA,27,0.99654001,19.19,NA,0.0046,8.343478261,2.3,1.92E-05,4.41E-05,4.60E-06,4.17173913,9.595,1.09E-05,1.31E-05,137.1739017,NA,NA,9.595,0.104220951,1.17E-08,3758.589713,724.688968,137.1739017,30,208,2022
8,Blue Mountain,PSEMEN,Old,8/25/2022,20,2,10955,mature,8/25/2022,0.00984,-0.00071,0.01167,0.00396,5,0,NA,NA,Pseudotsuga menzeseii,Douglas Fir,46.82981,-114.11812,NA,25,0.997070014,22.68,NA,0.00396,11.45454545,2.3,2.27E-05,5.22E-05,3.96E-06,5.727272727,13.17272727,9.84E-06,1.17E-05,148.4848663,555.1274386,76.26459804,13.17272727,0.075914422,1.06E-08,4924.772972,727.8966295,148.4848663,34,237,2022
8,Blue Mountain,PSEMEN,Old,9/20/2022,20,2,11003,mature,9/20/2022,0.00973,-0.00122,0.01248,0.00425,5,0,NA,NA,Pseudotsuga menzeseii,Douglas Fir,46.82981,-114.11812,NA,24,0.997319996,19.38,NA,0.00425,9.12,2.3,1.94E-05,4.46E-05,4.25E-06,4.56,10.488,9.73E-06,1.25E-05,128.9411652,NA,NA,10.488,0.095347068,1.10E-08,4055.498975,748.7942694,128.9411652,38,263,2022
8,Jerry Johnson,ABIGRA,New,6/15/2022,27,10,11747,mature,6/16/2022,0.00679,-0.00052,0.00743,0.00155,5,0,NA,1.779999971,Abies grandis,Grand Fir,46.47389,-114.88439,3081,23.5,0.997439981,26.12,1.33,0.00155,33.70322581,2.1,2.61E-05,5.49E-05,1.55E-06,16.8516129,35.3883871,6.79E-06,7.43E-06,338.0645045,714.2381147,89.11564292,35.3883871,0.028257858,7.34E-09,7476.601011,801.4733343,338.0645045,24,166,2022
8,Jerry Johnson,ABIGRA,New,7/13/2022,27,10,11889,mature,7/13/2022,0.01557,-0.0021,0.01626,0.00506,5,0,NA,0.680000007,Abies grandis,Grand Fir,46.47389,-114.88439,3081,26.5,0.996680021,31.64,0.68,0.00506,12.50592885,2.1,3.16E-05,6.64E-05,5.06E-06,6.252964427,13.1312253,1.56E-05,1.63E-05,207.7075135,592.1938156,93.83928457,13.1312253,0.076154354,1.77E-08,3743.83693,631.0723897,207.7075135,28,194,2022
8,Jerry Johnson,ABIGRA,New,8/24/2022,27,10,11376,mature,8/25/2022,0.023940001,-0.00378,0.02534,0.00916,5,0,NA,0.550000012,Abies grandis,Grand Fir,46.47389,-114.88439,3081,24.79999924,0.997120023,53.81,0.55,0.00916,11.7489083,2.1,5.38E-05,0.000113001,9.16E-06,5.874454148,12.33635371,2.39E-05,2.53E-05,161.3537221,531.0933149,91.34734573,12.33635371,0.081061229,2.78E-08,4060.492049,581.3998323,161.3537221,34,236,2022
8,Jerry Johnson,ABIGRA,New,9/12/2022,27,10,11183,mature,9/13/2022,0.023800001,-0.00409,0.03056,0.00918,5,0,NA,0.529999971,Abies grandis,Grand Fir,46.47389,-114.88439,3081,24.5,0.997200012,63.99,0.53,0.00918,13.94117647,2.1,6.40E-05,0.000134379,9.18E-06,6.970588235,14.63823529,2.38E-05,3.06E-05,159.2592638,NA,NA,14.63823529,0.068314246,2.80E-08,4799.625762,763.6312066,159.2592638,37,255,2022
8,Jerry Johnson,ABIGRA,Old,6/15/2022,27,10,11735,mature,6/16/2022,0.033020001,-0.00393,0.035069998,0.01591,5,0,NA,2.140000105,Abies grandis,Grand Fir,46.47389,-114.88439,3081,23.5,0.997439981,60.5,2.14,0.01591,7.605279698,2.5,6.05E-05,0.00015125,1.59E-05,3.802639849,9.506599623,3.30E-05,3.51E-05,107.5424369,461.386309,89.30063892,9.506599623,0.10519008,3.71E-08,4078.589944,516.6663023,107.5424369,24,166,2022
8,Jerry Johnson,ABIGRA,Old,7/13/2022,27,10,11901,mature,7/13/2022,0.025189999,-0.00244,0.026219999,0.01167,5,0,NA,0.670000017,Abies grandis,Grand Fir,46.47389,-114.88439,3081,26.5,0.996680021,43.79,0.67,0.01167,7.504712939,2.5,4.38E-05,0.000109475,1.17E-05,3.75235647,9.380891174,2.52E-05,2.62E-05,115.8526107,487.184541,92.92096246,9.380891174,0.10659968,2.78E-08,3944.861636,524.2999299,115.8526107,28,194,2022
8,Jerry Johnson,ABIGRA,Old,8/24/2022,27,10,11388,mature,8/25/2022,0.025800001,-0.00411,0.033810001,0.01104,5,0,NA,0.529999971,Abies grandis,Grand Fir,46.47389,-114.88439,3081,24.79999924,0.997120023,57.1,0.53,0.01104,10.3442029,2.5,5.71E-05,0.00014275,1.10E-05,5.172101449,12.93025362,2.58E-05,3.38E-05,133.6956549,NA,NA,12.93025362,0.077338005,3.00E-08,4753.891908,758.2915706,133.6956549,34,236,2022
8,Jerry Johnson,ABIGRA,Old,9/12/2022,27,10,11171,mature,9/13/2022,0.022460001,-0.00306,0.028179999,0.00975,5,0,NA,0.670000017,Abies grandis,Grand Fir,46.47389,-114.88439,3081,24.5,0.997200012,42.84,0.67,0.00975,8.787692308,2.5,4.28E-05,0.0001071,9.75E-06,4.393846154,10.98461538,2.25E-05,2.82E-05,130.3589757,NA,NA,10.98461538,0.091036416,2.56E-08,4180.548664,719.3978404,130.3589757,37,255,2022
8,Jerry Johnson,THUPLI,NS,6/15/2022,27,28,11591,mature,6/16/2022,0.068879999,-0.01041,0.074900001,0.038929999,5,0,NA,1.019999981,Thuja plicata,Western Red Cedar,46.47389,-114.88439,3081,24,0.997319996,149,1.02,0.03893,7.654764963,2.3,0.000149,0.0003427,3.89E-05,3.827382481,8.802979707,6.89E-05,7.49E-05,76.9329597,376.3182041,83.26382635,8.802979707,0.113597896,7.96E-08,4305.984877,451.9588165,76.9329597,24,166,2022
8,Jerry Johnson,THUPLI,NS,7/13/2022,27,28,11877,mature,7/13/2022,0.023290001,-0.00563,0.029580001,0.00977,5,0,NA,0.779999971,Thuja plicata,Western Red Cedar,46.47389,-114.88439,3081,26.5,0.996680021,45.95,0.78,0.00977,9.406345957,2.3,4.60E-05,0.000105685,9.77E-06,4.703172979,10.81729785,2.33E-05,2.96E-05,138.3828046,NA,NA,10.81729785,0.092444532,2.90E-08,3638.419305,681.9992242,138.3828046,28,194,2022
8,Jerry Johnson,THUPLI,NS,8/24/2022,27,28,11364,mature,8/25/2022,0.052239999,-0.01445,0.06233,0.02313,5,0,NA,0.74000001,Thuja plicata,Western Red Cedar,46.47389,-114.88439,3081,24.79999924,0.997120023,118.25,0.74,0.02313,10.22481626,2.3,0.00011825,0.000271975,2.31E-05,5.112408128,11.75853869,5.22E-05,6.23E-05,125.8538694,NA,NA,11.75853869,0.08504458,6.70E-08,4062.168073,585.4839245,125.8538694,34,236,2022
8,Jerry Johnson,THUPLI,NS,9/12/2022,27,28,11268,mature,9/13/2022,0.02359,-0.00601,0.028069999,0.01057,5,0,NA,0.689999998,Thuja plicata,Western Red Cedar,46.47389,-114.88439,3081,25,0.997070014,53.63,0.69,0.01057,10.14758751,2.3,5.36E-05,0.000123349,1.06E-05,5.073793756,11.66972564,2.36E-05,2.81E-05,123.1788128,NA,NA,11.66972564,0.085691817,2.97E-08,4150.608012,588.862793,123.1788128,37,255,2022
8,Spring Gulch,PICENG,New,6/28/2022,6,27,11627,mature,6/29/2022,0.016489999,-0.00146,0.02,0.00282,5,0,NA,1.090000033,Picea engelmannii,Engelmann Spruce,46.73587,-114.5362,NA,25.5,0.996940017,22.45,1.09,0.00282,15.92198582,2.4,2.25E-05,5.39E-05,2.82E-06,7.960992908,19.10638298,1.65E-05,2.00E-05,484.7517398,758.4294069,79.56926492,19.10638298,0.052338531,1.80E-08,2989.332735,953.1687991,484.7517398,26,179,2022
8,Spring Gulch,PICENG,New,7/13/2022,6,27,11937,mature,7/14/2022,0.01253,-0.00093,0.01339,0.00389,5,0,NA,1,Picea engelmannii,Engelmann Spruce,46.73587,-114.5362,NA,26,0.996810019,22.63,1,0.00389,11.63496144,2.4,2.26E-05,5.43E-05,3.89E-06,5.81748072,13.96195373,1.25E-05,1.34E-05,222.1079636,639.1798671,90.94736804,13.96195373,0.071623215,1.35E-08,4017.955712,702.8019402,222.1079636,28,194,2022
8,Spring Gulch,PICENG,New,8/8/2022,6,27,11484,mature,8/9/2022,0.01685,-0.0008,0.0177,0.00686,5,0,NA,0.879999995,Picea engelmannii,Engelmann Spruce,46.73587,-114.5362,NA,26,0.996810019,21.99,0.88,0.00686,6.411078717,2.4,2.20E-05,5.28E-05,6.86E-06,3.205539359,7.693294461,1.69E-05,1.77E-05,145.6268229,563.6054545,92.15867606,7.693294461,0.129983327,1.77E-08,2977.461559,611.5598429,145.6268229,32,220,2022
8,Spring Gulch,PICENG,New,9/12/2022,6,27,11232,mature,9/13/2022,0.01558,-0.00056,0.0167,0.00643,5,0,NA,1.029999971,Picea engelmannii,Engelmann Spruce,46.73587,-114.5362,NA,25,0.997070014,22.16,1.03,0.00643,6.892690513,2.4,2.22E-05,5.32E-05,6.43E-06,3.446345257,8.271228616,1.56E-05,1.67E-05,142.3017137,564.657853,89.09445697,8.271228616,0.120901024,1.62E-08,3282.050525,633.774392,142.3017137,37,255,2022
8,Spring Gulch,PICENG,Old,6/28/2022,6,27,11639,mature,6/29/2022,0.02173,0.00038,0.02324,0.01149,5,0,NA,1.120000005,Picea engelmannii,Engelmann Spruce,46.73587,-114.5362,NA,25,0.997070014,24.56,1.12,0.01149,4.275021758,2.7,2.46E-05,6.63E-05,1.15E-05,2.137510879,5.771279373,2.17E-05,2.32E-05,89.12096931,477.7160894,87.14893695,5.771279373,0.173271812,2.14E-08,3093.584973,548.1605469,89.12096931,26,179,2022
8,Spring Gulch,PICENG,Old,7/13/2022,6,27,11949,mature,7/14/2022,0.017890001,0.00014,0.018850001,0.00924,5,0,NA,1.100000024,Picea engelmannii,Engelmann Spruce,46.73587,-114.5362,NA,26,0.996810019,30.31,1.1,0.00924,6.560606061,2.7,3.03E-05,8.18E-05,9.24E-06,3.28030303,8.856818182,1.79E-05,1.89E-05,93.61473522,485.2574338,90.01040833,8.856818182,0.112907359,1.78E-08,4590.983513,539.1125791,93.61473522,28,194,2022
8,Spring Gulch,PICENG,Old,8/8/2022,6,27,11472,mature,8/9/2022,0.01571,-0.0003,0.01664,0.00722,5,0,NA,1.039999962,Picea engelmannii,Engelmann Spruce,46.73587,-114.5362,NA,25.5,0.996940017,20.14,1.04,0.00722,5.578947368,2.7,2.01E-05,5.44E-05,7.22E-06,2.789473684,7.531578947,1.57E-05,1.66E-05,117.5900261,528.1137381,90.12738753,7.531578947,0.132774284,1.61E-08,3382.540533,585.9636594,117.5900261,32,220,2022
8,Spring Gulch,PICENG,Old,9/12/2022,6,27,11220,mature,9/13/2022,0.01497,-0.00048,0.016140001,0.00676,5,0,NA,0.930000007,Picea engelmannii,Engelmann Spruce,46.73587,-114.5362,NA,25,0.997070014,NA,NA,NA,NA,NA,NA,NA,6.76E-06,NA,NA,1.50E-05,1.61E-05,121.4497097,529.2763489,87.52664334,NA,NA,1.55E-08,NA,604.7031266,NA,37,255,2022
8,Spring Gulch,PINCON,New,6/28/2022,6,1,11603,mature,6/29/2022,0.00654,0.00032,0.00753,0.00199,5,0,NA,1.070000052,Pinus contorta,Lodgepole Pine,46.73587,-114.5362,NA,26,0.996810019,16,1.07,0.00199,16.08040201,2.2,1.60E-05,3.52E-05,1.99E-06,8.040201005,17.68844221,6.54E-06,7.53E-06,228.6432116,728.4091898,82.12996245,17.68844221,0.056534091,6.25E-09,5635.165657,886.8982379,228.6432116,26,179,2022
8,Spring Gulch,PINCON,New,7/13/2022,6,1,11865,mature,7/14/2022,0.02338,0.00061,0.02648,0.00696,5,0,NA,1.399999976,Pinus contorta,Lodgepole Pine,46.73587,-114.5362,NA,26,0.996810019,47.05,1.4,0.00696,13.52011494,2.2,4.71E-05,0.00010351,6.96E-06,6.760057471,14.87212644,2.34E-05,2.65E-05,235.9195466,718.0662796,84.11885126,14.87212644,0.067239879,2.29E-08,4526.616294,853.6330072,235.9195466,28,194,2022
8,Spring Gulch,PINCON,New,8/8/2022,6,1,11400,mature,8/9/2022,0.053240001,0.00026,0.05999,0.02066,5,0,NA,0.689999998,Pinus contorta,Lodgepole Pine,46.73587,-114.5362,NA,26,0.996810019,88.63,0.69,0.02066,8.579864472,2.2,8.86E-05,0.000194986,2.07E-05,4.289932236,9.43785092,5.32E-05,6.00E-05,157.6960378,612.3412842,82.83753174,9.43785092,0.105956325,5.32E-08,3664.762828,739.2075444,157.6960378,32,220,2022
8,Spring Gulch,PINCON,New,9/12/2022,6,1,11256,mature,9/13/2022,0.036499999,-0.00139,0.042660002,0.01539,5,0,NA,0.569999993,Pinus contorta,Lodgepole Pine,46.73587,-114.5362,NA,24.5,0.997200012,77.25,0.57,0.01539,10.03898635,2.2,7.73E-05,0.00016995,1.54E-05,5.019493177,11.04288499,3.65E-05,4.27E-05,137.1669834,554.9937722,77.41106749,11.04288499,0.090556048,3.80E-08,4468.081258,716.9437009,137.1669834,37,255,2022
8,Spring Gulch,PINCON,Old,6/28/2022,6,1,11615,mature,6/29/2022,0.034899998,-0.00128,0.042040002,0.017449999,5,0,NA,1.309999943,Pinus contorta,Lodgepole Pine,46.73587,-114.5362,NA,26,0.996810019,70.91,1.31,0.01745,8.12722063,2.4,7.09E-05,0.000170184,1.74E-05,4.063610315,9.752664756,3.49E-05,4.20E-05,100,NA,NA,9.752664756,0.102536074,3.63E-08,4683.867391,676.7751978,100,26,179,2022
8,Spring Gulch,PINCON,Old,7/13/2022,6,1,11853,mature,7/14/2022,0.03246,-0.00148,0.038869999,0.01516,5,0,NA,1.370000005,Pinus contorta,Lodgepole Pine,46.73587,-114.5362,NA,26,0.996810019,69.01,1.37,0.01516,9.104221636,2.4,6.90E-05,0.000165624,1.52E-05,4.552110818,10.92506596,3.25E-05,3.89E-05,114.1160981,NA,NA,10.92506596,0.091532628,3.41E-08,4859.211855,695.6232802,114.1160981,28,194,2022
8,Spring Gulch,PINCON,Old,8/8/2022,6,1,11412,mature,8/9/2022,0.032869998,-0.00095,0.03802,0.016410001,5,0,NA,0.600000024,Pinus contorta,Lodgepole Pine,46.73587,-114.5362,NA,26,0.996810019,59.79,0.6,0.01641,7.28702011,2.4,5.98E-05,0.000143496,1.64E-05,3.643510055,8.744424132,3.29E-05,3.80E-05,100.3046747,484.6303365,76.16843277,8.744424132,0.114358593,3.40E-08,4224.940723,636.2613997,100.3046747,32,220,2022
8,Spring Gulch,PINCON,Old,9/12/2022,6,1,11244,mature,9/13/2022,0.037300002,-0.0011,0.044210002,0.017519999,5,0,NA,0.569999993,Pinus contorta,Lodgepole Pine,46.73587,-114.5362,NA,24.5,0.997200012,75.66,0.57,0.01752,8.636986301,2.4,7.57E-05,0.000181584,1.75E-05,4.318493151,10.36438356,3.73E-05,4.42E-05,112.8995624,NA,NA,10.36438356,0.096484268,3.85E-08,4710.541415,692.3757726,112.8995624,37,255,2022
8,St Mary's Peak,PINALB,New,7/21/2022,29,31,11781,mature,7/21/2022,0.020190001,-0.00067,0.02723,0.00552,5,0,NA,1.129999995,Pinus albicaulus,Whitebark Pine,46.50029,-114.20339,6859,26,0.996810019,50.88,1.13,0.00552,18.43478261,2.5,5.09E-05,0.0001272,5.52E-06,9.217391304,23.04347826,2.02E-05,2.72E-05,265.7608711,NA,NA,23.04347826,0.043396227,2.09E-08,6071.93626,1036.334404,265.7608711,29,202,2022
8,St Mary's Peak,PINALB,New,8/4/2022,29,31,11567,mature,8/4/2022,0.039129999,-0.00167,0.043719999,0.01409,5,0,NA,0.980000019,Pinus albicaulus,Whitebark Pine,46.50029,-114.20339,6859,26,0.996810019,58.63,0.98,0.01409,8.322214336,2.5,5.86E-05,0.000146575,1.41E-05,4.161107168,10.40276792,3.91E-05,4.37E-05,177.7146864,611.122908,84.50894029,10.40276792,0.09612826,4.10E-08,3577.290115,723.1458659,177.7146864,31,216,2022
8,St Mary's Peak,PINALB,New,9/2/2022,29,31,11304,mature,9/2/2022,0.034290001,-0.00272,0.03737,0.01444,5,0,NA,1.269999981,Pinus albicaulus,Whitebark Pine,46.50029,-114.20339,6859,25,0.997070014,68.61,1.27,0.01444,9.502770083,2.5,6.86E-05,0.000171525,1.44E-05,4.751385042,11.8784626,3.43E-05,3.74E-05,137.4653785,534.2065861,86.5678184,11.8784626,0.084185979,3.72E-08,4616.109888,617.0960479,137.4653785,35,245,2022
8,St Mary's Peak,PINALB,New,9/28/2022,29,31,11159,mature,9/28/2022,0.037409998,-0.00095,0.04081,0.01626,5,0,NA,1.090000033,Pinus albicaulus,Whitebark Pine,46.50029,-114.20339,6859,24.5,0.997200012,59.82,1.09,0.01626,7.357933579,2.5,5.98E-05,0.00014955,1.63E-05,3.67896679,9.197416974,3.74E-05,4.08E-05,130.0737921,549.2325314,86.15070612,9.197416974,0.108726178,3.85E-08,3883.580652,637.5252812,130.0737921,39,271,2022
8,St Mary's Peak,PINALB,Old,7/21/2022,29,31,11793,mature,7/21/2022,0.034200002,-0.0013,0.041189998,0.01475,5,0,NA,0.879999995,Pinus albicaulus,Whitebark Pine,46.50029,-114.20339,6859,26,0.996810019,51.98,0.88,0.01475,7.048135593,2.5,5.20E-05,0.00012995,1.48E-05,3.524067797,8.810169492,3.42E-05,4.12E-05,131.8644156,NA,NA,8.810169492,0.113505195,3.57E-08,3645.040178,741.6302893,131.8644156,29,202,2022
8,St Mary's Peak,PINALB,Old,8/4/2022,29,31,11579,mature,8/4/2022,0.027550001,-0.00144,0.033399999,0.01289,5,0,NA,1,Pinus albicaulus,Whitebark Pine,46.50029,-114.20339,6859,26,0.996810019,51.07,1,0.01289,7.923972071,2.5,5.11E-05,0.000127675,1.29E-05,3.961986036,9.904965089,2.76E-05,3.34E-05,113.731582,NA,NA,9.904965089,0.100959467,2.91E-08,4385.428633,704.485122,113.731582,31,216,2022
8,St Mary's Peak,PINALB,Old,9/2/2022,29,31,11316,mature,9/2/2022,0.034170002,-0.00116,0.04084,0.015729999,5,0,NA,1.159999967,Pinus albicaulus,Whitebark Pine,46.50029,-114.20339,6859,25,0.997070014,71.23,1.16,0.01573,9.056579784,2.5,7.12E-05,0.000178075,1.57E-05,4.528289892,11.32072473,3.42E-05,4.08E-05,117.2282489,NA,NA,11.32072473,0.088333563,3.55E-08,5020.270282,707.8983042,117.2282489,35,245,2022
8,St Mary's Peak,PINALB,Old,9/28/2022,29,31,11147,mature,9/28/2022,0.047479998,-0.00252,0.050020002,0.021600001,5,0,NA,1.220000029,Pinus albicaulus,Whitebark Pine,46.50029,-114.20339,6859,25,0.997070014,84.11,1.22,0.0216,7.787962963,2.5,8.41E-05,0.000210275,2.16E-05,3.893981481,9.734953704,4.75E-05,5.00E-05,119.8148013,515.5396221,91.06262,9.734953704,0.102722628,5.02E-08,4188.759792,566.13748,119.8148013,39,271,2022
8,TV1,ABILAS,New,7/18/2022,10,6,11913,mature,7/19/2022,0.0083,-0.00183,0.00941,0.0021,5,0,NA,0.540000021,Abies lasiocarpa,Subalpine Fir,47.018,-114.014,6817,26,0.996810019,21.99,0.54,0.0021,20.94285714,2.2,2.20E-05,4.84E-05,2.10E-06,10.47142857,23.03714286,8.30E-06,9.41E-06,295.2381032,609.447998,84.81531515,23.03714286,0.043408159,1.02E-08,4755.463792,718.5589029,295.2381032,29,199,2022
8,TV1,ABILAS,New,8/1/2022,10,6,11448,mature,8/2/2022,0.01256,-0.00184,0.0136,0.0048,5,0,NA,0.720000029,Abies lasiocarpa,Subalpine Fir,47.018,-114.014,6817,27.5,0.996399999,24.71,0.72,0.0048,10.29583333,2.2,2.47E-05,5.44E-05,4.80E-06,5.147916667,11.32541667,1.26E-05,1.36E-05,161.6666482,536.3826524,88.18181279,11.32541667,0.088296976,1.45E-08,3757.581919,608.2690245,161.6666482,31,213,2022
8,TV1,ABILAS,New,8/16/2022,10,6,11508,mature,8/16/2022,0.00992,-0.00136,0.01056,0.00424,5,0,NA,0.730000019,Abies lasiocarpa,Subalpine Fir,47.018,-114.014,6817,25.29999924,0.996990025,21.64,0.73,0.00424,10.20754717,2.2,2.16E-05,4.76E-05,4.24E-06,5.103773585,11.22830189,9.92E-06,1.06E-05,133.9622579,501.5013989,89.87341455,11.22830189,0.089060665,1.13E-08,4203.429373,558.0086185,133.9622579,33,228,2022
8,TV1,ABILAS,New,9/6/2022,10,6,11292,mature,9/6/2022,0.00809,-0.00118,0.00861,0.00347,5,0,NA,0.610000014,Abies lasiocarpa,Subalpine Fir,47.018,-114.014,6817,25,0.997070014,18.86,0.61,0.00347,10.870317,2.2,1.89E-05,4.15E-05,3.47E-06,5.435158501,11.9573487,8.09E-06,8.61E-06,133.1411933,496.3979957,89.88326351,11.9573487,0.083630582,9.31E-09,4458.12719,552.2696621,133.1411933,36,249,2022
8,TV1,ABILAS,Old,7/18/2022,10,6,11925,mature,7/19/2022,0.01352,-0.00102,0.01451,0.00675,5,0,NA,0.829999983,Abies lasiocarpa,Subalpine Fir,47.018,-114.014,6817,25.5,0.996940017,21.2,0.83,0.00675,6.281481481,2.2,2.12E-05,4.66E-05,6.75E-06,3.140740741,6.90962963,1.35E-05,1.45E-05,100.2962847,463.6981329,87.24226083,6.90962963,0.144725561,1.46E-08,3194.517407,531.5063233,100.2962847,29,199,2022
8,TV1,ABILAS,Old,8/1/2022,10,6,11460,mature,8/2/2022,0.01215,-0.00129,0.01283,0.00559,5,0,NA,0.75999999,Abies lasiocarpa,Subalpine Fir,47.018,-114.014,6817,27.5,0.996399999,22.24,0.76,0.00559,7.95706619,2.2,2.22E-05,4.89E-05,5.59E-06,3.978533095,8.752772809,1.21E-05,1.28E-05,117.352405,485.8252327,90.60772784,8.752772809,0.114249513,1.35E-08,3623.54546,536.1852066,117.352405,31,213,2022
8,TV1,ABILAS,Old,8/16/2022,10,6,11520,mature,8/16/2022,0.01017,-0.00158,0.01134,0.00472,5,0,NA,0.769999981,Abies lasiocarpa,Subalpine Fir,47.018,-114.014,6817,25.29999924,0.996990025,21.88,0.77,0.00472,9.271186441,2.2,2.19E-05,4.81E-05,4.72E-06,4.63559322,10.19830508,1.02E-05,1.13E-05,115.4660909,461.9463439,82.32628213,10.19830508,0.098055511,1.18E-08,4080.046033,561.1164891,115.4660909,33,228,2022
8,TV1,ABILAS,Old,9/6/2022,10,6,11280,mature,9/6/2022,0.00736,-0.00109,0.00842,0.00346,5,0,NA,0.709999979,Abies lasiocarpa,Subalpine Fir,47.018,-114.014,6817,25,0.997070014,14.9,0.71,0.00346,8.612716763,2.2,1.49E-05,3.28E-05,3.46E-06,4.306358382,9.473988439,7.36E-06,8.42E-06,112.7167655,459.7012738,78.62903773,9.473988439,0.105552167,8.48E-09,3863.848016,584.6456819,112.7167655,36,249,2022
8,TV1,LAROCC,New,6/27/2022,10,5,11723,mature,6/27/2022,0.00872,-0.00142,0.01011,0.00284,5,0,NA,0.540000021,Larix occidentalis,Western Larch,47.018,-114.014,6817,25,0.997070014,28.96,0.54,0.00284,20.3943662,2,2.90E-05,5.79E-05,2.84E-06,10.1971831,20.3943662,8.72E-06,1.01E-05,207.0422662,577.5734048,80.88033232,20.3943662,0.049033149,1.02E-08,5689.294199,714.1085951,207.0422662,26,178,2022
8,TV1,LAROCC,New,8/1/2022,10,5,11496,mature,8/1/2022,0.00664,-0.00084,0.00737,0.0023,5,0,NA,0.469999999,Larix occidentalis,Western Larch,47.018,-114.014,6817,27.5,0.996399999,23.19,0.47,0.0023,20.16521739,2,2.32E-05,4.64E-05,2.30E-06,10.0826087,20.16521739,6.64E-06,7.37E-06,188.6956372,577.5154862,85.6015777,20.16521739,0.049590342,7.51E-09,6171.698107,674.6551895,188.6956372,31,213,2022
8,TV1,LAROCC,New,8/16/2022,10,5,11532,mature,8/16/2022,0.00935,-0.00338,0.01087,0.0027,5,0,NA,0.540000021,Larix occidentalis,Western Larch,47.018,-114.014,6817,25.5,0.996940017,28.75,0.54,0.0027,21.2962963,2,2.88E-05,5.75E-05,2.70E-06,10.64814815,21.2962963,9.35E-06,1.09E-05,246.2962854,520.2407284,81.3953446,21.2962963,0.046956523,1.28E-08,4498.32217,639.1529282,246.2962854,33,228,2022
8,TV1,LAROCC,New,9/6/2022,10,5,11328,mature,9/6/2022,0.00619,-0.00102,0.00708,0.00188,5,0,NA,0.270000011,Larix occidentalis,Western Larch,47.018,-114.014,6817,25,0.997070014,25,0.27,0.00188,26.59574468,2,2.50E-05,5.00E-05,1.88E-06,13.29787234,26.59574468,6.19E-06,7.08E-06,229.2553252,595.4013528,82.88461905,26.59574468,0.0376,7.24E-09,6907.208099,718.3496282,229.2553252,36,249,2022
8,White Pine Creek,PINMON,New,6/21/2022,30,30,11663,mature,6/21/2022,0.00346,0.00014,0.00346,0.00094,5,0,NA,0.439999998,Pinus monticola,Western White Pine,47.73889,-115.67531,3360,23.20000076,0.99752003,10.91,0.44,0.00094,23.21276596,2,1.09E-05,2.18E-05,9.40E-07,11.60638298,23.21276596,3.46E-06,3.46E-06,268.085111,756.3563715,100,23.21276596,0.043079743,3.33E-09,6549.085625,756.3563715,268.085111,25,172,2022
8,White Pine Creek,PINMON,New,7/25/2022,30,30,11769,mature,7/25/2022,0.01335,-0.00137,0.01423,0.00471,5,0,NA,0.660000026,Pinus monticola,Western White Pine,47.73889,-115.67531,3360,25.5,0.996940017,37.04,0.66,0.00471,15.72823779,2,3.70E-05,7.41E-05,4.71E-06,7.864118896,15.72823779,1.33E-05,1.42E-05,183.439483,584.5437705,90.75630047,15.72823779,0.063579914,1.48E-08,5011.921782,644.0806506,183.439483,30,206,2022
8,White Pine Creek,PINMON,New,8/15/2022,30,30,11424,mature,8/15/2022,0.0208,-0.0023,0.02186,0.00765,5,0,NA,0.699999988,Pinus monticola,Western White Pine,47.73889,-115.67531,3360,26,0.996810019,48.43,0.7,0.00765,12.66143791,2,4.84E-05,9.69E-05,7.65E-06,6.330718954,12.66143791,2.08E-05,2.19E-05,171.895424,566.8500363,92.54046649,12.66143791,0.078979972,2.32E-08,4175.292354,612.5428775,171.895424,33,227,2022
8,White Pine Creek,PINMON,New,9/20/2022,30,30,11135,mature,9/21/2022,0.034540001,-0.00382,0.039969999,0.01399,5,0,NA,0.75999999,Pinus monticola,Western White Pine,47.73889,-115.67531,3360,24.5,0.997200012,83.88,0.76,0.01399,11.99142244,2,8.39E-05,0.00016776,1.40E-05,5.995711222,11.99142244,3.45E-05,4.00E-05,146.8906474,533.6515016,79.09931426,11.99142244,0.083392942,3.85E-08,4356.465682,674.660086,146.8906474,38,263,2022
8,White Pine Creek,PINMON,Old,6/21/2022,30,30,11651,mature,6/21/2022,0.01798,-0.00074,0.02218,0.00951,5,0,NA,0.680000007,Pinus monticola,Western White Pine,47.73889,-115.67531,3360,23.20000076,0.99752003,44.85,0.68,0.00951,9.432176656,2,4.49E-05,8.97E-05,9.51E-06,4.716088328,9.432176656,1.80E-05,2.22E-05,89.06413835,NA,NA,9.432176656,0.10602007,1.88E-08,4774.749689,674.4267443,89.06413835,25,172,2022
8,White Pine Creek,PINMON,Old,7/25/2022,30,30,11757,mature,7/25/2022,0.015659999,-0.00085,0.019060001,0.00682,5,0,NA,0.680000007,Pinus monticola,Western White Pine,47.73889,-115.67531,3360,25.5,0.996940017,40.06,0.68,0.00682,11.74780059,2,4.01E-05,8.01E-05,6.82E-06,5.873900293,11.74780059,1.57E-05,1.91E-05,129.6187627,NA,NA,11.74780059,0.085122314,1.66E-08,4832.868748,738.3214966,129.6187627,30,206,2022
8,White Pine Creek,PINMON,Old,8/15/2022,30,30,11436,mature,8/15/2022,0.016519999,-0.00165,0.020880001,0.00718,5,0,NA,0.569999993,Pinus monticola,Western White Pine,47.73889,-115.67531,3360,26,0.996810019,NA,NA,NA,NA,NA,NA,NA,7.18E-06,NA,NA,1.65E-05,2.09E-05,130.0835473,NA,NA,NA,NA,1.82E-08,NA,750.7927726,NA,33,227,2022
8,White Pine Creek,PINMON,Old,9/20/2022,30,30,11123,mature,9/21/2022,0.0207,-0.00184,0.025769999,0.00952,5,0,NA,0.639999986,Pinus monticola,Western White Pine,47.73889,-115.67531,3360,24.5,0.997200012,57.76,0.64,0.00952,12.13445378,2,5.78E-05,0.00011552,9.52E-06,6.067226891,12.13445378,2.07E-05,2.58E-05,117.4369807,NA,NA,12.13445378,0.082409971,2.26E-08,5105.376279,718.1644866,117.4369807,38,263,2022
8,White Pine Creek,TSUHET,New,6/21/2022,30,29,11711,mature,6/22/2022,0.0022,-0.00012,0.00261,0.00051,5,0,NA,0.330000013,Tsuga heterophylla,Western Hemlock,47.73889,-115.67531,3360,23,0.997560024,9.89,0.33,0.00051,38.78431373,2,9.89E-06,1.98E-05,5.10E-07,19.39215686,38.78431373,2.20E-06,2.61E-06,331.3725607,725.9056343,80.47618687,38.78431373,0.025783619,2.33E-09,8496.102608,902.0129588,331.3725607,25,172,2022
8,White Pine Creek,TSUHET,New,7/25/2022,30,29,11805,mature,7/26/2022,0.01019,-0.00271,0.01048,0.00341,5,0,NA,0.460000008,Tsuga heterophylla,Western Hemlock,47.73889,-115.67531,3360,25,0.997070014,31.5,0.46,0.00341,18.47507331,2,3.15E-05,6.30E-05,3.41E-06,9.237536657,18.47507331,1.02E-05,1.05E-05,198.8269842,523.4892809,95.89816284,18.47507331,0.054126982,1.30E-08,4864.280974,545.8804063,198.8269842,30,206,2022
8,White Pine Creek,TSUHET,New,8/15/2022,30,29,11544,mature,8/15/2022,0.01167,-0.0025,0.01167,0.00435,5,0,NA,0.479999989,Tsuga heterophylla,Western Hemlock,47.73889,-115.67531,3360,26,0.996810019,32.98,0.48,0.00435,15.16321839,2,3.30E-05,6.60E-05,4.35E-06,7.581609195,15.16321839,1.17E-05,1.17E-05,168.2758565,514.3936918,100,15.16321839,0.065949061,1.42E-08,4635.165104,514.3936918,168.2758565,33,227,2022
8,White Pine Creek,TSUHET,New,9/20/2022,30,29,11111,mature,9/21/2022,0.00625,-0.00118,0.00654,0.00247,5,0,NA,0.400000006,Tsuga heterophylla,Western Hemlock,47.73889,-115.67531,3360,24.5,0.997200012,18.92,0.4,0.00247,15.31983806,2,1.89E-05,3.78E-05,2.47E-06,7.659919028,15.31983806,6.25E-06,6.54E-06,153.0364463,506.7893606,92.87469587,15.31983806,0.06527484,7.46E-09,5073.256262,545.6700082,153.0364463,38,263,2022
8,White Pine Creek,TSUHET,Old,6/21/2022,30,29,11699,mature,6/22/2022,0.00496,-0.00049,0.006,0.00249,5,0,NA,0.370000005,Tsuga heterophylla,Western Hemlock,47.73889,-115.67531,3360,23,0.997560024,14.1,0.37,0.006,4.7,2.2,1.41E-05,3.10E-05,2.49E-06,2.35,5.17,4.96E-06,6.00E-06,99.19678107,NA,NA,5.17,0.080270796,5.47E-09,5671.876036,641.7886722,99.19678107,25,172,2022
8,White Pine Creek,TSUHET,Old,7/25/2022,30,29,11817,mature,7/26/2022,0.00862,-0.0007,0.01039,0.00354,5,0,NA,0.50999999,Tsuga heterophylla,Western Hemlock,47.73889,-115.67531,3360,25,0.997070014,19.25,0.51,0.00354,10.87570621,2.2,1.93E-05,4.24E-05,3.54E-06,5.437853107,11.96327684,8.62E-06,1.04E-05,143.5028411,NA,NA,11.96327684,0.083589137,9.36E-09,4525.903479,732.0529154,143.5028411,30,206,2022
8,White Pine Creek,TSUHET,Old,8/15/2022,30,29,11556,mature,8/15/2022,0.00885,-0.00132,0.00984,0.00352,5,0,NA,0.469999999,Tsuga heterophylla,Western Hemlock,47.73889,-115.67531,3360,26,0.996810019,22.24,0.47,0.00352,12.63636364,2.2,2.22E-05,4.89E-05,3.52E-06,6.318181818,13.9,8.85E-06,9.84E-06,151.4204488,521.8679843,84.33543526,13.9,0.071942447,1.02E-08,4790.611164,618.8003687,151.4204488,33,227,2022
8,White Pine Creek,TSUHET,Old,9/20/2022,30,29,11099,mature,9/21/2022,0.00752,-0.00087,0.00796,0.00319,5,0,NA,0.5,Tsuga heterophylla,Western Hemlock,47.73889,-115.67531,3360,24.5,0.997200012,16.19,0.5,0.00319,10.15047022,2.2,1.62E-05,3.56E-05,3.19E-06,5.07523511,11.16551724,7.52E-06,7.96E-06,135.736671,514.1033343,90.77567944,11.16551724,0.08956146,8.42E-09,4228.945253,566.3447935,135.736671,38,263,2022
9,Blue Mountain,PINPON,New,6/23/2022,20,4,11688,mature,6/23/2022,0.024900001,0.00052,0.029720001,0.00641,5,0,NA,1.480000019,Pinus ponderosa,Ponderosa Pine,46.82981,-114.11812,NA,23.5,0.997439981,35.28,1.48,0.00641,11.00780031,2.2,3.53E-05,7.76E-05,6.41E-06,5.503900156,12.10858034,2.49E-05,2.97E-05,288.4555519,755.6702602,79.32217859,12.10858034,0.082586064,2.45E-08,3172.098481,952.6594877,288.4555519,25,174,2022
9,Blue Mountain,PINPON,New,7/27/2022,20,4,11830,mature,7/27/2022,0.055909999,0.00112,0.062180001,0.02066,5,0,NA,1.320000052,Pinus ponderosa,Ponderosa Pine,46.82981,-114.11812,NA,26.5,0.996680021,103.08,1.32,0.02066,9.978702807,2.2,0.00010308,0.000226776,2.07E-05,4.989351404,10.97657309,5.59E-05,6.22E-05,170.6195495,640.5536555,84.89883823,10.97657309,0.091103115,5.50E-08,4120.913496,754.490484,170.6195495,30,208,2022
9,Blue Mountain,PINPON,New,8/25/2022,20,4,11353,mature,8/26/2022,0.087800004,-0.00013,0.09922,0.035209998,5,0,NA,1.419999957,Pinus ponderosa,Ponderosa Pine,46.82981,-114.11812,NA,24,0.997319996,154.58,1.42,0.03521,8.780460097,2.2,0.00015458,0.000340076,3.52E-05,4.390230048,9.658506106,8.78E-05,9.92E-05,149.3609979,595.8582125,82.15904341,9.658506106,0.103535676,8.83E-08,3853.148085,725.2496959,149.3609979,34,237,2022
9,Blue Mountain,PINPON,New,9/20/2022,20,4,11196,mature,9/20/2022,0.034589998,-6.00E-05,0.03954,0.01414,5,0,NA,0.74000001,Pinus ponderosa,Ponderosa Pine,46.82981,-114.11812,NA,24,0.997319996,57.93,0.81,0.01404,8.252136752,2.2,5.79E-05,0.000127446,1.41E-05,4.126068376,9.077350427,3.46E-05,3.95E-05,144.625172,587.98585,80.51180428,9.077350427,0.110948948,3.48E-08,3664.374038,730.3101145,144.625172,38,263,2022
9,Blue Mountain,PINPON,Old,6/23/2022,20,4,11676,mature,6/23/2022,0.036759999,0.0008,0.041820001,0.018030001,5,0,NA,1.279999971,Pinus ponderosa,Ponderosa Pine,46.82981,-114.11812,NA,23.5,0.997439981,NA,NA,NA,NA,NA,NA,NA,1.80E-05,NA,NA,3.68E-05,4.18E-05,103.8824011,518.9758812,78.73054978,NA,NA,3.61E-08,NA,659.1798008,NA,25,174,2022
9,Blue Mountain,PINPON,Old,7/27/2022,20,4,11842,mature,7/27/2022,0.031769998,0.00066,0.036389999,0.01444,5,0,NA,1.419999957,Pinus ponderosa,Ponderosa Pine,46.82981,-114.11812,NA,26.5,0.996680021,51.53,1.42,0.01444,7.137119114,2.3,5.15E-05,0.000118519,1.44E-05,3.568559557,8.207686981,3.18E-05,3.64E-05,120.0138383,554.6208982,78.9521598,8.207686981,0.121837006,3.12E-08,3793.024849,702.4771705,120.0138383,30,208,2022
9,Blue Mountain,PINPON,Old,8/25/2022,20,4,11341,mature,8/26/2022,0.05494,-0.00096,0.063929997,0.024700001,5,0,NA,1.480000019,Pinus ponderosa,Ponderosa Pine,46.82981,-114.11812,NA,24,0.997319996,76.31,1.48,0.0247,6.178947368,2.3,7.63E-05,0.000175513,2.47E-05,3.089473684,7.105789474,5.49E-05,6.39E-05,122.4291426,538.9478887,77.08386946,7.105789474,0.140730321,5.61E-08,3128.054332,699.1707766,122.4291426,34,237,2022
9,Blue Mountain,PINPON,Old,9/20/2022,20,4,11209,mature,9/20/2022,0.054260001,-0.00094,0.063940004,0.024940001,5,0,NA,0.819999993,Pinus ponderosa,Ponderosa Pine,46.82981,-114.11812,NA,24,0.997319996,87.25,0.82,0.02494,6.996792302,2.3,8.73E-05,0.000200675,2.49E-05,3.498396151,8.046311147,5.43E-05,6.39E-05,117.5621441,529.1778862,75.17948137,8.046311147,0.124280557,5.54E-08,3621.854477,703.8860558,117.5621441,38,263,2022
9,Blue Mountain,PSEMEN,New,6/30/2022,20,2,10775,mature,6/30/2022,0.00861,-0.00116,0.01186,0.00231,5,0,NA,1.120000005,Pseudotsuga menzeseii,Douglas Fir,46.82981,-114.11812,NA,24.5,0.997200012,32.28,NA,0.00231,27.94805195,2.3,3.23E-05,7.42E-05,2.31E-06,13.97402597,32.14025974,8.61E-06,1.19E-05,272.7272856,NA,NA,32.14025974,0.031113624,9.81E-09,7569.92011,973.7182482,272.7272856,26,181,2022
9,Blue Mountain,PSEMEN,New,7/27/2022,20,2,10823,mature,7/27/2022,0.01564,-0.00128,0.018540001,0.00572,5,0,NA,NA,Pseudotsuga menzeseii,Douglas Fir,46.82981,-114.11812,NA,27,0.99654001,22.95,NA,0.00572,8.024475524,2.3,2.30E-05,5.28E-05,5.72E-06,4.012237762,9.228146853,1.56E-05,1.85E-05,173.4265817,583.6438755,77.37909134,9.228146853,0.108364114,1.70E-08,3105.609038,754.2656102,173.4265817,30,208,2022
9,Blue Mountain,PSEMEN,New,8/25/2022,20,2,10968,mature,8/25/2022,0.01324,-0.00105,0.01417,0.00493,5,0,NA,NA,Pseudotsuga menzeseii,Douglas Fir,46.82981,-114.11812,NA,25,0.997070014,28.17,NA,0.00493,11.42799189,2.3,2.82E-05,6.48E-05,4.93E-06,5.713995943,13.14219067,1.32E-05,1.42E-05,168.5598522,579.2107527,89.93506444,13.14219067,0.076090812,1.43E-08,4515.961735,644.0321762,168.5598522,34,237,2022
9,Blue Mountain,PSEMEN,New,9/20/2022,20,2,11016,mature,9/20/2022,0.01047,-0.00162,0.01349,0.0042,5,0,NA,NA,Pseudotsuga menzeseii,Douglas Fir,46.82981,-114.11812,NA,24,0.997319996,20.77,NA,0.0042,9.89047619,2.3,2.08E-05,4.78E-05,4.20E-06,4.945238095,11.37404762,1.05E-05,1.35E-05,149.2857255,NA,NA,11.37404762,0.087919446,1.21E-08,3936.541514,765.5370518,149.2857255,38,263,2022
9,Blue Mountain,PSEMEN,Old,6/30/2022,20,2,10763,mature,6/30/2022,0.01144,-0.00035,0.01206,0.00589,5,0,NA,1.309999943,Pseudotsuga menzeseii,Douglas Fir,46.82981,-114.11812,NA,24.5,0.997200012,20.21,NA,0.00589,6.862478778,2.3,2.02E-05,4.65E-05,5.89E-06,3.431239389,7.891850594,1.14E-05,1.21E-05,94.22749206,468.9252751,89.95137575,7.891850594,0.126712995,1.18E-08,3927.397449,521.3097312,94.22749206,26,181,2022
9,Blue Mountain,PSEMEN,Old,7/27/2022,20,2,10811,mature,7/27/2022,0.00668,-0.00026,0.00767,0.00315,5,0,NA,NA,Pseudotsuga menzeseii,Douglas Fir,46.82981,-114.11812,NA,27,0.99654001,12.21,NA,0.00315,7.752380952,2.3,1.22E-05,2.81E-05,3.15E-06,3.876190476,8.915238095,6.68E-06,7.67E-06,112.0634952,506.3512097,78.09734412,8.915238095,0.112167504,6.97E-09,4028.289123,648.3590644,112.0634952,30,208,2022
9,Blue Mountain,PSEMEN,Old,8/25/2022,20,2,10956,mature,8/25/2022,0.0126,-0.00118,0.0135,0.00551,5,0,NA,NA,Pseudotsuga menzeseii,Douglas Fir,46.82981,-114.11812,NA,25,0.997070014,29.35,NA,0.00551,10.65335753,2.3,2.94E-05,6.75E-05,5.51E-06,5.326678766,12.25136116,1.26E-05,1.35E-05,128.6751345,512.4657199,88.73591615,12.25136116,0.081623584,1.38E-08,4879.266371,577.5178103,128.6751345,34,237,2022
9,Blue Mountain,PSEMEN,Old,9/20/2022,20,2,11004,mature,9/20/2022,0.00625,-0.00072,0.00677,0.00263,5,0,NA,NA,Pseudotsuga menzeseii,Douglas Fir,46.82981,-114.11812,NA,24,0.997319996,15.7,NA,0.00263,11.9391635,2.3,1.57E-05,3.61E-05,2.63E-06,5.969581749,13.73003802,6.25E-06,6.77E-06,137.6425889,517.4311904,87.43961869,13.73003802,0.07283301,7.00E-09,5161.447464,591.7582878,137.6425889,38,263,2022
9,Jerry Johnson,ABIGRA,New,6/15/2022,27,10,11748,mature,6/16/2022,0.01446,-0.00276,0.01613,0.00359,5,0,NA,1.879999995,Abies grandis,Grand Fir,46.47389,-114.88439,3081,23.5,0.997439981,36.51,1.9,0.00359,20.33983287,2.1,3.65E-05,7.67E-05,3.59E-06,10.16991643,21.35682451,1.45E-05,1.61E-05,302.7855105,628.9635972,86.68261476,21.35682451,0.046823442,1.73E-08,4436.363152,725.5937064,302.7855105,24,166,2022
9,Jerry Johnson,ABIGRA,New,7/13/2022,27,10,11890,mature,7/13/2022,0.025189999,-0.00508,0.026179999,0.00729,5,0,NA,0.579999983,Abies grandis,Grand Fir,46.47389,-114.88439,3081,26.5,0.996680021,55.79,0.58,0.00729,15.30589849,2.1,5.58E-05,0.000117159,7.29E-06,7.652949246,16.07119342,2.52E-05,2.62E-05,245.5418266,588.7600041,94.75913354,16.07119342,0.062223133,3.04E-08,3853.549478,621.3226969,245.5418266,28,194,2022
9,Jerry Johnson,ABIGRA,New,8/24/2022,27,10,11377,mature,8/25/2022,0.0284,-0.0049,0.037390001,0.0109,5,0,NA,0.550000012,Abies grandis,Grand Fir,46.47389,-114.88439,3081,24.79999924,0.997120023,61.28,0.55,0.0109,11.2440367,2.1,6.13E-05,0.000128688,1.09E-05,5.622018349,11.80623853,2.84E-05,3.74E-05,160.5504578,NA,NA,11.80623853,0.084700983,3.34E-08,3849.314783,792.3687717,160.5504578,34,236,2022
9,Jerry Johnson,ABIGRA,New,9/12/2022,27,10,11184,mature,9/13/2022,0.024460001,-0.00411,0.031300001,0.00948,5,0,NA,0.560000002,Abies grandis,Grand Fir,46.47389,-114.88439,3081,24.5,0.997200012,51.02,0.56,0.00948,10.76371308,2.1,5.10E-05,0.000107142,9.48E-06,5.38185654,11.30189873,2.45E-05,3.13E-05,158.0168998,NA,NA,11.30189873,0.088480704,2.87E-08,3735.717149,760.7973816,158.0168998,37,255,2022
9,Jerry Johnson,ABIGRA,Old,6/15/2022,27,10,11736,mature,6/16/2022,0.020810001,-0.00259,0.02623,0.01033,5,0,NA,1.870000005,Abies grandis,Grand Fir,46.47389,-114.88439,3081,23.5,0.997439981,35.26,1.87,0.01033,6.826718296,2.5,3.53E-05,8.82E-05,1.03E-05,3.413359148,8.53339787,2.08E-05,2.62E-05,101.4520879,NA,NA,8.53339787,0.117186613,2.35E-08,3753.492609,677.0338341,101.4520879,24,166,2022
9,Jerry Johnson,ABIGRA,Old,7/13/2022,27,10,11902,mature,7/13/2022,0.031520002,-0.00262,0.039220002,0.01489,5,0,NA,0.649999976,Abies grandis,Grand Fir,46.47389,-114.88439,3081,26.5,0.996680021,54.27,0.65,0.01489,7.289456011,2.5,5.43E-05,0.000135675,1.49E-05,3.644728005,9.111820013,3.15E-05,3.92E-05,111.6857026,NA,NA,9.111820013,0.10974756,3.43E-08,3956.707914,709.5390366,111.6857026,28,194,2022
9,Jerry Johnson,ABIGRA,Old,8/24/2022,27,10,11389,mature,8/25/2022,0.021609999,-0.00371,0.02843,0.00918,5,0,NA,0.569999993,Abies grandis,Grand Fir,46.47389,-114.88439,3081,24.79999924,0.997120023,42.41,0.57,0.00918,9.239651416,2.5,4.24E-05,0.000106025,9.18E-06,4.619825708,11.54956427,2.16E-05,2.84E-05,135.4030405,NA,NA,11.54956427,0.086583353,2.54E-08,4170.942516,757.2802924,135.4030405,34,236,2022
9,Jerry Johnson,ABIGRA,Old,9/12/2022,27,10,11172,mature,9/13/2022,0.021919999,-0.00257,0.02754,0.00955,5,0,NA,0.680000007,Abies grandis,Grand Fir,46.47389,-114.88439,3081,24.5,0.997200012,39.34,0.68,0.00955,8.238743455,2.5,3.93E-05,9.84E-05,9.55E-06,4.119371728,10.29842932,2.19E-05,2.75E-05,129.5287976,NA,NA,10.29842932,0.097102182,2.46E-08,4000.461403,731.7570191,129.5287976,37,255,2022
9,Jerry Johnson,THUPLI,NS,6/15/2022,27,28,11592,mature,6/16/2022,0.031780001,-0.00404,0.037039999,0.01454,5,0,NA,0.920000017,Thuja plicata,Western Red Cedar,46.47389,-114.88439,3081,24,0.997319996,61.52,0.92,0.01454,8.462173315,2.3,6.15E-05,0.000141496,1.45E-05,4.231086657,9.731499312,3.18E-05,3.70E-05,118.5694706,479.4998769,76.62222947,9.731499312,0.102759088,3.60E-08,3935.458879,625.7973439,118.5694706,24,166,2022
9,Jerry Johnson,THUPLI,NS,7/13/2022,27,28,11878,mature,7/13/2022,0.01562,-0.00287,0.01718,0.00704,5,0,NA,0.620000005,Thuja plicata,Western Red Cedar,46.47389,-114.88439,3081,26.5,0.996680021,34.75,0.62,0.00704,9.872159091,2.3,3.48E-05,7.99E-05,7.04E-06,4.936079545,11.35298295,1.56E-05,1.72E-05,121.8749944,462.0064778,84.61538603,11.35298295,0.088082578,1.86E-08,4303.714351,546.0076464,121.8749944,28,194,2022
9,Jerry Johnson,THUPLI,NS,8/24/2022,27,28,11365,mature,8/25/2022,0.01646,-0.00183,0.01963,0.00784,5,0,NA,0.670000017,Thuja plicata,Western Red Cedar,46.47389,-114.88439,3081,24.79999924,0.997120023,31.17,0.67,0.00784,7.951530612,2.3,3.12E-05,7.17E-05,7.84E-06,3.975765306,9.144260204,1.65E-05,1.96E-05,109.9489721,NA,NA,9.144260204,0.109358219,1.84E-08,3904.276403,642.0808527,109.9489721,34,236,2022
9,Jerry Johnson,THUPLI,NS,9/12/2022,27,28,11269,mature,9/13/2022,0.01191,-0.00244,0.0136,0.00502,5,0,NA,0.699999988,Thuja plicata,Western Red Cedar,46.47389,-114.88439,3081,25,0.997070014,23.1,0.7,0.00502,9.203187251,2.3,2.31E-05,5.31E-05,5.02E-06,4.601593625,10.58366534,1.19E-05,1.36E-05,137.2509918,478.228133,80.30302718,10.58366534,0.094485226,1.44E-08,3687.701202,595.5293963,137.2509918,37,255,2022
9,Spring Gulch,PICENG,New,6/28/2022,6,27,11628,mature,6/29/2022,0.01602,-0.00105,0.01816,0.00306,5,0,NA,1.169999957,Picea engelmannii,Engelmann Spruce,46.73587,-114.5362,NA,25.5,0.996940017,21.78,1.17,0.00306,14.23529412,2.4,2.18E-05,5.23E-05,3.06E-06,7.117647059,17.08235294,1.60E-05,1.82E-05,423.5294082,756.1058367,85.82781191,17.08235294,0.058539945,1.71E-08,3049.626883,880.9566735,423.5294082,26,179,2022
9,Spring Gulch,PICENG,New,7/13/2022,6,27,11938,mature,7/14/2022,0.01542,-0.00121,0.01678,0.00486,5,0,NA,0.99000001,Picea engelmannii,Engelmann Spruce,46.73587,-114.5362,NA,26,0.996810019,22.85,0.99,0.00486,9.403292181,2.4,2.29E-05,5.48E-05,4.86E-06,4.701646091,11.28395062,1.54E-05,1.68E-05,217.2839377,632.3042021,88.59060306,11.28395062,0.088621448,1.67E-08,3283.670732,713.7373268,217.2839377,28,194,2022
9,Spring Gulch,PICENG,New,8/8/2022,6,27,11485,mature,8/9/2022,0.01682,-0.00058,0.01774,0.00701,5,0,NA,0.899999976,Picea engelmannii,Engelmann Spruce,46.73587,-114.5362,NA,26,0.996810019,18.32,0.9,0.00701,5.22681883,2.4,1.83E-05,4.40E-05,7.01E-06,2.613409415,6.272182596,1.68E-05,1.77E-05,139.9429515,561.4022951,91.42591299,6.272182596,0.15943413,1.75E-08,2516.180882,614.0516148,139.9429515,32,220,2022
9,Spring Gulch,PICENG,New,9/12/2022,6,27,11233,mature,9/13/2022,0.01599,-0.00046,0.01709,0.0068,5,0,NA,1.049999952,Picea engelmannii,Engelmann Spruce,46.73587,-114.5362,NA,25,0.997070014,25.76,1.05,0.0068,7.576470588,2.4,2.58E-05,6.18E-05,6.80E-06,3.788235294,9.091764706,1.60E-05,1.71E-05,135.1470589,556.4388113,89.3100099,9.091764706,0.109989649,1.65E-08,3743.337605,623.0419322,135.1470589,37,255,2022
9,Spring Gulch,PICENG,Old,6/28/2022,6,27,11640,mature,6/29/2022,0.01066,0.00042,0.01144,0.00596,5,0,NA,1.019999981,Picea engelmannii,Engelmann Spruce,46.73587,-114.5362,NA,25,0.997070014,15.37,1.02,0.00596,5.157718121,2.7,1.54E-05,4.15E-05,5.96E-06,2.57885906,6.962919463,1.07E-05,1.14E-05,78.85905644,457.1573366,85.76643226,6.962919463,0.143617924,1.03E-08,4036.504805,533.0259456,78.85905644,26,179,2022
9,Spring Gulch,PICENG,Old,7/13/2022,6,27,11950,mature,7/14/2022,0.01812,3.00E-05,0.020959999,0.00936,5,0,NA,1.179999948,Picea engelmannii,Engelmann Spruce,46.73587,-114.5362,NA,26,0.996810019,21.18,1.18,0.00936,4.525641026,2.7,2.12E-05,5.72E-05,9.36E-06,2.262820513,6.109615385,1.81E-05,2.10E-05,93.58975418,482.1919681,75.51724733,6.109615385,0.163676417,1.82E-08,3147.788592,638.5189942,93.58975418,28,194,2022
9,Spring Gulch,PICENG,Old,8/8/2022,6,27,11473,mature,8/9/2022,0.01417,-0.00024,0.01497,0.00639,5,0,NA,0.980000019,Picea engelmannii,Engelmann Spruce,46.73587,-114.5362,NA,25.5,0.996940017,21.59,0.98,0.00639,6.75743349,2.7,2.16E-05,5.83E-05,6.39E-06,3.378716745,9.122535211,1.42E-05,1.50E-05,121.7527359,537.6835157,90.67599531,9.122535211,0.109618655,1.45E-08,4028.686988,592.9722788,121.7527359,32,220,2022
9,Spring Gulch,PICENG,Old,9/12/2022,6,27,11221,mature,9/13/2022,0.0145,-0.00028,0.01546,0.00654,5,0,NA,0.920000017,Picea engelmannii,Engelmann Spruce,46.73587,-114.5362,NA,25,0.997070014,NA,NA,NA,NA,NA,NA,NA,6.54E-06,NA,NA,1.45E-05,1.55E-05,121.7125328,536.4218129,89.23765978,NA,NA,1.48E-08,NA,601.1159573,NA,37,255,2022
9,Spring Gulch,PINCON,New,6/28/2022,6,1,11604,mature,6/29/2022,0.00757,0.00048,0.00866,0.0022,5,0,NA,1.24000001,Pinus contorta,Lodgepole Pine,46.73587,-114.5362,NA,26,0.996810019,15.18,1.24,0.0022,13.8,2.2,1.52E-05,3.34E-05,2.20E-06,6.9,15.18,7.57E-06,8.66E-06,244.0909064,754.1929288,83.12693581,15.18,0.065876152,7.12E-09,4690.321688,907.2786353,244.0909064,26,179,2022
9,Spring Gulch,PINCON,New,7/13/2022,6,1,11866,mature,7/14/2022,0.02275,0.0006,0.02572,0.0069,5,0,NA,1.440000057,Pinus contorta,Lodgepole Pine,46.73587,-114.5362,NA,26,0.996810019,38.77,1.44,0.0069,11.23768116,2.2,3.88E-05,8.53E-05,6.90E-06,5.61884058,12.36144928,2.27E-05,2.57E-05,229.710142,712.5411371,84.21891246,12.36144928,0.080896662,2.22E-08,3834.415471,846.0583452,229.710142,28,194,2022
9,Spring Gulch,PINCON,New,8/8/2022,6,1,11401,mature,8/9/2022,0.033739999,0.0006,0.03909,0.01325,5,0,NA,0.569999993,Pinus contorta,Lodgepole Pine,46.73587,-114.5362,NA,26,0.996810019,68.36,0.57,0.01325,10.31849057,2.2,6.84E-05,0.000150392,1.32E-05,5.159245283,11.35033962,3.37E-05,3.91E-05,154.6415044,615.6641378,79.29566136,11.35033962,0.08810309,3.33E-08,4518.836755,776.4159189,154.6415044,32,220,2022
9,Spring Gulch,PINCON,New,9/12/2022,6,1,11257,mature,9/13/2022,0.042619999,-0.00113,0.04851,0.018209999,5,0,NA,0.589999974,Pinus contorta,Lodgepole Pine,46.73587,-114.5362,NA,24.5,0.997200012,74.02,0.59,0.01821,8.129599121,2.2,7.40E-05,0.000162844,1.82E-05,4.064799561,8.942559033,4.26E-05,4.85E-05,134.0472314,555.7944698,80.56105453,8.942559033,0.11182481,4.39E-08,3707.816238,689.9046606,134.0472314,37,255,2022
9,Spring Gulch,PINCON,Old,6/28/2022,6,1,11616,mature,6/29/2022,0.037930001,-0.00085,0.046050001,0.019200001,5,0,NA,1.460000038,Pinus contorta,Lodgepole Pine,46.73587,-114.5362,NA,26,0.996810019,55.44,1.46,0.0192,5.775,2.4,5.54E-05,0.000133056,1.92E-05,2.8875,6.93,3.79E-05,4.61E-05,97.55207694,NA,NA,6.93,0.144300151,3.89E-08,3416.497124,689.4311256,97.55207694,26,179,2022
9,Spring Gulch,PINCON,Old,7/13/2022,6,1,11854,mature,7/14/2022,0.028030001,-0.00115,0.03345,0.0131,5,0,NA,1.340000033,Pinus contorta,Lodgepole Pine,46.73587,-114.5362,NA,26,0.996810019,48.65,1.34,0.0131,7.427480916,2.4,4.87E-05,0.00011676,1.31E-05,3.713740458,8.912977099,2.80E-05,3.34E-05,113.9694688,NA,NA,8.912977099,0.112195958,2.93E-08,3984.402431,694.4380699,113.9694688,28,194,2022
9,Spring Gulch,PINCON,Old,8/8/2022,6,1,11413,mature,8/9/2022,0.02984,-0.00096,0.03314,0.01434,5,0,NA,0.540000021,Pinus contorta,Lodgepole Pine,46.73587,-114.5362,NA,26,0.996810019,54.69,0.54,0.01434,7.627615063,2.4,5.47E-05,0.000131256,1.43E-05,3.813807531,9.153138075,2.98E-05,3.31E-05,108.0892573,501.1126691,82.44680835,9.153138075,0.10925215,3.09E-08,4243.486811,607.801174,108.0892573,32,220,2022
9,Spring Gulch,PINCON,Old,9/12/2022,6,1,11245,mature,9/13/2022,0.02767,-0.0009,0.03252,0.0133,5,0,NA,0.550000012,Pinus contorta,Lodgepole Pine,46.73587,-114.5362,NA,24.5,0.997200012,60.23,0.55,0.0133,9.057142857,2.4,6.02E-05,0.000144552,1.33E-05,4.528571429,10.86857143,2.77E-05,3.25E-05,108.0451147,NA,NA,10.86857143,0.092008411,2.87E-08,5040.090809,670.1432427,108.0451147,37,255,2022
9,St Mary's Peak,PINALB,New,7/21/2022,29,31,11782,mature,7/21/2022,0.0239,-0.00309,0.02538,0.00629,5,0,NA,0.889999986,Pinus albicaulus,Whitebark Pine,46.50029,-114.20339,6859,26,0.996810019,40.23,0.89,0.00629,12.79173291,2.5,4.02E-05,0.000100575,6.29E-06,6.395866455,15.98966614,2.39E-05,2.54E-05,279.9682136,649.6970331,92.2472496,15.98966614,0.062540392,2.71E-08,3710.577936,704.2996251,279.9682136,29,202,2022
9,St Mary's Peak,PINALB,New,8/4/2022,29,31,11568,mature,8/4/2022,0.03207,-0.00104,0.03506,0.01185,5,0,NA,1,Pinus albicaulus,Whitebark Pine,46.50029,-114.20339,6859,26,0.996810019,48.77,1,0.01185,8.231223629,2.5,4.88E-05,0.000121925,1.19E-05,4.115611814,10.28902954,3.21E-05,3.51E-05,170.6329009,608.1019105,87.11762155,10.28902954,0.097190899,3.33E-08,3666.806517,698.0240044,170.6329009,31,216,2022
9,St Mary's Peak,PINALB,New,9/2/2022,29,31,11305,mature,9/2/2022,0.022779999,-0.00078,0.024809999,0.00968,5,0,NA,0.949999988,Pinus albicaulus,Whitebark Pine,46.50029,-114.20339,6859,25,0.997070014,35.57,0.95,0.00968,7.349173554,2.5,3.56E-05,8.89E-05,9.68E-06,3.674586777,9.186466942,2.28E-05,2.48E-05,135.330568,553.8138338,86.58294653,9.186466942,0.108855779,2.37E-08,3759.38155,639.6338494,135.330568,35,245,2022
9,St Mary's Peak,PINALB,New,9/28/2022,29,31,11160,mature,9/28/2022,0.04205,-0.00065,0.045699999,0.01874,5,0,NA,1.110000014,Pinus albicaulus,Whitebark Pine,46.50029,-114.20339,6859,24.5,0.997200012,66.02,1.11,0.01874,7.045891142,2.5,6.60E-05,0.00016505,1.87E-05,3.522945571,8.807363927,4.21E-05,4.57E-05,124.3863384,543.7996076,86.46142932,8.807363927,0.113541352,4.29E-08,3850.45581,628.950518,124.3863384,39,271,2022
9,St Mary's Peak,PINALB,Old,7/21/2022,29,31,11794,mature,7/21/2022,0.03387,-0.00118,0.040720001,0.01471,5,0,NA,0.959999979,Pinus albicaulus,Whitebark Pine,46.50029,-114.20339,6859,26,0.996810019,61.5,0.96,0.01471,8.361658736,2.5,6.15E-05,0.00015375,1.47E-05,4.180829368,10.45207342,3.39E-05,4.07E-05,130.2515356,NA,NA,10.45207342,0.095674795,3.52E-08,4367.988682,738.9358721,130.2515356,29,202,2022
9,St Mary's Peak,PINALB,Old,8/4/2022,29,31,11580,mature,8/4/2022,0.03672,-0.00185,0.039519999,0.017139999,5,0,NA,0.99000001,Pinus albicaulus,Whitebark Pine,46.50029,-114.20339,6859,26,0.996810019,54.74,0.99,0.01714,6.3873979,2.5,5.47E-05,0.00013685,1.71E-05,3.19369895,7.984247375,3.67E-05,3.95E-05,114.2357172,505.4957122,87.48883391,7.984247375,0.125246615,3.87E-08,3533.048245,577.7831177,114.2357172,31,216,2022
9,St Mary's Peak,PINALB,Old,9/2/2022,29,31,11317,mature,9/2/2022,0.038460001,-0.00124,0.04129,0.01736,5,0,NA,1.019999981,Pinus albicaulus,Whitebark Pine,46.50029,-114.20339,6859,25,0.997070014,52.26,1.02,0.01736,6.020737327,2.5,5.23E-05,0.00013065,1.74E-05,3.010368664,7.525921659,3.85E-05,4.13E-05,121.5437873,529.3705388,88.17384574,7.525921659,0.132874091,3.99E-08,3277.832051,600.3713849,121.5437873,35,245,2022
9,St Mary's Peak,PINALB,Old,9/28/2022,29,31,11148,mature,9/28/2022,0.045260001,-0.00211,0.053929999,0.02011,5,0,NA,1.24000001,Pinus albicaulus,Whitebark Pine,46.50029,-114.20339,6859,25,0.997070014,71.97,1.24,0.02011,7.157633018,2.5,7.20E-05,0.000179925,2.01E-05,3.578816509,8.947041273,4.53E-05,5.39E-05,125.0621638,NA,NA,8.947041273,0.111768792,4.76E-08,3783.170572,711.1120023,125.0621638,39,271,2022
9,TV1,ABILAS,New,7/18/2022,10,6,11914,mature,7/19/2022,0.00743,-0.00095,0.00818,0.00205,5,0,NA,0.550000012,Abies lasiocarpa,Subalpine Fir,47.018,-114.014,6817,26,0.996810019,15.01,0.55,0.00205,14.64390244,2.2,1.50E-05,3.30E-05,2.05E-06,7.32195122,16.10829268,7.43E-06,8.18E-06,262.4390339,639.2822842,87.76509507,16.10829268,0.062079826,8.42E-09,3923.862217,728.4015174,262.4390339,29,199,2022
9,TV1,ABILAS,New,8/1/2022,10,6,11449,mature,8/2/2022,0.0101,-0.00126,0.01106,0.00378,5,0,NA,0.649999976,Abies lasiocarpa,Subalpine Fir,47.018,-114.014,6817,27.5,0.996399999,20.82,0.65,0.00378,11.01587302,2.2,2.08E-05,4.58E-05,3.78E-06,5.507936508,12.11746032,1.01E-05,1.11E-05,167.195763,553.7506576,86.81317683,12.11746032,0.082525542,1.14E-08,4013.290561,637.8647549,167.195763,31,213,2022
9,TV1,ABILAS,New,8/16/2022,10,6,11509,mature,8/16/2022,0.00763,-0.00122,0.00816,0.0033,5,0,NA,0.670000017,Abies lasiocarpa,Subalpine Fir,47.018,-114.014,6817,25.29999924,0.996990025,15.58,0.67,0.0033,9.442424242,2.2,1.56E-05,3.43E-05,3.30E-06,4.721212121,10.38666667,7.63E-06,8.16E-06,131.2121192,487.27883,89.09465285,10.38666667,0.096277278,8.89E-09,3857.267789,546.9226428,131.2121192,33,228,2022
9,TV1,ABILAS,New,9/6/2022,10,6,11293,mature,9/6/2022,0.00861,-0.00153,0.00973,0.00351,5,0,NA,0.720000029,Abies lasiocarpa,Subalpine Fir,47.018,-114.014,6817,25,0.997070014,17.15,0.72,0.00351,9.772079772,2.2,1.72E-05,3.77E-05,3.51E-06,4.886039886,10.74928775,8.61E-06,9.73E-06,145.2991459,500.9565113,81.99356706,10.74928775,0.093029418,1.02E-08,3706.095951,610.9705057,145.2991459,36,249,2022
9,TV1,ABILAS,Old,7/18/2022,10,6,11926,mature,7/19/2022,0.00938,-0.00043,0.00998,0.00483,5,0,NA,0.769999981,Abies lasiocarpa,Subalpine Fir,47.018,-114.014,6817,25.5,0.996940017,16.22,0.77,0.00483,6.716356108,2.2,1.62E-05,3.57E-05,4.83E-06,3.358178054,7.387991718,9.38E-06,9.98E-06,94.20289296,461.9058749,88.34951544,7.387991718,0.135354781,9.85E-09,3622.560494,522.8165345,94.20289296,29,199,2022
9,TV1,ABILAS,Old,8/1/2022,10,6,11461,mature,8/2/2022,0.01092,-0.00134,0.01169,0.00507,5,0,NA,0.769999981,Abies lasiocarpa,Subalpine Fir,47.018,-114.014,6817,27.5,0.996399999,20.36,0.77,0.00507,8.031558185,2.2,2.04E-05,4.48E-05,5.07E-06,4.015779093,8.834714004,1.09E-05,1.17E-05,115.3846224,474.9423826,88.36858314,8.834714004,0.113189854,1.23E-08,3636.515913,537.4561476,115.3846224,31,213,2022
9,TV1,ABILAS,Old,8/16/2022,10,6,11521,mature,8/16/2022,0.00969,-0.00135,0.01036,0.00455,5,0,NA,0.639999986,Abies lasiocarpa,Subalpine Fir,47.018,-114.014,6817,25.29999924,0.996990025,17.45,0.64,0.00455,7.67032967,2.2,1.75E-05,3.84E-05,4.55E-06,3.835164835,8.437362637,9.69E-06,1.04E-05,112.9670186,463.6891539,88.46815778,8.437362637,0.118520453,1.11E-08,3463.235049,524.1311287,112.9670186,33,228,2022
9,TV1,ABILAS,Old,9/6/2022,10,6,11281,mature,9/6/2022,0.00861,-0.00088,0.00948,0.00398,5,0,NA,0.579999983,Abies lasiocarpa,Subalpine Fir,47.018,-114.014,6817,25,0.997070014,17.26,0.58,0.00398,8.673366834,2.2,1.73E-05,3.80E-05,3.98E-06,4.336683417,9.540703518,8.61E-06,9.48E-06,116.3316538,485.939917,84.18182331,9.540703518,0.104814075,9.53E-09,3985.337163,577.2504062,116.3316538,36,249,2022
9,TV1,LAROCC,New,6/27/2022,10,5,11724,mature,6/27/2022,0.01075,-0.00153,0.01257,0.0033,5,0,NA,0.519999981,Larix occidentalis,Western Larch,47.018,-114.014,6817,25,0.997070014,29.35,0.52,0.0033,17.78787879,2,2.94E-05,5.87E-05,3.30E-06,8.893939394,17.78787879,1.08E-05,1.26E-05,225.7575886,604.2626071,80.36677632,17.78787879,0.056218058,1.23E-08,4761.102445,751.8811066,225.7575886,26,178,2022
9,TV1,LAROCC,New,8/1/2022,10,5,11497,mature,8/1/2022,0.00529,-0.00071,0.00586,0.00187,5,0,NA,0.460000008,Larix occidentalis,Western Larch,47.018,-114.014,6817,27.5,0.996399999,12.52,0.46,0.00187,13.39037433,2,1.25E-05,2.50E-05,1.87E-06,6.695187166,13.39037433,5.29E-06,5.86E-06,182.8876826,567.3490797,85.71428155,13.39037433,0.074680513,6.03E-09,4153.924582,661.9072918,182.8876826,31,213,2022
9,TV1,LAROCC,New,8/16/2022,10,5,11533,mature,8/16/2022,0.00504,-0.0011,0.00562,0.00157,5,0,NA,0.5,Larix occidentalis,Western Larch,47.018,-114.014,6817,25.5,0.996940017,11.75,0.5,0.00157,14.96815287,2,1.18E-05,2.35E-05,1.57E-06,7.484076433,14.96815287,5.04E-06,5.62E-06,221.0191279,562.8235083,85.67901824,14.96815287,0.066808509,6.17E-09,3811.628696,656.8977095,221.0191279,33,228,2022
9,TV1,LAROCC,New,9/6/2022,10,5,11329,mature,9/6/2022,0.0045,-0.00078,0.00496,0.00144,5,0,NA,0.289999992,Larix occidentalis,Western Larch,47.018,-114.014,6817,25,0.997070014,16.28,0.29,0.00144,22.61111111,2,1.63E-05,3.26E-05,1.44E-06,11.30555556,22.61111111,4.50E-06,4.96E-06,212.4999818,577.2385063,86.93181138,22.61111111,0.044226045,5.30E-09,6142.119963,664.0129742,212.4999818,36,249,2022
9,White Pine Creek,PINMON,New,6/21/2022,30,30,11664,mature,6/21/2022,0.00393,0,0.0046,0.00101,5,0,NA,0.629999995,Pinus monticola,Western White Pine,47.73889,-115.67531,3360,23.20000076,0.99752003,9.95,0.63,0.00101,19.7029703,2,9.95E-06,1.99E-05,1.01E-06,9.851485149,19.7029703,3.93E-06,4.60E-06,289.1089202,740.3793802,81.33704842,19.7029703,0.050753769,3.94E-09,5045.735987,910.2609384,289.1089202,25,172,2022
9,White Pine Creek,PINMON,New,7/25/2022,30,30,11770,mature,7/25/2022,0.01902,-0.00167,0.020260001,0.00679,5,0,NA,0.720000029,Pinus monticola,Western White Pine,47.73889,-115.67531,3360,25.5,0.996940017,35.48,0.72,0.00679,10.45066274,2,3.55E-05,7.10E-05,6.79E-06,5.22533137,10.45066274,1.90E-05,2.03E-05,180.1178267,588.6770191,90.79435728,10.45066274,0.095687712,2.08E-08,3415.578063,648.3630005,180.1178267,30,206,2022
9,White Pine Creek,PINMON,New,8/15/2022,30,30,11425,mature,8/15/2022,0.01584,-0.00214,0.018100001,0.00567,5,0,NA,0.629999995,Pinus monticola,Western White Pine,47.73889,-115.67531,3360,26,0.996810019,32.96,0.63,0.00567,11.62610229,2,3.30E-05,6.59E-05,5.67E-06,5.813051146,11.62610229,1.58E-05,1.81E-05,179.3650778,563.2298587,81.81817228,11.62610229,0.086013348,1.81E-08,3650.748621,688.3921298,179.3650778,33,227,2022
9,White Pine Creek,PINMON,New,9/20/2022,30,30,11136,mature,9/21/2022,0.03475,-0.00347,0.04002,0.01437,5,0,NA,0.779999971,Pinus monticola,Western White Pine,47.73889,-115.67531,3360,24.5,0.997200012,71.05,0.78,0.01437,9.888656924,2,7.11E-05,0.0001421,1.44E-05,4.944328462,9.888656924,3.47E-05,4.00E-05,141.8232405,531.1754385,79.45418906,9.888656924,0.101125968,3.84E-08,3703.632537,668.5304385,141.8232405,38,263,2022
9,White Pine Creek,PINMON,Old,6/21/2022,30,30,11652,mature,6/21/2022,0.02036,-0.00051,0.02495,0.01081,5,0,NA,0.800000012,Pinus monticola,Western White Pine,47.73889,-115.67531,3360,23.20000076,0.99752003,40.06,0.8,0.01081,7.411655874,2,4.01E-05,8.01E-05,1.08E-05,3.705827937,7.411655874,2.04E-05,2.49E-05,88.34413171,NA,NA,7.411655874,0.134922615,2.09E-08,3825.449677,675.1355096,88.34413171,25,172,2022
9,White Pine Creek,PINMON,Old,7/25/2022,30,30,11758,mature,7/25/2022,0.019680001,-0.00226,0.02517,0.00843,5,0,NA,0.779999971,Pinus monticola,Western White Pine,47.73889,-115.67531,3360,25.5,0.996940017,38.33,0.78,0.00843,9.09371293,2,3.83E-05,7.67E-05,8.43E-06,4.546856465,9.09371293,1.97E-05,2.52E-05,133.4519564,NA,NA,9.09371293,0.109966089,2.20E-08,3479.711876,759.8535921,133.4519564,30,206,2022
9,White Pine Creek,PINMON,Old,8/15/2022,30,30,11437,mature,8/15/2022,0.01815,-0.00221,0.02296,0.0077,5,0,NA,0.579999983,Pinus monticola,Western White Pine,47.73889,-115.67531,3360,26,0.996810019,NA,NA,NA,NA,NA,NA,NA,7.70E-06,NA,NA,1.81E-05,2.30E-05,135.7142857,NA,NA,NA,NA,2.04E-08,NA,746.3304515,NA,33,227,2022
9,White Pine Creek,PINMON,Old,9/20/2022,30,30,11124,mature,9/21/2022,0.02122,-0.00203,0.02627,0.00972,5,0,NA,0.639999986,Pinus monticola,Western White Pine,47.73889,-115.67531,3360,24.5,0.997200012,52.8,0.64,0.00972,10.86419753,2,5.28E-05,0.0001056,9.72E-06,5.432098765,10.86419753,2.12E-05,2.63E-05,118.3127521,NA,NA,10.86419753,0.092045459,2.33E-08,4524.446357,709.0869926,118.3127521,38,263,2022
9,White Pine Creek,TSUHET,New,6/21/2022,30,29,11712,mature,6/22/2022,0.00387,-0.00052,0.0041,0.00072,5,0,NA,0.469999999,Tsuga heterophylla,Western Hemlock,47.73889,-115.67531,3360,23,0.997560024,13.41,0.47,0.00072,37.25,2,1.34E-05,2.68E-05,7.20E-07,18.625,37.25,3.87E-06,4.10E-06,437.4999778,715.0352818,93.1952627,37.25,0.026845638,4.41E-09,6088.014901,767.2442365,437.4999778,25,172,2022
9,White Pine Creek,TSUHET,New,7/25/2022,30,29,11806,mature,7/26/2022,0.0064,-0.00146,0.00715,0.00217,5,0,NA,0.519999981,Tsuga heterophylla,Western Hemlock,47.73889,-115.67531,3360,25,0.997070014,13.97,0.52,0.00217,12.87557604,2,1.40E-05,2.79E-05,2.17E-06,6.437788018,12.87557604,6.40E-06,7.15E-06,194.9308691,536.0257045,84.93975647,12.87557604,0.077666428,7.89E-09,3540.55762,631.0657421,194.9308691,30,206,2022
9,White Pine Creek,TSUHET,New,8/15/2022,30,29,11545,mature,8/15/2022,0.00641,-0.00121,0.0068,0.00231,5,0,NA,0.430000007,Tsuga heterophylla,Western Hemlock,47.73889,-115.67531,3360,26,0.996810019,16.23,0.43,0.00231,14.05194805,2,1.62E-05,3.25E-05,2.31E-06,7.025974026,14.05194805,6.41E-06,6.80E-06,177.4891865,535.7760534,91.31402765,14.05194805,0.071164507,7.65E-09,4241.778197,586.7401397,177.4891865,33,227,2022
9,White Pine Creek,TSUHET,New,9/20/2022,30,29,11112,mature,9/21/2022,0.00657,-0.00111,0.00809,0.00251,5,0,NA,0.409999996,Tsuga heterophylla,Western Hemlock,47.73889,-115.67531,3360,24.5,0.997200012,19.8,0.41,0.00251,15.77689243,2,1.98E-05,3.96E-05,2.51E-06,7.888446215,15.77689243,6.57E-06,8.09E-06,161.752994,NA,NA,15.77689243,0.063383839,7.71E-09,5136.395418,723.7647633,161.752994,38,263,2022
9,White Pine Creek,TSUHET,Old,6/21/2022,30,29,11700,mature,6/22/2022,0.00634,-0.00058,0.00768,0.0034,5,0,NA,0.579999983,Tsuga heterophylla,Western Hemlock,47.73889,-115.67531,3360,23,0.997560024,16.29,0.58,0.00768,4.2421875,2.2,1.63E-05,3.58E-05,3.40E-06,2.12109375,4.66640625,6.34E-06,7.68E-06,86.47058127,NA,NA,4.66640625,0.094871367,6.94E-09,5160.824901,616.3382259,86.47058127,25,172,2022
9,White Pine Creek,TSUHET,Old,7/25/2022,30,29,11818,mature,7/26/2022,0.00995,-0.00126,0.01058,0.00432,5,0,NA,0.519999981,Tsuga heterophylla,Western Hemlock,47.73889,-115.67531,3360,25,0.997070014,21.37,0.52,0.00432,9.893518519,2.2,2.14E-05,4.70E-05,4.32E-06,4.946759259,10.88287037,9.95E-06,1.06E-05,130.3240798,500.2309896,89.93610695,10.88287037,0.091887519,1.13E-08,4177.23972,556.2070747,130.3240798,30,206,2022
9,White Pine Creek,TSUHET,Old,8/15/2022,30,29,11557,mature,8/15/2022,0.00459,-0.0006,0.00495,0.00157,5,0,NA,0.519999981,Tsuga heterophylla,Western Hemlock,47.73889,-115.67531,3360,26,0.996810019,9.71,0.52,0.00157,12.36942675,2.2,9.71E-06,2.14E-05,1.57E-06,6.184713376,13.60636943,4.59E-06,4.95E-06,192.3566963,579.4206873,89.34911402,13.60636943,0.073494989,5.21E-09,4098.537903,648.4906914,192.3566963,33,227,2022
9,White Pine Creek,TSUHET,Old,9/20/2022,30,29,11100,mature,9/21/2022,0.00923,-0.00077,0.00957,0.00408,5,0,NA,0.560000002,Tsuga heterophylla,Western Hemlock,47.73889,-115.67531,3360,24.5,0.997200012,18.88,0.56,0.00408,9.254901961,2.2,1.89E-05,4.15E-05,4.08E-06,4.62745098,10.18039216,9.23E-06,9.57E-06,126.2254967,513.0169712,93.80692529,10.18039216,0.09822804,1.00E-08,4137.606312,546.8860317,126.2254967,38,263,2022
10,Blue Mountain,PINPON,New,6/23/2022,20,4,11689,mature,6/23/2022,0.028650001,0.00039,0.033610001,0.00726,5,0,NA,1.340000033,Pinus ponderosa,Ponderosa Pine,46.82981,-114.11812,NA,23.5,0.997439981,42.6,1.34,0.00726,11.73553719,2.2,4.26E-05,9.37E-05,7.26E-06,5.867768595,12.90909091,2.87E-05,3.36E-05,294.6281159,754.1673885,81.17646959,12.90909091,0.077464787,2.84E-08,3304.374237,929.0467943,294.6281159,25,174,2022
10,Blue Mountain,PINPON,New,7/27/2022,20,4,11831,mature,7/27/2022,0.057240002,0.00191,0.063709997,0.021190001,5,0,NA,1.409999967,Pinus ponderosa,Ponderosa Pine,46.82981,-114.11812,NA,26.5,0.996680021,113.33,1.41,0.02119,10.69655498,2.2,0.00011333,0.000249326,2.12E-05,5.348277489,11.76621048,5.72E-05,6.37E-05,170.1274185,648.6976067,84.78364205,11.76621048,0.084989133,5.56E-08,4486.46808,765.1211849,170.1274185,30,208,2022
10,Blue Mountain,PINPON,New,8/25/2022,20,4,11354,mature,8/26/2022,0.045710001,-0.00069,0.05099,0.01864,5,0,NA,1.379999995,Pinus ponderosa,Ponderosa Pine,46.82981,-114.11812,NA,24,0.997319996,93.06,1.3,0.01864,9.984978541,2.2,9.31E-05,0.000204732,1.86E-05,4.99248927,10.98347639,4.57E-05,5.10E-05,145.2253231,581.2287446,83.67851862,10.98347639,0.091045857,4.66E-08,4395.86701,694.5973162,145.2253231,34,237,2022
10,Blue Mountain,PINPON,New,9/20/2022,20,4,11197,mature,9/20/2022,0.033300001,-0.00069,0.039080001,0.01404,5,0,NA,0.810000002,Pinus ponderosa,Ponderosa Pine,46.82981,-114.11812,NA,24,0.997319996,81.2,0.89,0.0203,8,2.2,8.12E-05,0.00017864,1.40E-05,4,8.8,3.33E-05,3.91E-05,137.1794988,564.5233905,76.91693343,8.8,0.078593819,3.41E-08,5236.056662,733.939024,137.1794988,38,263,2022
10,Blue Mountain,PINPON,Old,6/23/2022,20,4,11677,mature,6/23/2022,0.02132,0.00108,0.025110001,0.01045,5,0,NA,1.200000048,Pinus ponderosa,Ponderosa Pine,46.82981,-114.11812,NA,23.5,0.997439981,NA,NA,NA,NA,NA,NA,NA,1.04E-05,NA,NA,2.13E-05,2.51E-05,104.0191426,NA,NA,NA,NA,2.03E-08,NA,721.6931686,NA,25,174,2022
10,Blue Mountain,PINPON,Old,7/27/2022,20,4,11843,mature,7/27/2022,0.04631,0.00021,0.05367,0.02063,5,0,NA,1.50999999,Pinus ponderosa,Ponderosa Pine,46.82981,-114.11812,NA,26.5,0.996680021,74.12,1.51,0.02063,7.185651963,2.3,7.41E-05,0.000170476,2.06E-05,3.592825982,8.263499758,4.63E-05,5.37E-05,124.4789131,554.6152278,77.72397053,8.263499758,0.121014103,4.63E-08,3681.79851,713.5703748,124.4789131,30,208,2022
10,Blue Mountain,PINPON,Old,8/25/2022,20,4,11342,mature,8/26/2022,0.056930002,-0.00067,0.064450003,0.02513,5,0,NA,1.529999971,Pinus ponderosa,Ponderosa Pine,46.82981,-114.11812,NA,24,0.997319996,99.22,1.53,0.02513,7.896538002,2.3,9.92E-05,0.000228206,2.51E-05,3.948269001,9.081018703,5.69E-05,6.45E-05,126.5419893,550.0237665,80.8748709,9.081018703,0.110119804,5.78E-08,3947.129444,680.0922961,126.5419893,34,237,2022
10,Blue Mountain,PINPON,Old,9/20/2022,20,4,11210,mature,9/20/2022,0.03884,-0.00083,0.046410002,0.01757,5,0,NA,0.730000019,Pinus ponderosa,Ponderosa Pine,46.82981,-114.11812,NA,24,0.997319996,81.48,0.73,0.01757,9.274900398,2.3,8.15E-05,0.000187404,1.76E-05,4.637450199,10.66613546,3.88E-05,4.64E-05,121.0586185,NA,NA,10.66613546,0.09375467,3.98E-08,4706.450204,724.2856703,121.0586185,38,263,2022
10,Blue Mountain,PSEMEN,New,6/30/2022,20,2,10776,mature,6/30/2022,0.01038,-0.00134,0.01176,0.00258,5,0,NA,1.360000014,Pseudotsuga menzeseii,Douglas Fir,46.82981,-114.11812,NA,24.5,0.997200012,39.1,NA,0.00258,30.31007752,2.3,3.91E-05,8.99E-05,2.58E-06,15.15503876,34.85658915,1.04E-05,1.18E-05,302.3255629,662.9663386,84.96731748,34.85658915,0.028688981,1.18E-08,7643.662109,780.2604087,302.3255629,26,181,2022
10,Blue Mountain,PSEMEN,New,7/27/2022,20,2,10824,mature,7/27/2022,0.017759999,-0.00185,0.01835,0.00635,5,0,NA,NA,Pseudotsuga menzeseii,Douglas Fir,46.82981,-114.11812,NA,27,0.99654001,26.1,NA,0.00635,8.220472441,2.3,2.61E-05,6.00E-05,6.35E-06,4.11023622,9.453543307,1.78E-05,1.83E-05,179.6850311,579.2214718,95.08333067,9.453543307,0.105780442,1.97E-08,3047.385361,609.1724677,179.6850311,30,208,2022
10,Blue Mountain,PSEMEN,New,8/25/2022,20,2,10969,mature,8/25/2022,0.01588,-0.00171,0.019859999,0.00589,5,0,NA,NA,Pseudotsuga menzeseii,Douglas Fir,46.82981,-114.11812,NA,25,0.997070014,34.14,NA,0.00589,11.59252971,2.3,3.41E-05,7.85E-05,5.89E-06,5.796264856,13.33140917,1.59E-05,1.99E-05,169.6094984,NA,NA,13.33140917,0.075010827,1.77E-08,4446.244312,791.0398335,169.6094984,34,237,2022
10,Blue Mountain,PSEMEN,New,9/20/2022,20,2,11017,mature,9/20/2022,0.0104,-0.0016,0.0113,0.00405,5,0,NA,NA,Pseudotsuga menzeseii,Douglas Fir,46.82981,-114.11812,NA,24,0.997319996,21.89,NA,0.00405,10.80987654,2.3,2.19E-05,5.03E-05,4.05E-06,5.404938272,12.43135802,1.04E-05,1.13E-05,156.7901175,527.1925711,87.58620273,12.43135802,0.080441736,1.20E-08,4179.931449,601.9128067,156.7901175,38,263,2022
10,Blue Mountain,PSEMEN,Old,6/30/2022,20,2,10764,mature,6/30/2022,0.0099,-0.00024,0.0117,0.00491,5,0,NA,1.279999971,Pseudotsuga menzeseii,Douglas Fir,46.82981,-114.11812,NA,24.5,0.997200012,19.67,NA,0.00491,8.012219959,2.3,1.97E-05,4.52E-05,4.91E-06,4.00610998,9.214052953,9.90E-06,1.17E-05,101.6293213,NA,NA,9.214052953,0.108529876,1.02E-08,4444.457282,667.0467703,101.6293213,26,181,2022
10,Blue Mountain,PSEMEN,Old,7/27/2022,20,2,10812,mature,7/27/2022,0.00632,-0.00016,0.00678,0.00252,5,0,NA,NA,Pseudotsuga menzeseii,Douglas Fir,46.82981,-114.11812,NA,27,0.99654001,12.26,NA,0.00252,9.73015873,2.3,1.23E-05,2.82E-05,2.52E-06,4.865079365,11.18968254,6.32E-06,6.78E-06,150.7936476,583.7746048,89.20188276,11.18968254,0.089368044,6.51E-09,4331.914745,654.4420216,150.7936476,30,208,2022
10,Blue Mountain,PSEMEN,Old,8/25/2022,20,2,10957,mature,8/25/2022,0.01407,-0.00146,0.01763,0.00579,5,0,NA,NA,Pseudotsuga menzeseii,Douglas Fir,46.82981,-114.11812,NA,25,0.997070014,27.78,NA,0.00579,9.595854922,2.3,2.78E-05,6.39E-05,5.79E-06,4.797927461,11.03523316,1.41E-05,1.76E-05,143.0051802,NA,NA,11.03523316,0.090618835,1.56E-08,4097.853586,759.3605927,143.0051802,34,237,2022
10,Blue Mountain,PSEMEN,Old,9/20/2022,20,2,11005,mature,9/20/2022,0.00665,-0.00087,0.00857,0.00293,5,0,NA,NA,Pseudotsuga menzeseii,Douglas Fir,46.82981,-114.11812,NA,24,0.997319996,16,NA,0.00293,10.92150171,2.3,1.60E-05,3.68E-05,2.93E-06,5.460750853,12.55972696,6.65E-06,8.57E-06,126.9624564,NA,NA,12.55972696,0.079619564,7.55E-09,4875.361159,747.2020429,126.9624564,38,263,2022
10,Jerry Johnson,ABIGRA,New,6/15/2022,27,10,11749,mature,6/16/2022,0.00977,-0.00166,0.01174,0.00231,5,0,NA,1.720000029,Abies grandis,Grand Fir,46.47389,-114.88439,3081,23.5,0.997439981,28.4,1.78,0.00231,24.58874459,2.1,2.84E-05,5.96E-05,2.31E-06,12.29437229,25.81818182,9.77E-06,1.17E-05,322.9437576,650.3119399,79.10922996,25.81818182,0.038732393,1.15E-08,5199.008273,822.0430666,322.9437576,24,166,2022
10,Jerry Johnson,ABIGRA,New,7/13/2022,27,10,11891,mature,7/13/2022,0.024909999,-0.00489,0.02593,0.0075,5,0,NA,0.560000002,Abies grandis,Grand Fir,46.47389,-114.88439,3081,26.5,0.996680021,60.99,0.56,0.0075,16.264,2.1,6.10E-05,0.000128079,7.50E-06,8.132,17.0772,2.49E-05,2.59E-05,232.1333304,581.6747353,94.46553873,17.0772,0.058557608,2.99E-08,4279.168354,615.7533669,232.1333304,28,194,2022
10,Jerry Johnson,ABIGRA,New,8/24/2022,27,10,11378,mature,8/25/2022,0.01509,-0.00216,0.01953,0.0059,5,0,NA,0.629999995,Abies grandis,Grand Fir,46.47389,-114.88439,3081,24.79999924,0.997120023,29.86,0.63,0.0059,10.1220339,2.1,2.99E-05,6.27E-05,5.90E-06,5.061016949,10.62813559,1.51E-05,1.95E-05,155.7627003,NA,NA,10.62813559,0.094089883,1.73E-08,3620.842354,787.0392159,155.7627003,34,236,2022
10,Jerry Johnson,ABIGRA,New,9/12/2022,27,10,11185,mature,9/13/2022,0.02949,-0.00548,0.03094,0.01083,5,0,NA,0.550000012,Abies grandis,Grand Fir,46.47389,-114.88439,3081,24.5,0.997200012,64.91,0.55,0.01083,11.98707295,2.1,6.49E-05,0.000136311,1.08E-05,5.993536473,12.58642659,2.95E-05,3.09E-05,172.2991645,531.5455629,92.78965522,12.58642659,0.079450668,3.51E-08,3882.931876,572.8500248,172.2991645,37,255,2022
10,Jerry Johnson,ABIGRA,Old,6/15/2022,27,10,11737,mature,6/16/2022,0.028200001,-0.00224,0.035750002,0.01458,5,0,NA,2.150000095,Abies grandis,Grand Fir,46.47389,-114.88439,3081,23.5,0.997439981,49.59,2.15,0.01458,6.802469136,2.5,4.96E-05,0.000123975,1.46E-05,3.401234568,8.50308642,2.82E-05,3.58E-05,93.41563891,NA,NA,8.50308642,0.117604357,3.06E-08,4058.061049,692.9555023,93.41563891,24,166,2022
10,Jerry Johnson,ABIGRA,Old,7/13/2022,27,10,11903,mature,7/13/2022,0.021950001,-0.002,0.02719,0.00997,5,0,NA,0.639999986,Abies grandis,Grand Fir,46.47389,-114.88439,3081,26.5,0.996680021,40.41,0.64,0.00997,8.106318957,2.5,4.04E-05,0.000101025,9.97E-06,4.053159478,10.1328987,2.20E-05,2.72E-05,120.1604901,NA,NA,10.1328987,0.098688444,2.41E-08,4199.726618,715.8553976,120.1604901,28,194,2022
10,Jerry Johnson,ABIGRA,Old,8/24/2022,27,10,11390,mature,8/25/2022,0.0239,-0.00288,0.030850001,0.01057,5,0,NA,0.569999993,Abies grandis,Grand Fir,46.47389,-114.88439,3081,24.79999924,0.997120023,46.73,0.57,0.01057,8.842005676,2.5,4.67E-05,0.000116825,1.06E-05,4.421002838,11.0525071,2.39E-05,3.09E-05,126.1116419,NA,NA,11.0525071,0.090477209,2.69E-08,4345.250549,754.3050238,126.1116419,34,236,2022
10,Jerry Johnson,ABIGRA,Old,9/12/2022,27,10,11173,mature,9/13/2022,0.033100002,-0.00478,0.040890001,0.01446,5,0,NA,0.689999998,Abies grandis,Grand Fir,46.47389,-114.88439,3081,24.5,0.997200012,63.61,0.69,0.01446,8.798063624,2.5,6.36E-05,0.000159025,1.45E-05,4.399031812,10.99757953,3.31E-05,4.09E-05,128.9073377,NA,NA,10.99757953,0.090929101,3.80E-08,4181.960327,695.0430043,128.9073377,37,255,2022
10,Jerry Johnson,THUPLI,NS,6/15/2022,27,28,11593,mature,6/16/2022,0.038860001,-0.00659,0.04363,0.020679999,5,0,NA,0.829999983,Thuja plicata,Western Red Cedar,46.47389,-114.88439,3081,24,0.997319996,77.89,0.83,0.02068,7.532882012,2.3,7.79E-05,0.000179147,2.07E-05,3.766441006,8.662814313,3.89E-05,4.36E-05,87.91103617,398.5078033,79.21568927,8.662814313,0.115435922,4.56E-08,3926.923622,503.0667624,87.91103617,24,166,2022
10,Jerry Johnson,THUPLI,NS,7/13/2022,27,28,11879,mature,7/13/2022,0.02454,-0.00495,0.02696,0.01166,5,0,NA,0.74000001,Thuja plicata,Western Red Cedar,46.47389,-114.88439,3081,26.5,0.996680021,53.05,0.74,0.01166,9.09948542,2.3,5.31E-05,0.000122015,1.17E-05,4.54974271,10.46440823,2.45E-05,2.70E-05,110.4631133,434.8492962,84.18300184,10.46440823,0.095562024,2.96E-08,4119.420771,516.552376,110.4631133,28,194,2022
10,Jerry Johnson,THUPLI,NS,8/24/2022,27,28,11366,mature,8/25/2022,0.023800001,-0.00685,0.02942,0.01027,5,0,NA,0.699999988,Thuja plicata,Western Red Cedar,46.47389,-114.88439,3081,24.79999924,0.997120023,52.87,0.7,0.01027,10.29600779,2.3,5.29E-05,0.000121601,1.03E-05,5.148003895,11.84040896,2.38E-05,2.94E-05,131.7429361,NA,NA,11.84040896,0.084456546,3.08E-08,3951.811973,622.3402427,131.7429361,34,236,2022
10,Jerry Johnson,THUPLI,NS,9/12/2022,27,28,11270,mature,9/13/2022,0.032790001,-0.00776,0.03799,0.0145,5,0,NA,0.680000007,Thuja plicata,Western Red Cedar,46.47389,-114.88439,3081,25,0.997070014,82.8,0.68,0.0145,11.42068966,2.3,8.28E-05,0.00019044,1.45E-05,5.710344828,13.1337931,3.28E-05,3.80E-05,126.1379478,449.2526853,77.86292676,13.1337931,0.076139464,4.07E-08,4677.729498,576.9789347,126.1379478,37,255,2022
10,Spring Gulch,PICENG,New,6/28/2022,6,27,11629,mature,6/29/2022,0.017650001,-0.00216,0.020300001,0.00319,5,0,NA,0.980000019,Picea engelmannii,Engelmann Spruce,46.73587,-114.5362,NA,25.5,0.996940017,26.26,0.98,0.00319,16.46394984,2.4,2.63E-05,6.30E-05,3.19E-06,8.231974922,19.75673981,1.77E-05,2.03E-05,453.2915464,726.9339179,84.51198114,19.75673981,0.05061564,1.99E-08,3168.345858,860.1548657,453.2915464,26,179,2022
10,Spring Gulch,PICENG,New,7/13/2022,6,27,11939,mature,7/14/2022,0.01266,-0.00114,0.01396,0.00404,5,0,NA,0.930000007,Picea engelmannii,Engelmann Spruce,46.73587,-114.5362,NA,26,0.996810019,18.42,0.93,0.00404,9.118811881,2.4,1.84E-05,4.42E-05,4.04E-06,4.559405941,10.94257426,1.27E-05,1.40E-05,213.3663231,621.9888198,86.89515552,10.94257426,0.091386175,1.39E-08,3189.893654,715.7922856,213.3663231,28,194,2022
10,Spring Gulch,PICENG,New,8/8/2022,6,27,11486,mature,8/9/2022,0.01339,-0.00017,0.01399,0.00539,5,0,NA,0.800000012,Picea engelmannii,Engelmann Spruce,46.73587,-114.5362,NA,26,0.996810019,18.96,0.8,0.00539,7.035250464,2.4,1.90E-05,4.55E-05,5.39E-06,3.517625232,8.442300557,1.34E-05,1.40E-05,148.4230022,587.4686572,93.0232567,8.442300557,0.118451127,1.36E-08,3341.521758,631.5288005,148.4230022,32,220,2022
10,Spring Gulch,PICENG,New,9/12/2022,6,27,11234,mature,9/13/2022,0.01276,-0.00066,0.01347,0.00528,5,0,NA,0.810000002,Picea engelmannii,Engelmann Spruce,46.73587,-114.5362,NA,25,0.997070014,20.37,0.81,0.00528,7.715909091,2.4,2.04E-05,4.89E-05,5.28E-06,3.857954545,9.259090909,1.28E-05,1.35E-05,141.6666652,555.1583612,91.3308987,9.259090909,0.108001967,1.35E-08,3628.419978,607.8538251,141.6666652,37,255,2022
10,Spring Gulch,PICENG,Old,6/28/2022,6,27,11641,mature,6/29/2022,0.00731,0.0002,0.00778,0.00365,5,0,NA,0.899999976,Picea engelmannii,Engelmann Spruce,46.73587,-114.5362,NA,25,0.997070014,11.48,0.9,0.00365,6.290410959,2.7,1.15E-05,3.10E-05,3.65E-06,3.145205479,8.492054795,7.31E-06,7.78E-06,100.2739619,512.718829,88.61984704,8.492054795,0.117757133,7.14E-09,4342.140476,578.5598217,100.2739619,26,179,2022
10,Spring Gulch,PICENG,Old,7/13/2022,6,27,11951,mature,7/14/2022,0.01526,-0.00024,0.01651,0.00742,5,0,NA,0.980000019,Picea engelmannii,Engelmann Spruce,46.73587,-114.5362,NA,26,0.996810019,20.53,0.98,0.00742,5.533692722,2.7,2.05E-05,5.54E-05,7.42E-06,2.766846361,7.470485175,1.53E-05,1.65E-05,105.6603701,503.6615035,86.24861794,7.470485175,0.133860117,1.56E-08,3561.028332,583.9647238,105.6603701,28,194,2022
10,Spring Gulch,PICENG,Old,8/8/2022,6,27,11474,mature,8/9/2022,0.01518,-0.00039,0.01608,0.00677,5,0,NA,0.980000019,Picea engelmannii,Engelmann Spruce,46.73587,-114.5362,NA,25.5,0.996940017,22.04,0.98,0.00677,6.511078287,2.7,2.20E-05,5.95E-05,6.77E-06,3.255539143,8.789955687,1.52E-05,1.61E-05,124.2245261,537.9210045,90.33298134,8.789955687,0.113766214,1.56E-08,3806.254722,595.4868272,124.2245261,32,220,2022
10,Spring Gulch,PICENG,Old,9/12/2022,6,27,11222,mature,9/13/2022,0.01112,-0.00034,0.01184,0.00497,5,0,NA,0.810000002,Picea engelmannii,Engelmann Spruce,46.73587,-114.5362,NA,25,0.997070014,NA,NA,NA,NA,NA,NA,NA,4.97E-06,NA,NA,1.11E-05,1.18E-05,123.7424475,534.5130242,89.51965172,NA,NA,1.15E-08,NA,597.0901516,NA,37,255,2022
10,Spring Gulch,PINCON,New,6/28/2022,6,1,11605,mature,6/29/2022,0.00775,0.00044,0.0087,0.00209,5,0,NA,1.059999943,Pinus contorta,Lodgepole Pine,46.73587,-114.5362,NA,26,0.996810019,15.89,1.06,0.00209,15.20574163,2.2,1.59E-05,3.50E-05,2.09E-06,7.602870813,16.72631579,7.75E-06,8.70E-06,270.8133766,770.9983584,85.62783293,16.72631579,0.059786031,7.34E-09,4761.93668,900.4062488,270.8133766,26,179,2022
10,Spring Gulch,PINCON,New,7/13/2022,6,1,11867,mature,7/14/2022,0.02282,3.00E-05,0.02589,0.00709,5,0,NA,1.350000024,Pinus contorta,Lodgepole Pine,46.73587,-114.5362,NA,26,0.996810019,39.49,1.35,0.00709,11.13963329,2.2,3.95E-05,8.69E-05,7.09E-06,5.569816643,12.25359661,2.28E-05,2.59E-05,221.8617729,687.288065,83.67020996,12.25359661,0.081608692,2.29E-08,3795.944939,821.4250512,221.8617729,28,194,2022
10,Spring Gulch,PINCON,New,8/8/2022,6,1,11402,mature,8/9/2022,0.032889999,0.00036,0.037939999,0.01318,5,0,NA,0.560000002,Pinus contorta,Lodgepole Pine,46.73587,-114.5362,NA,26,0.996810019,68.08,0.56,0.01318,10.33080425,2.2,6.81E-05,0.000149776,1.32E-05,5.165402124,11.36388467,3.29E-05,3.79E-05,149.5447649,603.332845,79.60420069,11.36388467,0.087998076,3.27E-08,4584.717488,757.9158383,149.5447649,32,220,2022
10,Spring Gulch,PINCON,New,9/12/2022,6,1,11258,mature,9/13/2022,0.042830002,-0.00085,0.050239999,0.0185,5,0,NA,0.610000014,Pinus contorta,Lodgepole Pine,46.73587,-114.5362,NA,24.5,0.997200012,76.49,0.61,0.0185,8.269189189,2.2,7.65E-05,0.000168278,1.85E-05,4.134594595,9.096108108,4.28E-05,5.02E-05,131.513519,554.8607186,76.6540718,9.096108108,0.109937129,4.38E-08,3837.683803,723.8502869,131.513519,37,255,2022
10,Spring Gulch,PINCON,Old,6/28/2022,6,1,11617,mature,6/29/2022,0.03706,-0.00064,0.04332,0.0188,5,0,NA,1.409999967,Pinus contorta,Lodgepole Pine,46.73587,-114.5362,NA,26,0.996810019,66.57,1.41,0.0188,7.081914894,2.4,6.66E-05,0.000159768,1.88E-05,3.540957447,8.498297872,3.71E-05,4.33E-05,97.12766243,NA,NA,8.498297872,0.117670621,3.79E-08,4219.906768,647.6398016,97.12766243,26,179,2022
10,Spring Gulch,PINCON,Old,7/13/2022,6,1,11855,mature,7/14/2022,0.03056,-0.0008,0.03404,0.01447,5,0,NA,1.350000024,Pinus contorta,Lodgepole Pine,46.73587,-114.5362,NA,26,0.996810019,58.83,1.35,0.01447,8.131306151,2.4,5.88E-05,0.000141192,1.45E-05,4.065653075,9.757567381,3.06E-05,3.40E-05,111.1955788,510.8982333,82.2176784,9.757567381,0.102484559,3.15E-08,4483.203427,621.3970563,111.1955788,28,194,2022
10,Spring Gulch,PINCON,Old,8/8/2022,6,1,11414,mature,8/9/2022,0.02915,-0.00058,0.032889999,0.01419,5,0,NA,0.550000012,Pinus contorta,Lodgepole Pine,46.73587,-114.5362,NA,26,0.996810019,54.37,0.55,0.01419,7.663143058,2.4,5.44E-05,0.000130488,1.42E-05,3.831571529,9.19577167,2.91E-05,3.29E-05,105.426362,501.0615789,80.00000199,9.19577167,0.108745628,2.99E-08,4370.489441,626.3269581,105.426362,32,220,2022
10,Spring Gulch,PINCON,Old,9/12/2022,6,1,11246,mature,9/13/2022,0.02922,-0.00081,0.033220001,0.01415,5,0,NA,0.540000021,Pinus contorta,Lodgepole Pine,46.73587,-114.5362,NA,24.5,0.997200012,63.19,0.54,0.01415,8.931448763,2.4,6.32E-05,0.000151656,1.42E-05,4.465724382,10.71773852,2.92E-05,3.32E-05,106.5017636,499.8991595,79.02464303,10.71773852,0.093303266,3.01E-08,5030.703934,632.586419,106.5017636,37,255,2022
10,St Mary's Peak,PINALB,New,7/21/2022,29,31,11783,mature,7/21/2022,0.02572,-0.00268,0.030680001,0.00684,5,0,NA,1.059999943,Pinus albicaulus,Whitebark Pine,46.50029,-114.20339,6859,26,0.996810019,45.54,1.06,0.00684,13.31578947,2.5,4.55E-05,0.00011385,6.84E-06,6.657894737,16.64473684,2.57E-05,3.07E-05,276.0233996,661.9696255,79.19462946,16.64473684,0.060079051,2.85E-08,3991.802993,835.8769149,276.0233996,29,202,2022
10,St Mary's Peak,PINALB,New,8/4/2022,29,31,11569,mature,8/4/2022,0.030540001,-0.00107,0.03424,0.01116,5,0,NA,1.080000043,Pinus albicaulus,Whitebark Pine,46.50029,-114.20339,6859,26,0.996810019,51.43,1.08,0.01116,9.216845878,2.5,5.14E-05,0.000128575,1.12E-05,4.608422939,11.52105735,3.05E-05,3.42E-05,173.6559142,610.4972118,83.96880699,11.52105735,0.086797591,3.17E-08,4050.292947,727.0523825,173.6559142,31,216,2022
10,St Mary's Peak,PINALB,New,9/2/2022,29,31,11306,mature,9/2/2022,0.035,-0.00163,0.037980001,0.01497,5,0,NA,1.070000052,Pinus albicaulus,Whitebark Pine,46.50029,-114.20339,6859,25,0.997070014,54.06,1.07,0.01497,7.22244489,2.5,5.41E-05,0.00013515,1.50E-05,3.611222445,9.028056112,3.50E-05,3.80E-05,133.8009377,544.6428915,87.04910441,9.028056112,0.110765815,3.68E-08,3674.911927,625.6731706,133.8009377,35,245,2022
10,St Mary's Peak,PINALB,New,9/28/2022,29,31,11161,mature,9/28/2022,0.040180001,-0.00186,0.04095,0.0176,5,0,NA,1.169999957,Pinus albicaulus,Whitebark Pine,46.50029,-114.20339,6859,24.5,0.997200012,67.66,1.17,0.0176,7.688636364,2.5,6.77E-05,0.00016915,1.76E-05,3.844318182,9.610795455,4.02E-05,4.10E-05,128.2954638,535.0393673,96.70236032,9.610795455,0.10404966,4.22E-08,4008.055932,553.2847032,128.2954638,39,271,2022
10,St Mary's Peak,PINALB,Old,7/21/2022,29,31,11795,mature,7/21/2022,0.031920001,-0.00089,0.036010001,0.0142,5,0,NA,1.179999948,Pinus albicaulus,Whitebark Pine,46.50029,-114.20339,6859,26,0.996810019,55.97,1.18,0.0142,7.883098592,2.5,5.60E-05,0.000139925,1.42E-05,3.941549296,9.853873239,3.19E-05,3.60E-05,124.7887373,537.7889844,81.24713525,9.853873239,0.101482938,3.29E-08,4246.620777,661.9174728,124.7887373,29,202,2022
10,St Mary's Peak,PINALB,Old,8/4/2022,29,31,11581,mature,8/4/2022,0.037009999,-0.00253,0.043219998,0.01705,5,0,NA,0.970000029,Pinus albicaulus,Whitebark Pine,46.50029,-114.20339,6859,26,0.996810019,57.85,0.97,0.01705,6.785923754,2.5,5.79E-05,0.000144625,1.70E-05,3.392961877,8.482404692,3.70E-05,4.32E-05,117.0674449,502.6645673,76.27054008,8.482404692,0.117891097,3.97E-08,3642.177644,659.0546845,117.0674449,31,216,2022
10,St Mary's Peak,PINALB,Old,9/2/2022,29,31,11318,mature,9/2/2022,0.04733,-0.00161,0.056779999,0.02187,5,0,NA,1.080000043,Pinus albicaulus,Whitebark Pine,46.50029,-114.20339,6859,25,0.997070014,64.63,1.08,0.02187,5.910379515,2.5,6.46E-05,0.000161575,2.19E-05,2.955189758,7.387974394,4.73E-05,5.68E-05,116.4151755,NA,NA,7.387974394,0.1353551,4.91E-08,3288.349793,710.482983,116.4151755,35,245,2022
10,St Mary's Peak,PINALB,Old,9/28/2022,29,31,11149,mature,9/28/2022,0.02839,-0.00105,0.032910001,0.01304,5,0,NA,1.200000048,Pinus albicaulus,Whitebark Pine,46.50029,-114.20339,6859,25,0.997070014,49.43,1.2,0.01304,7.581288344,2.5,4.94E-05,0.000123575,1.30E-05,3.790644172,9.476610429,2.84E-05,3.29E-05,117.7147272,519.3239899,77.25213544,9.476610429,0.105522959,2.96E-08,4180.81186,672.2454815,117.7147272,39,271,2022
10,TV1,ABILAS,New,7/18/2022,10,6,11915,mature,7/19/2022,0.00808,-0.00142,0.00917,0.00238,5,0,NA,0.569999993,Abies lasiocarpa,Subalpine Fir,47.018,-114.014,6817,26,0.996810019,17.39,0.57,0.00238,14.61344538,2.2,1.74E-05,3.83E-05,2.38E-06,7.306722689,16.07478992,8.08E-06,9.17E-06,239.4958062,597.455637,83.94697634,16.07478992,0.06220921,9.54E-09,4010.080242,711.7059638,239.4958062,29,199,2022
10,TV1,ABILAS,New,8/1/2022,10,6,11450,mature,8/2/2022,0.00854,-0.00177,0.00919,0.00314,5,0,NA,0.620000005,Abies lasiocarpa,Subalpine Fir,47.018,-114.014,6817,27.5,0.996399999,18.13,0.62,0.00314,11.5477707,2.2,1.81E-05,3.99E-05,3.14E-06,5.77388535,12.70254777,8.54E-06,9.19E-06,171.9745233,521.3274716,89.25620073,12.70254777,0.078724363,1.04E-08,3850.679239,584.0798369,171.9745233,31,213,2022
10,TV1,ABILAS,New,8/16/2022,10,6,11510,mature,8/16/2022,0.01194,-0.0016,0.01301,0.00495,5,0,NA,0.730000019,Abies lasiocarpa,Subalpine Fir,47.018,-114.014,6817,25.29999924,0.996990025,20.81,0.73,0.00495,8.408080808,2.2,2.08E-05,4.58E-05,4.95E-06,4.204040404,9.248888889,1.19E-05,1.30E-05,141.2121154,514.1518755,86.72456273,9.248888889,0.108121095,1.36E-08,3367.511054,592.8561175,141.2121154,33,228,2022
10,TV1,ABILAS,New,9/6/2022,10,6,11294,mature,9/6/2022,0.00849,-0.00117,0.00938,0.00367,5,0,NA,0.639999986,Abies lasiocarpa,Subalpine Fir,47.018,-114.014,6817,25,0.997070014,16.98,0.64,0.00367,9.253405995,2.2,1.70E-05,3.74E-05,3.67E-06,4.626702997,10.17874659,8.49E-06,9.38E-06,131.3351473,496.9786308,84.41331282,10.17874659,0.098243923,9.70E-09,3851.687565,588.7443748,131.3351473,36,249,2022
10,TV1,ABILAS,Old,7/18/2022,10,6,11927,mature,7/19/2022,0.01258,-0.00111,0.01365,0.00636,5,0,NA,0.620000005,Abies lasiocarpa,Subalpine Fir,47.018,-114.014,6817,25.5,0.996940017,25.54,0.62,0.00636,8.031446541,2.2,2.55E-05,5.62E-05,6.36E-06,4.01572327,8.834591195,1.26E-05,1.37E-05,97.79874002,452.4785988,85.32235642,8.834591195,0.113191429,1.37E-08,4087.438595,530.3165756,97.79874002,29,199,2022
10,TV1,ABILAS,Old,8/1/2022,10,6,11462,mature,8/2/2022,0.01168,-0.00121,0.01248,0.00537,5,0,NA,0.769999981,Abies lasiocarpa,Subalpine Fir,47.018,-114.014,6817,27.5,0.996399999,20.95,0.77,0.00538,7.788104089,2.2,2.10E-05,4.61E-05,5.37E-06,3.894052045,8.566914498,1.17E-05,1.25E-05,117.5046677,487.2501477,88.74824812,8.566914498,0.116511172,1.30E-08,3559.010674,549.0250884,117.5046677,31,213,2022
10,TV1,ABILAS,Old,8/16/2022,10,6,11522,mature,8/16/2022,0.00965,-0.00127,0.01055,0.00451,5,0,NA,0.720000029,Abies lasiocarpa,Subalpine Fir,47.018,-114.014,6817,25.29999924,0.996990025,18.94,0.72,0.00451,8.399113082,2.2,1.89E-05,4.17E-05,4.51E-06,4.199556541,9.23902439,9.65E-06,1.05E-05,113.9689717,468.7846984,85.09934737,9.23902439,0.108236534,1.10E-08,3800.256607,550.86756,113.9689717,33,228,2022
10,TV1,ABILAS,Old,9/6/2022,10,6,11282,mature,9/6/2022,0.0078,-0.0009,0.00879,0.00362,5,0,NA,0.680000007,Abies lasiocarpa,Subalpine Fir,47.018,-114.014,6817,25,0.997070014,17.39,0.68,0.00362,9.607734807,2.2,1.74E-05,3.83E-05,3.62E-06,4.803867403,10.56850829,7.80E-06,8.79E-06,115.469602,478.5472382,80.85105406,10.56850829,0.094620735,8.73E-09,4379.966881,591.8874451,115.469602,36,249,2022
10,TV1,LAROCC,New,6/27/2022,10,5,11725,mature,6/27/2022,0.00856,-0.00172,0.00871,0.0025,5,0,NA,0.430000007,Larix occidentalis,Western Larch,47.018,-114.014,6817,25,0.997070014,23.62,0.43,0.0025,18.896,2,2.36E-05,4.72E-05,2.50E-06,9.448,18.896,8.56E-06,8.71E-06,242.4000072,587.1476414,97.58454508,18.896,0.052921252,1.03E-08,4577.038677,601.6809741,242.4000072,26,178,2022
10,TV1,LAROCC,New,8/1/2022,10,5,11498,mature,8/1/2022,0.00615,-0.00062,0.00749,0.00224,5,0,NA,0.419999987,Larix occidentalis,Western Larch,47.018,-114.014,6817,27.5,0.996399999,16.67,0.42,0.00224,14.88392857,2,1.67E-05,3.33E-05,2.24E-06,7.441964286,14.88392857,6.15E-06,7.49E-06,174.553555,NA,NA,14.88392857,0.067186564,6.80E-09,4901.764647,771.873581,174.553555,31,213,2022
10,TV1,LAROCC,New,8/16/2022,10,5,11534,mature,8/16/2022,0.00537,-0.00106,0.00571,0.00148,5,0,NA,0.560000002,Larix occidentalis,Western Larch,47.018,-114.014,6817,25.5,0.996940017,14.58,0.56,0.00148,19.7027027,2,1.46E-05,2.92E-05,1.48E-06,9.851351351,19.7027027,5.37E-06,5.71E-06,262.8378375,602.4898494,91.96216915,19.7027027,0.050754457,6.46E-09,4516.350721,655.1496718,262.8378375,33,228,2022
10,TV1,LAROCC,New,9/6/2022,10,5,11330,mature,9/6/2022,0.00695,-0.00112,0.00785,0.0024,5,0,NA,0.349999994,Larix occidentalis,Western Larch,47.018,-114.014,6817,25,0.997070014,19.84,0.35,0.0024,16.53333333,2,1.98E-05,3.97E-05,2.40E-06,8.266666667,16.53333333,6.95E-06,7.85E-06,189.5833127,561.5722611,83.48623971,16.53333333,0.060483874,8.10E-09,4897.404107,672.6524791,189.5833127,36,249,2022
10,White Pine Creek,PINMON,New,6/21/2022,30,30,11665,mature,6/21/2022,0.0031,-0.00026,0.00358,0.0008,5,0,NA,0.560000002,Pinus monticola,Western White Pine,47.73889,-115.67531,3360,23.20000076,0.99752003,7.48,0.56,8.00E-04,18.7,2,7.48E-06,1.50E-05,8.00E-07,9.35,18.7,3.10E-06,3.58E-06,287.5000209,682.1071123,82.73381572,18.7,0.053475934,3.37E-09,4436.661703,824.4598734,287.5000209,25,172,2022
10,White Pine Creek,PINMON,New,7/25/2022,30,30,11771,mature,7/25/2022,0.01856,-0.00164,0.01991,0.00672,5,0,NA,0.709999979,Pinus monticola,Western White Pine,47.73889,-115.67531,3360,25.5,0.996940017,38.48,0.71,0.00672,11.45238095,2,3.85E-05,7.70E-05,6.72E-06,5.726190476,11.45238095,1.86E-05,1.99E-05,176.1904749,583.7292295,89.76496992,11.45238095,0.087318087,2.03E-08,3794.24005,650.2862197,176.1904749,30,206,2022
10,White Pine Creek,PINMON,New,8/15/2022,30,30,11426,mature,8/15/2022,0.01732,-0.00158,0.01891,0.00643,5,0,NA,0.670000017,Pinus monticola,Western White Pine,47.73889,-115.67531,3360,26,0.996810019,39.75,0.67,0.00643,12.36391913,2,3.98E-05,7.95E-05,6.43E-06,6.181959565,12.36391913,1.73E-05,1.89E-05,169.3623554,573.7470601,87.25961169,12.36391913,0.080880504,1.90E-08,4188.511762,657.5173199,169.3623554,33,227,2022
10,White Pine Creek,PINMON,New,9/20/2022,30,30,11137,mature,9/21/2022,0.023189999,-0.00259,0.0264,0.00898,5,0,NA,0.579999983,Pinus monticola,Western White Pine,47.73889,-115.67531,3360,24.5,0.997200012,58.22,0.58,0.00898,12.96659243,2,5.82E-05,0.00011644,8.98E-06,6.483296214,12.96659243,2.32E-05,2.64E-05,158.2405139,549.0800132,81.57290016,12.96659243,0.077121268,2.59E-08,4499.287985,673.1157187,158.2405139,38,263,2022
10,White Pine Creek,PINMON,Old,6/21/2022,30,30,11653,mature,6/21/2022,0.02038,-0.00064,0.025210001,0.01068,5,0,NA,0.689999998,Pinus monticola,Western White Pine,47.73889,-115.67531,3360,23.20000076,0.99752003,39.87,0.69,0.01068,7.466292135,2,3.99E-05,7.97E-05,1.07E-05,3.733146067,7.466292135,2.04E-05,2.52E-05,90.82396146,NA,NA,7.466292135,0.133935293,2.11E-08,3780.136979,688.8060115,90.82396146,25,172,2022
10,White Pine Creek,PINMON,Old,7/25/2022,30,30,11759,mature,7/25/2022,0.01354,-0.00165,0.01705,0.00565,5,0,NA,0.689999998,Pinus monticola,Western White Pine,47.73889,-115.67531,3360,25.5,0.996940017,28.35,0.69,0.00565,10.03539823,2,2.84E-05,5.67E-05,5.65E-06,5.017699115,10.03539823,1.35E-05,1.70E-05,139.6460051,NA,NA,10.03539823,0.09964727,1.53E-08,3717.37525,747.4087625,139.6460051,30,206,2022
10,White Pine Creek,PINMON,Old,8/15/2022,30,30,11438,mature,8/15/2022,0.01521,-0.00149,0.018789999,0.00647,5,0,NA,0.610000014,Pinus monticola,Western White Pine,47.73889,-115.67531,3360,26,0.996810019,NA,NA,NA,NA,NA,NA,NA,6.47E-06,NA,NA,1.52E-05,1.88E-05,135.0850091,NA,NA,NA,NA,1.68E-08,NA,734.5961042,NA,33,227,2022
10,White Pine Creek,PINMON,Old,9/20/2022,30,30,11125,mature,9/21/2022,0.021229999,-0.00207,0.02647,0.00972,5,0,NA,0.720000029,Pinus monticola,Western White Pine,47.73889,-115.67531,3360,24.5,0.997200012,51,0.72,0.00972,10.49382716,2,5.10E-05,0.000102,9.72E-06,5.24691358,10.49382716,2.12E-05,2.65E-05,118.4156192,NA,NA,10.49382716,0.095294122,2.34E-08,4360.826025,716.1160165,118.4156192,38,263,2022
10,White Pine Creek,TSUHET,New,6/21/2022,30,29,11713,mature,6/22/2022,0.00364,-0.00079,0.00444,0.00071,5,0,NA,0.389999986,Tsuga heterophylla,Western Hemlock,47.73889,-115.67531,3360,23,0.997560024,14.343,0.39,0.00071,40.4028169,2,1.43E-05,2.87E-05,7.10E-07,20.20140845,40.4028169,3.64E-06,4.44E-06,412.6760628,659.0909332,78.55228302,40.4028169,0.024750749,4.45E-09,6452.792628,839.0474571,412.6760628,25,172,2022
10,White Pine Creek,TSUHET,New,7/25/2022,30,29,11807,mature,7/26/2022,0.00848,-0.0013,0.00911,0.00304,5,0,NA,0.479999989,Tsuga heterophylla,Western Hemlock,47.73889,-115.67531,3360,25,0.997070014,19.8,0.48,0.00304,13.02631579,2,1.98E-05,3.96E-05,3.04E-06,6.513157895,13.02631579,8.48E-06,9.11E-06,178.9473696,554.0230745,89.62109248,13.02631579,0.076767679,9.82E-09,4032.961929,618.1837993,178.9473696,30,206,2022
10,White Pine Creek,TSUHET,New,8/15/2022,30,29,11546,mature,8/15/2022,0.01069,-0.00195,0.01103,0.00405,5,0,NA,0.460000008,Tsuga heterophylla,Western Hemlock,47.73889,-115.67531,3360,26,0.996810019,26.79,0.46,0.00405,13.22962963,2,2.68E-05,5.36E-05,4.05E-06,6.614814815,13.22962963,1.07E-05,1.10E-05,163.9506082,523.0887802,95.12894249,13.22962963,0.075587908,1.27E-08,4220.948445,549.8734313,163.9506082,33,227,2022
10,White Pine Creek,TSUHET,New,9/20/2022,30,29,11113,mature,9/21/2022,0.00918,-0.00215,0.01162,0.00345,5,0,NA,0.449999988,Tsuga heterophylla,Western Hemlock,47.73889,-115.67531,3360,24.5,0.997200012,26.83,0.45,0.00345,15.55362319,2,2.68E-05,5.37E-05,3.45E-06,7.776811594,15.55362319,9.18E-06,1.16E-05,166.0869611,NA,NA,15.55362319,0.0642937,1.14E-08,4717.862142,718.3178143,166.0869611,38,263,2022
10,White Pine Creek,TSUHET,Old,6/21/2022,30,29,11701,mature,6/22/2022,0.00632,-0.0006,0.00661,0.00333,5,0,NA,0.49000001,Tsuga heterophylla,Western Hemlock,47.73889,-115.67531,3360,23,0.997560024,17.14,0.49,0.00661,5.186081694,2.2,1.71E-05,3.77E-05,3.33E-06,2.593040847,5.704689864,6.32E-06,6.61E-06,89.78979588,430.5727613,91.15854042,5.704689864,0.088310172,6.94E-09,5430.112605,472.3339791,89.78979588,25,172,2022
10,White Pine Creek,TSUHET,Old,7/25/2022,30,29,11819,mature,7/26/2022,0.00462,-0.00077,0.00516,0.00185,5,0,NA,0.479999989,Tsuga heterophylla,Western Hemlock,47.73889,-115.67531,3360,25,0.997070014,12.89,0.48,0.00185,13.93513514,2.2,1.29E-05,2.84E-05,1.85E-06,6.967567568,15.32864865,4.62E-06,5.16E-06,149.7297182,511.8689595,83.68578979,15.32864865,0.065237323,5.41E-09,5240.281972,611.6557671,149.7297182,30,206,2022
10,White Pine Creek,TSUHET,Old,8/15/2022,30,29,11558,mature,8/15/2022,0.00972,-0.00191,0.01097,0.00403,5,0,NA,0.479999989,Tsuga heterophylla,Western Hemlock,47.73889,-115.67531,3360,26,0.996810019,23.37,0.48,0.00403,11.59801489,2.2,2.34E-05,5.14E-05,4.03E-06,5.799007444,12.75781638,9.72E-06,1.10E-05,141.1910807,487.1772281,81.98847696,12.75781638,0.078383319,1.17E-08,4402.061137,594.202071,141.1910807,33,227,2022
10,White Pine Creek,TSUHET,Old,9/20/2022,30,29,11101,mature,9/21/2022,0.00962,-0.00092,0.01049,0.00407,5,0,NA,0.469999999,Tsuga heterophylla,Western Hemlock,47.73889,-115.67531,3360,24.5,0.997200012,20.56,0.47,0.00407,10.1031941,2.2,2.06E-05,4.52E-05,4.07E-06,5.051597052,11.11351351,9.62E-06,1.05E-05,136.3636405,524.5378943,86.4485902,11.11351351,0.08998054,1.06E-08,4274.936672,606.7628091,136.3636405,38,263,2022
11,Blue Mountain,PINPON,New,6/23/2022,20,4,11690,mature,6/23/2022,0.019090001,0.00064,0.02304,0.00518,5,0,NA,1.25999999,Pinus ponderosa,Ponderosa Pine,46.82981,-114.11812,NA,23.5,0.997439981,26.81,1.26,0.00518,10.35135135,2.2,2.68E-05,5.90E-05,5.18E-06,5.175675676,11.38648649,1.91E-05,2.30E-05,268.5328388,751.2074447,77.88354031,11.38648649,0.087823401,1.85E-08,3185.313827,964.5265761,268.5328388,25,174,2022
11,Blue Mountain,PINPON,New,7/27/2022,20,4,11832,mature,7/27/2022,0.054219998,0.0012,0.06154,0.01987,5,0,NA,1.210000038,Pinus ponderosa,Ponderosa Pine,46.82981,-114.11812,NA,26.5,0.996680021,111.79,1.21,0.01987,11.2521389,2.2,0.00011179,0.000245938,1.99E-05,5.626069451,12.37735279,5.42E-05,6.15E-05,172.8736715,645.0371224,82.43340127,12.37735279,0.08079272,5.33E-08,4618.315777,782.4948534,172.8736715,30,208,2022
11,Blue Mountain,PINPON,New,8/25/2022,20,4,11355,mature,8/26/2022,0.04414,-0.00049,0.049520001,0.01774,5,0,NA,1.289999962,Pinus ponderosa,Ponderosa Pine,46.82981,-114.11812,NA,24,0.997319996,90.19,1.29,0.01774,10.16798196,2.2,9.02E-05,0.000198418,1.77E-05,5.083990981,11.18478016,4.41E-05,4.95E-05,148.8162334,589.3236174,83.07111143,11.18478016,0.089407211,4.48E-08,4429.258112,709.4206485,148.8162334,34,237,2022
11,Blue Mountain,PINPON,New,9/20/2022,20,4,11198,mature,9/20/2022,0.049040001,0.00098,0.054990001,0.020300001,5,0,NA,0.889999986,Pinus ponderosa,Ponderosa Pine,46.82981,-114.11812,NA,24,0.997319996,70.91,0.75,0.01544,9.185233161,2.2,7.09E-05,0.000156002,2.03E-05,4.59261658,10.10375648,4.90E-05,5.50E-05,141.5763483,595.7715995,82.84808268,10.10375648,0.130126543,4.82E-08,3233.874778,719.1133219,141.5763483,38,263,2022
11,Blue Mountain,PINPON,Old,6/23/2022,20,4,11678,mature,6/23/2022,0.03723,0.00046,0.043219998,0.018169999,5,0,NA,1.330000043,Pinus ponderosa,Ponderosa Pine,46.82981,-114.11812,NA,23.5,0.997439981,NA,NA,NA,NA,NA,NA,NA,1.82E-05,NA,NA,3.72E-05,4.32E-05,104.8981932,516.4858183,76.08782941,NA,NA,3.69E-08,NA,678.8021452,NA,25,174,2022
11,Blue Mountain,PINPON,Old,7/27/2022,20,4,11844,mature,7/27/2022,0.034010001,0.00038,0.039900001,0.01523,5,0,NA,1.529999971,Pinus ponderosa,Ponderosa Pine,46.82981,-114.11812,NA,26.5,0.996680021,61.28,1.53,0.01523,8.047275115,2.3,6.13E-05,0.000140944,1.52E-05,4.023637557,9.254366382,3.40E-05,3.99E-05,123.3092612,555.9892866,76.1248466,9.254366382,0.108057101,3.38E-08,4172.702443,730.3650666,123.3092612,30,208,2022
11,Blue Mountain,PINPON,Old,8/25/2022,20,4,11343,mature,8/26/2022,0.052609999,-0.00042,0.057629999,0.02358,5,0,NA,1.480000019,Pinus ponderosa,Ponderosa Pine,46.82981,-114.11812,NA,24,0.997319996,89.1,1.48,0.02358,7.557251908,2.3,8.91E-05,0.00020493,2.36E-05,3.778625954,8.690839695,5.26E-05,5.76E-05,123.1128039,545.383771,85.25697447,8.690839695,0.115063679,5.32E-08,3850.000011,639.6940243,123.1128039,34,237,2022
11,Blue Mountain,PINPON,Old,9/20/2022,20,4,11211,mature,9/20/2022,0.052110001,0.00013,0.057250001,0.024,5,0,NA,0.779999971,Pinus ponderosa,Ponderosa Pine,46.82981,-114.11812,NA,24,0.997319996,93.82,0.78,0.024,7.818333333,2.3,9.38E-05,0.000215786,2.40E-05,3.909166667,8.991083333,5.21E-05,5.73E-05,117.1250041,538.7674937,84.54135627,8.991083333,0.111221304,5.22E-08,4135.840529,637.282766,117.1250041,38,263,2022
11,Blue Mountain,PSEMEN,New,6/30/2022,20,2,10777,mature,6/30/2022,0.0072,-0.00178,0.00941,0.00191,5,0,NA,0.930000007,Pseudotsuga menzeseii,Douglas Fir,46.82981,-114.11812,NA,24.5,0.997200012,33.16,NA,0.00191,34.72251309,2.3,3.32E-05,7.63E-05,1.91E-06,17.36125654,39.93089005,7.20E-06,9.41E-06,276.9633459,NA,NA,39.93089005,0.025043268,9.01E-09,8460.392618,831.9734114,276.9633459,26,181,2022
11,Blue Mountain,PSEMEN,New,7/27/2022,20,2,10825,mature,7/27/2022,0.01602,-0.00115,0.016559999,0.0059,5,0,NA,NA,Pseudotsuga menzeseii,Douglas Fir,46.82981,-114.11812,NA,27,0.99654001,27.26,NA,0.0059,9.240677966,2.3,2.73E-05,6.27E-05,5.90E-06,4.620338983,10.62677966,1.60E-05,1.66E-05,171.5254132,586.7415149,94.9343387,10.62677966,0.094101889,1.72E-08,3635.130472,618.0498257,171.5254132,30,208,2022
11,Blue Mountain,PSEMEN,New,8/25/2022,20,2,10970,mature,8/25/2022,0.00985,-0.00095,0.01061,0.0037,5,0,NA,NA,Pseudotsuga menzeseii,Douglas Fir,46.82981,-114.11812,NA,25,0.997070014,18.97,NA,0.0037,10.25405405,2.3,1.90E-05,4.36E-05,3.70E-06,5.127027027,11.79216216,9.85E-06,1.06E-05,166.216217,567.177724,89.00144466,11.79216216,0.08480209,1.08E-08,4023.826205,637.2679974,166.216217,34,237,2022
11,Blue Mountain,PSEMEN,New,9/20/2022,20,2,11018,mature,9/20/2022,0.00993,-0.00146,0.01086,0.0039,5,0,NA,NA,Pseudotsuga menzeseii,Douglas Fir,46.82981,-114.11812,NA,24,0.997319996,19.09,NA,0.0039,9.78974359,2.3,1.91E-05,4.39E-05,3.90E-06,4.894871795,11.25820513,9.93E-06,1.09E-05,154.6153841,527.4367552,86.63792948,11.25820513,0.088824103,1.14E-08,3840.491928,608.7827334,154.6153841,38,263,2022
11,Blue Mountain,PSEMEN,Old,6/30/2022,20,2,10765,mature,6/30/2022,0.01158,-0.00014,0.01398,0.00614,5,0,NA,1.429999948,Pseudotsuga menzeseii,Douglas Fir,46.82981,-114.11812,NA,24.5,0.997200012,19.2,NA,0.00614,6.254071661,2.3,1.92E-05,4.42E-05,6.14E-06,3.127035831,7.19218241,1.16E-05,1.40E-05,88.59933791,NA,NA,7.19218241,0.139039859,1.18E-08,3753.409569,666.3661994,88.59933791,26,181,2022
11,Blue Mountain,PSEMEN,Old,7/27/2022,20,2,10813,mature,7/27/2022,0.00688,-0.00047,0.00784,0.0029,5,0,NA,NA,Pseudotsuga menzeseii,Douglas Fir,46.82981,-114.11812,NA,27,0.99654001,13.29,NA,0.0029,9.165517241,2.3,1.33E-05,3.06E-05,2.90E-06,4.582758621,10.54034483,6.88E-06,7.84E-06,137.2413743,539.0540786,80.56679555,10.54034483,0.094873555,7.38E-09,4140.016792,669.0772234,137.2413743,30,208,2022
11,Blue Mountain,PSEMEN,Old,8/25/2022,20,2,10958,mature,8/25/2022,0.01337,-0.00115,0.01667,0.00573,5,0,NA,NA,Pseudotsuga menzeseii,Douglas Fir,46.82981,-114.11812,NA,25,0.997070014,30.19,NA,0.00573,10.53752182,2.3,3.02E-05,6.94E-05,5.73E-06,5.268760908,12.11815009,1.34E-05,1.67E-05,133.333336,NA,NA,12.11815009,0.082520844,1.46E-08,4763.12679,750.4443862,133.333336,34,237,2022
11,Blue Mountain,PSEMEN,Old,9/20/2022,20,2,11006,mature,9/20/2022,0.00609,-0.00059,0.00646,0.00253,5,0,NA,NA,Pseudotsuga menzeseii,Douglas Fir,46.82981,-114.11812,NA,24,0.997319996,14.34,NA,0.00253,11.33596838,2.3,1.43E-05,3.30E-05,2.53E-06,5.66798419,13.03636364,6.09E-06,6.46E-06,140.7114605,530.9459819,90.58524087,13.03636364,0.076708506,6.71E-09,4919.005908,586.1285755,140.7114605,38,263,2022
11,Jerry Johnson,ABIGRA,New,7/13/2022,27,10,11892,mature,7/13/2022,0.00853,-0.00132,0.00903,0.00281,5,0,NA,0.589999974,Abies grandis,Grand Fir,46.47389,-114.88439,3081,26.5,0.996680021,22.81,0.59,0.00281,16.23487544,2.1,2.28E-05,4.79E-05,2.81E-06,8.117437722,17.04661922,8.53E-06,9.03E-06,203.5587294,578.1725956,91.9614139,17.04661922,0.058662658,9.89E-09,4841.790961,628.7121642,203.5587294,28,194,2022
11,Jerry Johnson,ABIGRA,New,8/24/2022,27,10,11379,mature,8/25/2022,0.01501,-0.00292,0.01967,0.00569,5,0,NA,0.479999989,Abies grandis,Grand Fir,46.47389,-114.88439,3081,24.79999924,0.997120023,36.75,0.48,0.00569,12.91739895,2.1,3.68E-05,7.72E-05,5.69E-06,6.458699473,13.56326889,1.50E-05,1.97E-05,163.7961363,NA,NA,13.56326889,0.073728539,1.80E-08,4287.320531,776.634172,163.7961363,34,236,2022
11,Jerry Johnson,ABIGRA,New,9/12/2022,27,10,11186,mature,9/13/2022,0.031509999,-0.00519,0.033300001,0.01243,5,0,NA,0.620000005,Abies grandis,Grand Fir,46.47389,-114.88439,3081,24.5,0.997200012,66.03,0.62,0.01243,10.62429606,2.1,6.60E-05,0.000138663,1.24E-05,5.312148029,11.15551086,3.15E-05,3.33E-05,153.4995888,517.8891209,91.42308626,11.15551086,0.089641794,3.68E-08,3763.734941,566.4752111,153.4995888,37,255,2022
11,Jerry Johnson,ABIGRA,Old,6/15/2022,27,10,11738,mature,6/16/2022,0.03053,-0.00234,0.03847,0.015799999,5,0,NA,2.059999943,Abies grandis,Grand Fir,46.47389,-114.88439,3081,23.5,0.997439981,58.38,2.06,0.0158,7.389873418,2.5,5.84E-05,0.00014595,1.58E-05,3.694936709,9.237341772,3.05E-05,3.85E-05,93.2278581,NA,NA,9.237341772,0.108256247,3.30E-08,4424.187363,687.1965127,93.2278581,24,166,2022
11,Jerry Johnson,ABIGRA,Old,7/13/2022,27,10,11904,mature,7/13/2022,0.02245,-0.00282,0.0232,0.01034,5,0,NA,0.699999988,Abies grandis,Grand Fir,46.47389,-114.88439,3081,26.5,0.996680021,42.39,0.7,0.01034,8.199226306,2.5,4.24E-05,0.000105975,1.03E-05,4.099613153,10.24903288,2.25E-05,2.32E-05,117.1179979,477.1298791,94.1679654,10.24903288,0.097570178,2.54E-08,4175.378774,506.6796092,117.1179979,28,194,2022
11,Jerry Johnson,ABIGRA,Old,8/24/2022,27,10,11391,mature,8/25/2022,0.02692,-0.00414,0.034979999,0.01152,5,0,NA,0.560000002,Abies grandis,Grand Fir,46.47389,-114.88439,3081,24.79999924,0.997120023,56.95,0.56,0.01152,9.887152778,2.5,5.70E-05,0.000142375,1.15E-05,4.943576389,12.35894097,2.69E-05,3.50E-05,133.6805528,NA,NA,12.35894097,0.080913083,3.12E-08,4565.852729,752.343459,133.6805528,34,236,2022
11,Jerry Johnson,ABIGRA,Old,9/12/2022,27,10,11174,mature,9/13/2022,0.02747,-0.00414,0.029039999,0.01207,5,0,NA,0.720000029,Abies grandis,Grand Fir,46.47389,-114.88439,3081,24.5,0.997200012,52.45,0.72,0.01207,8.690969345,2.5,5.25E-05,0.000131125,1.21E-05,4.345484673,10.86371168,2.75E-05,2.90E-05,127.5890613,485.3116494,90.74838275,10.86371168,0.092049572,3.17E-08,4132.239634,534.7882074,127.5890613,37,255,2022
11,Jerry Johnson,THUPLI,NS,6/15/2022,27,28,11594,mature,6/16/2022,0.048129998,-0.00712,0.054669999,0.02643,5,0,NA,0.850000024,Thuja plicata,Western Red Cedar,46.47389,-114.88439,3081,24,0.997319996,103.27,0.85,0.02643,7.814604616,2.3,0.00010327,0.000237521,2.64E-05,3.907302308,8.986795308,4.81E-05,5.47E-05,82.10366568,391.2949495,76.84135737,8.986795308,0.11127437,5.55E-08,4282.984977,509.224411,82.10366568,24,166,2022
11,Jerry Johnson,THUPLI,NS,7/13/2022,27,28,11880,mature,7/13/2022,0.01001,-0.00236,0.01108,0.00413,5,0,NA,0.75999999,Thuja plicata,Western Red Cedar,46.47389,-114.88439,3081,26.5,0.996680021,21.73,0.76,0.00413,10.52300242,2.3,2.17E-05,5.00E-05,4.13E-06,5.261501211,12.10145278,1.00E-05,1.11E-05,142.3729018,473.2660495,84.60432625,12.10145278,0.082634702,1.24E-08,4022.680567,559.3875284,142.3729018,28,194,2022
11,Jerry Johnson,THUPLI,NS,8/24/2022,27,28,11367,mature,8/25/2022,0.02139,-0.0062,0.028519999,0.00898,5,0,NA,0.629999995,Thuja plicata,Western Red Cedar,46.47389,-114.88439,3081,24.79999924,0.997120023,52.31,0.63,0.00898,11.65033408,2.3,5.23E-05,0.000120313,8.98E-06,5.825167038,13.39788419,2.14E-05,2.85E-05,138.1959847,NA,NA,13.39788419,0.074638654,2.77E-08,4343.606357,705.4438273,138.1959847,34,236,2022
11,Jerry Johnson,THUPLI,NS,9/12/2022,27,28,11271,mature,9/13/2022,0.022430001,-0.00347,0.026009999,0.01026,5,0,NA,0.660000026,Thuja plicata,Western Red Cedar,46.47389,-114.88439,3081,25,0.997070014,46.34,0.66,0.01026,9.033138402,2.3,4.63E-05,0.000106582,1.03E-05,4.516569201,10.38810916,2.24E-05,2.60E-05,118.6159947,468.013776,77.26985052,10.38810916,0.096263908,2.60E-08,4098.754351,605.6874355,118.6159947,37,255,2022
11,Spring Gulch,PICENG,New,6/28/2022,6,27,11630,mature,6/29/2022,0.01743,-0.00156,0.01991,0.00283,5,0,NA,0.99000001,Picea engelmannii,Engelmann Spruce,46.73587,-114.5362,NA,25.5,0.996940017,25.93,0.99,0.00283,18.32508834,2.4,2.59E-05,6.22E-05,2.83E-06,9.16254417,21.99010601,1.74E-05,1.99E-05,515.901083,765.6653683,85.48009248,21.99010601,0.045474995,1.91E-08,3263.622386,895.7236078,515.901083,26,179,2022
11,Spring Gulch,PICENG,New,7/13/2022,6,27,11940,mature,7/14/2022,0.01297,-0.00134,0.0147,0.00432,5,0,NA,0.980000019,Picea engelmannii,Engelmann Spruce,46.73587,-114.5362,NA,26,0.996810019,20.71,0.98,0.00432,9.587962963,2.4,2.07E-05,4.97E-05,4.32E-06,4.793981481,11.50555556,1.30E-05,1.47E-05,200.2314833,601.9090626,83.3333281,11.50555556,0.086914531,1.44E-08,3458.64612,722.2909205,200.2314833,28,194,2022
11,Spring Gulch,PICENG,New,8/8/2022,6,27,11487,mature,8/9/2022,0.01336,-0.00013,0.01401,0.00545,5,0,NA,0.889999986,Picea engelmannii,Engelmann Spruce,46.73587,-114.5362,NA,26,0.996810019,21.77,0.89,0.00545,7.988990826,2.4,2.18E-05,5.22E-05,5.45E-06,3.994495413,9.586788991,1.34E-05,1.40E-05,145.1376162,583.8737399,92.40654406,9.586788991,0.104310214,1.35E-08,3856.66682,631.8532371,145.1376162,32,220,2022
11,Spring Gulch,PICENG,New,9/12/2022,6,27,11235,mature,9/13/2022,0.01545,-0.00038,0.016829999,0.00688,5,0,NA,0.939999998,Picea engelmannii,Engelmann Spruce,46.73587,-114.5362,NA,25,0.997070014,23.86,0.94,0.00688,6.936046512,2.4,2.39E-05,5.73E-05,6.88E-06,3.468023256,8.323255814,1.54E-05,1.68E-05,124.5639586,539.222145,86.13065914,8.323255814,0.120145288,1.59E-08,3603.035785,626.0513392,124.5639586,37,255,2022
11,Spring Gulch,PICENG,Old,6/28/2022,6,27,11642,mature,6/29/2022,0.02314,0.00061,0.024730001,0.0125,5,0,NA,1.210000038,Picea engelmannii,Engelmann Spruce,46.73587,-114.5362,NA,25,0.997070014,NA,NA,NA,NA,NA,NA,NA,1.25E-05,NA,NA,2.31E-05,2.47E-05,85.11999868,470.3793389,86.99917902,NA,NA,2.26E-08,NA,540.6710088,NA,26,179,2022
11,Spring Gulch,PICENG,Old,7/13/2022,6,27,11952,mature,7/14/2022,0.01567,-0.00019,0.01682,0.00776,5,0,NA,1.179999948,Picea engelmannii,Engelmann Spruce,46.73587,-114.5362,NA,26,0.996810019,22.02,1.18,0.00776,5.675257732,2.7,2.20E-05,5.95E-05,7.76E-06,2.837628866,7.661597938,1.57E-05,1.68E-05,101.9329864,496.6239967,87.30683474,7.661597938,0.130521074,1.59E-08,3732.779297,568.826024,101.9329864,28,194,2022
11,Spring Gulch,PICENG,Old,8/8/2022,6,27,11475,mature,8/9/2022,0.019169999,-0.00037,0.020269999,0.00868,5,0,NA,1.090000033,Picea engelmannii,Engelmann Spruce,46.73587,-114.5362,NA,25.5,0.996940017,27.72,1.09,0.00868,6.387096774,2.7,2.77E-05,7.48E-05,8.68E-06,3.193548387,8.622580645,1.92E-05,2.03E-05,120.8525271,534.6407119,90.50905902,8.622580645,0.11597456,1.96E-08,3814.55215,590.7040883,120.8525271,32,220,2022
11,Spring Gulch,PICENG,Old,9/12/2022,6,27,11223,mature,9/13/2022,0.01067,-0.00068,0.01202,0.00471,5,0,NA,0.730000019,Picea engelmannii,Engelmann Spruce,46.73587,-114.5362,NA,25,0.997070014,NA,NA,NA,NA,NA,NA,NA,4.71E-06,NA,NA,1.07E-05,1.20E-05,126.5392725,523.0198771,81.53214152,NA,NA,1.14E-08,NA,641.4891935,NA,37,255,2022
11,Spring Gulch,PINCON,New,6/28/2022,6,1,11606,mature,6/29/2022,0.00885,0.00036,0.01077,0.00244,5,0,NA,1.269999981,Pinus contorta,Lodgepole Pine,46.73587,-114.5362,NA,26,0.996810019,19.46,1.27,0.00244,15.95081967,2.2,1.95E-05,4.28E-05,2.44E-06,7.975409836,17.54590164,8.85E-06,1.08E-05,262.7049196,751.8042006,76.95078267,17.54590164,0.056993365,8.53E-09,5021.254581,976.9935724,262.7049196,26,179,2022
11,Spring Gulch,PINCON,New,7/13/2022,6,1,11868,mature,7/14/2022,0.022940001,0.00068,0.025909999,0.00713,5,0,NA,1.330000043,Pinus contorta,Lodgepole Pine,46.73587,-114.5362,NA,26,0.996810019,46.25,1.33,0.00713,12.97335203,2.2,4.63E-05,0.00010175,7.13E-06,6.486676017,14.27068724,2.29E-05,2.59E-05,221.7391463,707.2307359,84.18530919,14.27068724,0.070073708,2.24E-08,4551.595455,840.0880661,221.7391463,28,194,2022
11,Spring Gulch,PINCON,New,8/8/2022,6,1,11403,mature,8/9/2022,0.057080001,-0.00028,0.065609999,0.02187,5,0,NA,0.670000017,Pinus contorta,Lodgepole Pine,46.73587,-114.5362,NA,26,0.996810019,96.05,0.67,0.02187,8.783721994,2.2,9.61E-05,0.00021131,2.19E-05,4.391860997,9.662094193,5.71E-05,6.56E-05,160.9967988,611.2393275,80.49840281,9.662094193,0.103497233,5.76E-08,3668.30392,759.318578,160.9967988,32,220,2022
11,Spring Gulch,PINCON,New,9/12/2022,6,1,11259,mature,9/13/2022,0.045650002,-0.00107,0.05071,0.019780001,5,0,NA,0.639999986,Pinus contorta,Lodgepole Pine,46.73587,-114.5362,NA,24.5,0.997200012,80.63,0.64,0.01978,8.152679474,2.2,8.06E-05,0.000177386,1.98E-05,4.076339737,8.967947422,4.57E-05,5.07E-05,130.7886758,551.5921644,83.6404831,8.967947422,0.11150824,4.69E-08,3782.169467,659.4798882,130.7886758,37,255,2022
11,Spring Gulch,PINCON,Old,6/28/2022,6,1,11618,mature,6/29/2022,0.03204,-0.00105,0.039310001,0.01616,5,0,NA,1.299999952,Pinus contorta,Lodgepole Pine,46.73587,-114.5362,NA,26,0.996810019,61.59,1.3,0.01616,7.622524752,2.4,6.16E-05,0.000147816,1.62E-05,3.811262376,9.147029703,3.20E-05,3.93E-05,98.26732508,NA,NA,9.147029703,0.109325108,3.32E-08,4448.146548,696.6403894,98.26732508,26,179,2022
11,Spring Gulch,PINCON,Old,7/13/2022,6,1,11856,mature,7/14/2022,0.035739999,-0.00182,0.042619999,0.016860001,5,0,NA,1.399999976,Pinus contorta,Lodgepole Pine,46.73587,-114.5362,NA,26,0.996810019,70.78,1.4,0.01686,8.396204033,2.4,7.08E-05,0.000169872,1.69E-05,4.198102017,10.07544484,3.57E-05,4.26E-05,111.9810059,NA,NA,10.07544484,0.099251206,3.77E-08,4503.504824,682.927607,111.9810059,28,194,2022
11,Spring Gulch,PINCON,Old,8/8/2022,6,1,11415,mature,8/9/2022,0.03528,-0.00156,0.038759999,0.01725,5,0,NA,0.560000002,Pinus contorta,Lodgepole Pine,46.73587,-114.5362,NA,26,0.996810019,67.15,0.56,0.01725,7.785507246,2.4,6.72E-05,0.00016116,1.72E-05,3.892753623,9.342608696,3.53E-05,3.88E-05,104.5217467,487.3382822,83.82148464,9.342608696,0.107036483,3.70E-08,4356.041811,581.4002034,104.5217467,32,220,2022
11,Spring Gulch,PINCON,Old,9/12/2022,6,1,11247,mature,9/13/2022,0.030920001,-0.00112,0.036139999,0.01283,5,0,NA,0.550000012,Pinus contorta,Lodgepole Pine,46.73587,-114.5362,NA,24.5,0.997200012,70.33,0.55,0.01283,10.96336711,2.4,7.03E-05,0.000168792,1.28E-05,5.481683554,13.15604053,3.09E-05,3.61E-05,140.9976606,562.4326845,77.60618517,13.15604053,0.076010714,3.22E-08,5247.879254,724.7266223,140.9976606,37,255,2022
11,St Mary's Peak,PINALB,New,7/21/2022,29,31,11784,mature,7/21/2022,0.02362,-0.00248,0.031520002,0.00639,5,0,NA,0.870000005,Pinus albicaulus,Whitebark Pine,46.50029,-114.20339,6859,26,0.996810019,40.94,0.87,0.00639,12.81377152,2.5,4.09E-05,0.00010235,6.39E-06,6.406885759,16.0172144,2.36E-05,3.15E-05,269.6400511,NA,NA,16.0172144,0.062432831,2.62E-08,3904.826526,958.7522805,269.6400511,29,202,2022
11,St Mary's Peak,PINALB,New,8/4/2022,29,31,11570,mature,8/4/2022,0.032159999,-0.00128,0.03551,0.01154,5,0,NA,0.959999979,Pinus albicaulus,Whitebark Pine,46.50029,-114.20339,6859,26,0.996810019,55.81,0.96,0.01154,9.672443674,2.5,5.58E-05,0.000139525,1.15E-05,4.836221837,12.09055459,3.22E-05,3.55E-05,178.6828258,614.0118957,86.02419317,12.09055459,0.082709194,3.36E-08,4154.704908,713.7665267,178.6828258,31,216,2022
11,St Mary's Peak,PINALB,New,9/2/2022,29,31,11307,mature,9/2/2022,0.032889999,-0.00215,0.03565,0.01415,5,0,NA,1.100000024,Pinus albicaulus,Whitebark Pine,46.50029,-114.20339,6859,25,0.997070014,59.6,1.1,0.01415,8.424028269,2.5,5.96E-05,0.000149,1.42E-05,4.212014134,10.53003534,3.29E-05,3.56E-05,132.4381557,532.6884535,87.16278813,10.53003534,0.094966444,3.52E-08,4235.356599,611.1420538,132.4381557,35,245,2022
11,St Mary's Peak,PINALB,New,9/28/2022,29,31,11162,mature,9/28/2022,0.03929,-0.00135,0.042750001,0.017270001,5,0,NA,1.200000048,Pinus albicaulus,Whitebark Pine,46.50029,-114.20339,6859,24.5,0.997200012,52.53,1.2,0.01727,6.083381587,2.5,5.25E-05,0.000131325,1.73E-05,3.041690793,7.604226983,3.93E-05,4.28E-05,127.5043328,539.7443349,86.42071758,7.604226983,0.131505811,4.08E-08,3218.979458,624.5543314,127.5043328,39,271,2022
11,St Mary's Peak,PINALB,Old,7/21/2022,29,31,11796,mature,7/21/2022,0.032340001,-0.00201,0.03514,0.01465,5,0,NA,1.200000048,Pinus albicaulus,Whitebark Pine,46.50029,-114.20339,6859,26,0.996810019,55.96,1.2,0.01465,7.639590444,2.5,5.60E-05,0.0001399,1.47E-05,3.819795222,9.549488055,3.23E-05,3.51E-05,120.7508583,512.8088469,86.33480251,9.549488055,0.104717657,3.45E-08,4055.508955,593.9769734,120.7508583,29,202,2022
11,St Mary's Peak,PINALB,Old,8/4/2022,29,31,11582,mature,8/4/2022,0.036819998,-0.00184,0.04104,0.016519999,5,0,NA,1.279999971,Pinus albicaulus,Whitebark Pine,46.50029,-114.20339,6859,26,0.996810019,69.62,1.28,0.01652,8.428571429,2.5,6.96E-05,0.00017405,1.65E-05,4.214285714,10.53571429,3.68E-05,4.10E-05,122.8813566,522.8638245,82.78955415,10.53571429,0.094915249,3.88E-08,4482.977977,631.5577247,122.8813566,31,216,2022
11,St Mary's Peak,PINALB,Old,9/2/2022,29,31,11319,mature,9/2/2022,0.046859998,-0.00122,0.055739999,0.02153,5,0,NA,1.070000052,Pinus albicaulus,Whitebark Pine,46.50029,-114.20339,6859,25,0.997070014,68.62,1.07,0.02153,6.374361356,2.5,6.86E-05,0.00017155,2.15E-05,3.187180678,7.967951695,4.69E-05,5.57E-05,117.6497779,NA,NA,7.967951695,0.125502772,4.83E-08,3553.809013,708.69018,117.6497779,35,245,2022
11,St Mary's Peak,PINALB,Old,9/28/2022,29,31,11150,mature,9/28/2022,0.03005,-0.00072,0.034869999,0.01431,5,0,NA,1.169999957,Pinus albicaulus,Whitebark Pine,46.50029,-114.20339,6859,25,0.997070014,49.5,1.17,0.01431,6.918238994,2.5,4.95E-05,0.00012375,1.43E-05,3.459119497,8.647798742,3.01E-05,3.49E-05,109.9930063,509.5009829,76.55642542,8.647798742,0.115636367,3.09E-08,4005.765426,665.5234752,109.9930063,39,271,2022
11,TV1,ABILAS,New,7/18/2022,10,6,11916,mature,7/19/2022,0.00773,-0.0014,0.00868,0.0021,5,0,NA,0.519999981,Abies lasiocarpa,Subalpine Fir,47.018,-114.014,6817,26,0.996810019,19.57,0.52,0.0021,18.63809524,2.2,1.96E-05,4.31E-05,2.10E-06,9.319047619,20.50190476,7.73E-06,8.68E-06,268.0952601,614.0334614,85.56231342,20.50190476,0.048775954,9.17E-09,4695.665261,717.644763,268.0952601,29,199,2022
11,TV1,ABILAS,New,8/1/2022,10,6,11451,mature,8/2/2022,0.00967,-0.00154,0.01064,0.00368,5,0,NA,0.649999976,Abies lasiocarpa,Subalpine Fir,47.018,-114.014,6817,27.5,0.996399999,20.1,0.65,0.00368,10.92391304,2.2,2.01E-05,4.42E-05,3.68E-06,5.461956522,12.01630435,9.67E-06,1.06E-05,162.7717222,531.8592381,86.06321245,12.01630435,0.083220264,1.13E-08,3926.346817,617.9867367,162.7717222,31,213,2022
11,TV1,ABILAS,New,8/16/2022,10,6,11511,mature,8/16/2022,0.012,-0.00171,0.01457,0.005,5,0,NA,0.75999999,Abies lasiocarpa,Subalpine Fir,47.018,-114.014,6817,25.29999924,0.996990025,21.48,0.76,0.005,8.592,2.2,2.15E-05,4.73E-05,5.00E-06,4.296,9.4512,1.20E-05,1.46E-05,140.0000075,NA,NA,9.4512,0.105806668,1.38E-08,3432.830981,695.1962008,140.0000075,33,228,2022
11,TV1,ABILAS,New,9/6/2022,10,6,11295,mature,9/6/2022,0.00895,-0.00131,0.00949,0.00404,5,0,NA,0.680000007,Abies lasiocarpa,Subalpine Fir,47.018,-114.014,6817,25,0.997070014,20.76,0.68,0.00404,10.27722772,2.2,2.08E-05,4.57E-05,4.04E-06,5.138613861,11.3049505,8.95E-06,9.49E-06,121.5346444,476.6525508,90.09173613,11.3049505,0.088456823,1.03E-08,4433.742723,529.0746646,121.5346444,36,249,2022
11,TV1,ABILAS,Old,7/18/2022,10,6,11928,mature,7/19/2022,0.01264,-0.00139,0.0135,0.00632,5,0,NA,0.709999979,Abies lasiocarpa,Subalpine Fir,47.018,-114.014,6817,25.5,0.996940017,24.76,0.71,0.00632,7.835443038,2.2,2.48E-05,5.45E-05,6.32E-06,3.917721519,8.618987342,1.26E-05,1.35E-05,100,448.6116201,88.02228403,8.618987342,0.116022914,1.41E-08,3866.577776,509.6568727,100,29,199,2022
11,TV1,ABILAS,Old,8/1/2022,10,6,11463,mature,8/2/2022,0.00979,-0.00187,0.01029,0.00451,5,0,NA,0.720000029,Abies lasiocarpa,Subalpine Fir,47.018,-114.014,6817,27.5,0.996399999,18.15,0.72,0.00451,8.048780488,2.2,1.82E-05,3.99E-05,4.51E-06,4.024390244,8.853658537,9.79E-06,1.03E-05,117.073167,450.7242005,91.34947921,8.853658537,0.112947655,1.17E-08,3408.601966,493.406426,117.073167,31,213,2022
11,TV1,ABILAS,Old,8/16/2022,10,6,11523,mature,8/16/2022,0.00825,-0.00087,0.00888,0.00373,5,0,NA,0.720000029,Abies lasiocarpa,Subalpine Fir,47.018,-114.014,6817,25.29999924,0.996990025,16.73,0.72,0.00373,8.970509383,2.2,1.67E-05,3.68E-05,3.73E-06,4.485254692,9.867560322,8.25E-06,8.88E-06,121.1796237,493.6015512,87.76699573,9.867560322,0.101342172,9.16E-09,4019.358154,562.3999626,121.1796237,33,228,2022
11,TV1,ABILAS,Old,9/6/2022,10,6,11283,mature,9/6/2022,0.00861,-0.00085,0.00962,0.00553,5,0,NA,0.730000019,Abies lasiocarpa,Subalpine Fir,47.018,-114.014,6817,25,0.997070014,18.5,0.73,0.00553,6.690777577,2.2,1.85E-05,4.07E-05,5.53E-06,3.345388788,7.359855335,8.61E-06,9.62E-06,55.69619518,324.2853635,75.30562584,7.359855335,0.135872241,9.50E-09,4285.199858,430.6256802,55.69619518,36,249,2022
11,TV1,LAROCC,New,6/27/2022,10,5,11726,mature,6/27/2022,0.00856,-0.00146,0.01014,0.00256,5,0,NA,0.469999999,Larix occidentalis,Western Larch,47.018,-114.014,6817,25,0.997070014,23.33,0.47,0.00256,18.2265625,2,2.33E-05,4.67E-05,2.56E-06,9.11328125,18.2265625,8.56E-06,1.01E-05,234.375008,596.4188152,79.15567376,18.2265625,0.054864979,1.01E-08,4638.15028,753.475761,234.375008,26,178,2022
11,TV1,LAROCC,New,8/1/2022,10,5,11499,mature,8/1/2022,0.00525,-0.00093,0.00615,0.00187,5,0,NA,0.460000008,Larix occidentalis,Western Larch,47.018,-114.014,6817,27.5,0.996399999,14.05,0.46,0.00187,15.02673797,2,1.41E-05,2.81E-05,1.87E-06,7.513368984,15.02673797,5.25E-06,6.15E-06,180.7486538,544.3819709,78.97196452,15.02673797,0.066548044,6.21E-09,4525.779251,689.3357335,180.7486538,31,213,2022
11,TV1,LAROCC,New,8/16/2022,10,5,11535,mature,8/16/2022,0.00982,-0.00229,0.01075,0.0028,5,0,NA,0.560000002,Larix occidentalis,Western Larch,47.018,-114.014,6817,25.5,0.996940017,28.54,0.56,0.0028,20.38571429,2,2.85E-05,5.71E-05,2.80E-06,10.19285714,20.38571429,9.82E-06,1.08E-05,250.7143078,577.3033704,88.30188626,20.38571429,0.049053958,1.22E-08,4694.084708,653.7837354,250.7143078,33,228,2022
11,TV1,LAROCC,New,9/6/2022,10,5,11331,mature,9/6/2022,0.00659,-0.00083,0.007,0.00224,5,0,NA,0.379999995,Larix occidentalis,Western Larch,47.018,-114.014,6817,25,0.997070014,22.75,0.38,0.00224,20.3125,2,2.28E-05,4.55E-05,2.24E-06,10.15625,20.3125,6.59E-06,7.00E-06,194.1964157,583.919727,91.38654801,20.3125,0.049230771,7.45E-09,6107.666351,638.9558854,194.1964157,36,249,2022
11,White Pine Creek,PINMON,New,6/21/2022,30,30,11666,mature,6/21/2022,0.00334,3.00E-05,0.00406,0.00084,5,0,NA,0.49000001,Pinus monticola,Western White Pine,47.73889,-115.67531,3360,23.20000076,0.99752003,9.56,0.49,0.00084,22.76190476,2,9.56E-06,1.91E-05,8.40E-07,11.38095238,22.76190476,3.34E-06,4.06E-06,297.6190572,752.6204741,77.6397489,22.76190476,0.043933054,3.32E-09,5756.041246,969.3752037,297.6190572,25,172,2022
11,White Pine Creek,PINMON,New,7/25/2022,30,30,11772,mature,7/25/2022,0.016650001,-0.00159,0.017929999,0.00611,5,0,NA,0.670000017,Pinus monticola,Western White Pine,47.73889,-115.67531,3360,25.5,0.996940017,38,0.67,0.00611,12.4386252,2,3.80E-05,7.60E-05,6.11E-06,6.219312602,12.4386252,1.67E-05,1.79E-05,172.5041031,575.4755792,89.17090814,12.4386252,0.080394736,1.83E-08,4149.539034,645.3624744,172.5041031,30,206,2022
11,White Pine Creek,PINMON,New,8/15/2022,30,30,11427,mature,8/15/2022,0.01781,-0.00155,0.01956,0.00662,5,0,NA,0.720000029,Pinus monticola,Western White Pine,47.73889,-115.67531,3360,26,0.996810019,38.85,0.72,0.00662,11.73716012,2,3.89E-05,7.77E-05,6.62E-06,5.86858006,11.73716012,1.78E-05,1.96E-05,169.0332295,575.5448036,86.47604446,11.73716012,0.085199487,1.94E-08,3996.410302,665.5540355,169.0332295,33,227,2022
11,White Pine Creek,PINMON,New,9/20/2022,30,30,11138,mature,9/21/2022,0.021469999,-0.00213,0.024739999,0.0084,5,0,NA,0.660000026,Pinus monticola,Western White Pine,47.73889,-115.67531,3360,24.5,0.997200012,52.93,0.66,0.084,1.260238095,2,5.29E-05,0.00010586,8.40E-06,0.630119048,1.260238095,2.15E-05,2.47E-05,155.5952366,551.6810616,79.98775829,1.260238095,0.079350082,2.37E-08,4468.321335,689.7068669,155.5952366,38,263,2022
11,White Pine Creek,PINMON,Old,6/21/2022,30,30,11654,mature,6/21/2022,0.016890001,-0.00041,0.020819999,0.00879,5,0,NA,0.699999988,Pinus monticola,Western White Pine,47.73889,-115.67531,3360,23.20000076,0.99752003,35.22,0.7,0.00879,8.013651877,2,3.52E-05,7.04E-05,8.79E-06,4.006825939,8.013651877,1.69E-05,2.08E-05,92.15016946,NA,NA,8.013651877,0.124787058,1.74E-08,4057.301116,692.9206148,92.15016946,25,172,2022
11,White Pine Creek,PINMON,Old,7/25/2022,30,30,11760,mature,7/25/2022,0.016380001,-0.00201,0.0208,0.00711,5,0,NA,0.709999979,Pinus monticola,Western White Pine,47.73889,-115.67531,3360,25.5,0.996940017,31.97,0.71,0.00711,8.992967651,2,3.20E-05,6.39E-05,7.11E-06,4.496483826,8.992967651,1.64E-05,2.08E-05,130.379755,NA,NA,8.992967651,0.111198,1.85E-08,3462.597362,741.3662442,130.379755,30,206,2022
11,White Pine Creek,PINMON,Old,8/15/2022,30,30,11439,mature,8/15/2022,0.015900001,-0.0015,0.017720001,0.00659,5,0,NA,0.569999993,Pinus monticola,Western White Pine,47.73889,-115.67531,3360,26,0.996810019,NA,NA,NA,NA,NA,NA,NA,6.59E-06,NA,NA,1.59E-05,1.77E-05,141.2746768,532.7885282,83.64780111,NA,NA,1.75E-08,NA,636.9426585,NA,33,227,2022
11,White Pine Creek,PINMON,Old,9/20/2022,30,30,11126,mature,9/21/2022,0.020950001,-0.00149,0.025739999,0.00968,5,0,NA,0.610000014,Pinus monticola,Western White Pine,47.73889,-115.67531,3360,24.5,0.997200012,55.12,0.61,0.00968,11.38842975,2,5.51E-05,0.00011024,9.68E-06,5.694214876,11.38842975,2.10E-05,2.57E-05,116.4256244,NA,NA,11.38842975,0.087808419,2.25E-08,4893.739297,712.9304241,116.4256244,38,263,2022
11,White Pine Creek,TSUHET,New,6/21/2022,30,29,11714,mature,6/22/2022,0.00248,-0.00054,0.00298,0.00059,5,0,NA,0.479999989,Tsuga heterophylla,Western Hemlock,47.73889,-115.67531,3360,23,0.997560024,12.05,0.48,0.00059,40.84745763,2,1.21E-05,2.41E-05,5.90E-07,20.42372881,40.84745763,2.48E-06,2.98E-06,320.3389797,623.6433669,79.07949532,40.84745763,0.024481328,3.03E-09,7952.277794,788.6284104,320.3389797,25,172,2022
11,White Pine Creek,TSUHET,New,7/25/2022,30,29,11808,mature,7/26/2022,0.00585,-0.00085,0.00684,0.00204,5,0,NA,0.449999988,Tsuga heterophylla,Western Hemlock,47.73889,-115.67531,3360,25,0.997070014,15.86,0.45,0.00204,15.54901961,2,1.59E-05,3.17E-05,2.04E-06,7.774509804,15.54901961,5.85E-06,6.84E-06,186.7647074,566.3931301,79.37499815,15.54901961,0.064312734,6.73E-09,4715.483077,713.5661648,186.7647074,30,206,2022
11,White Pine Creek,TSUHET,New,8/15/2022,30,29,11547,mature,8/15/2022,0.0057,-0.00119,0.00615,0.00185,5,0,NA,0.5,Tsuga heterophylla,Western Hemlock,47.73889,-115.67531,3360,26,0.996810019,13.48,0.5,0.00185,14.57297297,2,1.35E-05,2.70E-05,1.85E-06,7.286486486,14.57297297,5.70E-06,6.15E-06,208.1081132,556.4112738,89.53489017,14.57297297,0.068620178,6.92E-09,3896.324044,621.446313,208.1081132,33,227,2022
11,White Pine Creek,TSUHET,New,9/20/2022,30,29,11114,mature,9/21/2022,0.00435,-0.0012,0.00516,0.00149,5,0,NA,0.439999998,Tsuga heterophylla,Western Hemlock,47.73889,-115.67531,3360,24.5,0.997200012,12.28,0.44,0.00149,16.48322148,2,1.23E-05,2.46E-05,1.49E-06,8.241610738,16.48322148,4.35E-06,5.16E-06,191.9463024,513.3310505,77.92915294,16.48322148,0.060667755,5.57E-09,4408.185512,658.7150394,191.9463024,38,263,2022
11,White Pine Creek,TSUHET,Old,6/21/2022,30,29,11702,mature,6/22/2022,0.00682,-0.0006,0.00716,0.00333,5,0,NA,0.579999983,Tsuga heterophylla,Western Hemlock,47.73889,-115.67531,3360,23,0.997560024,19.76,0.58,0.00716,5.519553073,2.2,1.98E-05,4.35E-05,3.33E-06,2.759776536,6.07150838,6.82E-06,7.16E-06,104.8047995,468.7086319,91.12270874,6.07150838,0.07660103,7.45E-09,5838.310263,514.3708285,104.8047995,25,172,2022
11,White Pine Creek,TSUHET,Old,7/25/2022,30,29,11820,mature,7/26/2022,0.00524,-0.00044,0.00553,0.00167,5,0,NA,0.529999971,Tsuga heterophylla,Western Hemlock,47.73889,-115.67531,3360,25,0.997070014,12.96,0.53,0.00167,15.52095808,2.2,1.30E-05,2.85E-05,1.67E-06,7.760479042,17.07305389,5.24E-06,5.53E-06,213.7724412,626.0192318,92.48703801,17.07305389,0.05857183,5.70E-09,4999.737033,676.8723978,213.7724412,30,206,2022
11,White Pine Creek,TSUHET,Old,8/15/2022,30,29,11559,mature,8/15/2022,0.01024,-0.00189,0.01071,0.00425,5,0,NA,0.479999989,Tsuga heterophylla,Western Hemlock,47.73889,-115.67531,3360,26,0.996810019,25.49,0.48,0.00425,11.99529412,2.2,2.55E-05,5.61E-05,4.25E-06,5.997647059,13.19482353,1.02E-05,1.07E-05,140.9411573,491.722866,92.72445307,13.19482353,0.0757873,1.22E-08,4603.478654,530.3054909,140.9411573,33,227,2022
11,White Pine Creek,TSUHET,Old,9/20/2022,30,29,11102,mature,9/21/2022,0.00801,-0.00073,0.00857,0.00335,5,0,NA,0.479999989,Tsuga heterophylla,Western Hemlock,47.73889,-115.67531,3360,24.5,0.997200012,18.41,0.48,0.00335,10.99104478,2.2,1.84E-05,4.05E-05,3.35E-06,5.495522388,12.09014925,8.01E-06,8.57E-06,139.1044847,531.1277401,89.27203756,12.09014925,0.082711962,8.77E-09,4616.25221,594.9542036,139.1044847,38,263,2022
12,Blue Mountain,PINPON,New,6/23/2022,20,4,11691,mature,6/23/2022,0.00682,0.00025,0.0078,0.00188,5,0,NA,0.959999979,Pinus ponderosa,Ponderosa Pine,46.82981,-114.11812,NA,23.5,0.997439981,13.49,0.96,0.00188,14.35106383,2.2,1.35E-05,2.97E-05,1.88E-06,7.175531915,15.78617021,6.82E-06,7.80E-06,262.7659463,749.1877909,83.44594517,15.78617021,0.063346587,6.59E-09,4500.889928,897.8120978,262.7659463,25,174,2022
12,Blue Mountain,PINPON,New,7/27/2022,20,4,11833,mature,7/27/2022,0.097740002,0.00174,0.111330003,0.035379998,5,0,NA,1.529999971,Pinus ponderosa,Ponderosa Pine,46.82981,-114.11812,NA,26.5,0.996680021,189,1.53,0.11133,3.395311237,2.2,0.000189,0.0004158,3.54E-05,1.697655618,3.734842361,9.77E-05,0.00011133,176.2577909,646.7442659,82.10664934,3.734842361,0.085088981,9.64E-08,4312.3196,787.688051,176.2577909,30,208,2022
12,Blue Mountain,PINPON,New,8/25/2022,20,4,11356,mature,8/26/2022,0.04228,-0.00087,0.04397,0.017039999,5,0,NA,1.340000033,Pinus ponderosa,Ponderosa Pine,46.82981,-114.11812,NA,24,0.997319996,93.03,1.34,0.01704,10.91901408,2.2,9.30E-05,0.000204666,1.70E-05,5.459507042,12.01091549,4.23E-05,4.40E-05,148.1220732,582.7541391,93.7244699,12.01091549,0.083257597,4.33E-08,4725.434114,621.7737371,148.1220732,34,237,2022
12,Blue Mountain,PINPON,New,9/20/2022,20,4,11199,mature,9/20/2022,0.037599999,-0.00142,0.04448,0.01544,5,0,NA,0.75,Pinus ponderosa,Ponderosa Pine,46.82981,-114.11812,NA,24,0.997319996,84.15,0.87,0.01862,9.038668099,2.2,8.42E-05,0.00018513,1.54E-05,4.519334049,9.942534909,3.76E-05,4.45E-05,143.5233091,565.7952403,76.30853871,9.942534909,0.083400855,3.92E-08,4726.790453,741.4573124,143.5233091,38,263,2022
12,Blue Mountain,PINPON,Old,6/23/2022,20,4,11679,mature,6/23/2022,0.044969998,0.00122,0.051770002,0.022500001,5,0,NA,1.320000052,Pinus ponderosa,Ponderosa Pine,46.82981,-114.11812,NA,23.5,0.997439981,NA,NA,NA,NA,NA,NA,NA,2.25E-05,NA,NA,4.50E-05,5.18E-05,99.86665117,511.7455764,76.76801102,NA,NA,4.39E-08,NA,666.6130457,NA,25,174,2022
12,Blue Mountain,PINPON,Old,7/27/2022,20,4,11845,mature,7/27/2022,0.034200002,0.00018,0.039379999,0.01541,5,0,NA,1.519999981,Pinus ponderosa,Ponderosa Pine,46.82981,-114.11812,NA,26.5,0.996680021,51.86,1.52,0.01541,6.730694354,2.3,5.19E-05,0.000119278,1.54E-05,3.365347177,7.740298507,3.42E-05,3.94E-05,121.9338124,549.9081717,78.38966275,7.740298507,0.129193988,3.42E-08,3490.789954,701.5059797,121.9338124,30,208,2022
12,Blue Mountain,PINPON,Old,8/25/2022,20,4,11344,mature,8/26/2022,0.049240001,-0.00051,0.054710001,0.021849999,5,0,NA,1.470000029,Pinus ponderosa,Ponderosa Pine,46.82981,-114.11812,NA,24,0.997319996,88.45,1.47,0.02185,8.09610984,2.3,8.85E-05,0.000203435,2.18E-05,4.04805492,9.310526316,4.92E-05,5.47E-05,125.3547018,548.498913,83.35362158,9.310526316,0.10740531,4.99E-08,4073.890869,658.0384902,125.3547018,34,237,2022
12,Blue Mountain,PINPON,Old,9/20/2022,20,4,11212,mature,9/20/2022,0.043299999,-0.00025,0.050239999,0.019859999,5,0,NA,0.899999976,Pinus ponderosa,Ponderosa Pine,46.82981,-114.11812,NA,24,0.997319996,66.94,0.9,0.01986,6.741188318,2.3,6.69E-05,0.000153962,1.99E-05,3.370594159,7.752366566,4.33E-05,5.02E-05,118.0261851,536.2240126,77.15602406,7.752366566,0.128992865,4.37E-08,3522.104207,694.9865797,118.0261851,38,263,2022
12,Blue Mountain,PSEMEN,New,6/30/2022,20,2,10778,mature,6/30/2022,0.0094,-0.00106,0.01112,0.00251,5,0,NA,1.080000043,Pseudotsuga menzeseii,Douglas Fir,46.82981,-114.11812,NA,24.5,0.997200012,37.37,NA,0.00251,29.77689243,2.3,3.74E-05,8.60E-05,2.51E-06,14.88844622,34.24342629,9.40E-06,1.11E-05,274.5019836,656.1634333,80.0232279,34.24342629,0.029202685,1.05E-08,8185.472356,819.9662155,274.5019836,26,181,2022
12,Blue Mountain,PSEMEN,New,7/27/2022,20,2,10826,mature,7/27/2022,0.01329,-0.00109,0.01376,0.00492,5,0,NA,NA,Pseudotsuga menzeseii,Douglas Fir,46.82981,-114.11812,NA,27,0.99654001,22.74,NA,0.00492,9.243902439,2.3,2.27E-05,5.23E-05,4.92E-06,4.62195122,10.6304878,1.33E-05,1.38E-05,170.1219427,579.4329314,94.68326444,10.6304878,0.094069064,1.44E-08,3620.728961,611.9697444,170.1219427,30,208,2022
12,Blue Mountain,PSEMEN,New,8/25/2022,20,2,10971,mature,8/25/2022,0.01547,-0.00123,0.01709,0.0057,5,0,NA,NA,Pseudotsuga menzeseii,Douglas Fir,46.82981,-114.11812,NA,25,0.997070014,31.36,NA,0.0057,11.00350877,2.3,3.14E-05,7.21E-05,5.70E-06,5.501754386,12.65403509,1.55E-05,1.71E-05,171.4035039,582.7011721,85.77699551,12.65403509,0.079026177,1.68E-08,4301.849604,679.3210332,171.4035039,34,237,2022
12,Blue Mountain,PSEMEN,New,9/20/2022,20,2,11019,mature,9/20/2022,0.00982,-0.00104,0.01754,0.0038,5,0,NA,NA,Pseudotsuga menzeseii,Douglas Fir,46.82981,-114.11812,NA,24,0.997319996,21.88,NA,0.0038,11.51578947,2.3,2.19E-05,5.03E-05,3.80E-06,5.757894737,13.24315789,9.82E-06,1.75E-05,158.4210553,NA,NA,13.24315789,0.075510692,1.09E-08,4616.5987,1260.473484,158.4210553,38,263,2022
12,Blue Mountain,PSEMEN,Old,6/30/2022,20,2,10766,mature,6/30/2022,0.01247,-0.00024,0.01475,0.00646,5,0,NA,1.470000029,Pseudotsuga menzeseii,Douglas Fir,46.82981,-114.11812,NA,24.5,0.997200012,24.95,NA,0.00646,7.724458204,2.3,2.50E-05,5.74E-05,6.46E-06,3.862229102,8.883126935,1.25E-05,1.48E-05,93.03406738,NA,NA,8.883126935,0.112572969,1.28E-08,4497.563606,649.7308262,93.03406738,26,181,2022
12,Blue Mountain,PSEMEN,Old,7/27/2022,20,2,10814,mature,7/27/2022,0.01522,-0.00048,0.015869999,0.00699,5,0,NA,NA,Pseudotsuga menzeseii,Douglas Fir,46.82981,-114.11812,NA,27,0.99654001,26.73,NA,0.00699,7.64806867,2.3,2.67E-05,6.15E-05,6.99E-06,3.824034335,8.79527897,1.52E-05,1.59E-05,117.7396295,521.8393168,92.68019193,8.79527897,0.113697362,1.58E-08,3898.196636,563.0537723,117.7396295,30,208,2022
12,Blue Mountain,PSEMEN,Old,8/25/2022,20,2,10959,mature,8/25/2022,0.0149,-0.00156,0.018820001,0.00615,5,0,NA,NA,Pseudotsuga menzeseii,Douglas Fir,46.82981,-114.11812,NA,25,0.997070014,33.89,NA,0.00615,11.02113821,2.3,3.39E-05,7.79E-05,6.15E-06,5.510569106,12.67430894,1.49E-05,1.88E-05,142.2764281,NA,NA,12.67430894,0.078899763,1.65E-08,4716.69054,766.680872,142.2764281,34,237,2022
12,Blue Mountain,PSEMEN,Old,9/20/2022,20,2,11007,mature,9/20/2022,0.00827,-0.00107,0.01042,0.0036,5,0,NA,NA,Pseudotsuga menzeseii,Douglas Fir,46.82981,-114.11812,NA,24,0.997319996,17.08,NA,0.0036,9.488888889,2.3,1.71E-05,3.93E-05,3.60E-06,4.744444444,10.91222222,8.27E-06,1.04E-05,129.7222292,NA,NA,10.91222222,0.091640361,9.37E-09,4190.304937,727.468707,129.7222292,38,263,2022
12,Jerry Johnson,ABIGRA,New,7/13/2022,27,10,11893,mature,7/13/2022,0.026620001,-0.00468,0.027659999,0.00794,5,0,NA,0.579999983,Abies grandis,Grand Fir,46.47389,-114.88439,3081,26.5,0.996680021,67.69,0.58,0.00794,17.05037783,2.1,6.77E-05,0.000142149,7.94E-06,8.525188917,17.90289673,2.66E-05,2.77E-05,235.2644944,594.1967093,94.72617321,17.90289673,0.055856882,3.14E-08,4521.6523,627.2782792,235.2644944,28,194,2022
12,Jerry Johnson,ABIGRA,New,8/24/2022,27,10,11380,mature,8/25/2022,0.030579999,-0.00557,0.040040001,0.01137,5,0,NA,0.600000024,Abies grandis,Grand Fir,46.47389,-114.88439,3081,24.79999924,0.997120023,60.54,0.6,0.01137,10.64907652,2.1,6.05E-05,0.000127134,1.14E-05,5.324538259,11.18153034,3.06E-05,4.00E-05,168.9533679,NA,NA,11.18153034,0.0894332,3.63E-08,3503.023358,789.9671419,168.9533679,34,236,2022
12,Jerry Johnson,ABIGRA,New,9/12/2022,27,10,11187,mature,9/13/2022,0.026459999,-0.00521,0.027799999,0.00999,5,0,NA,0.589999974,Abies grandis,Grand Fir,46.47389,-114.88439,3081,24.5,0.997200012,58.7,0.59,0.00999,11.75175175,2.1,5.87E-05,0.00012327,9.99E-06,5.875875876,12.33933934,2.65E-05,2.78E-05,164.8648543,518.0480164,92.47613688,12.33933934,0.081041617,3.18E-08,3877.339528,560.1964289,164.8648543,37,255,2022
12,Jerry Johnson,ABIGRA,Old,6/15/2022,27,10,11739,mature,6/16/2022,0.036090001,-0.00377,0.046349999,0.017580001,5,0,NA,1.940000057,Abies grandis,Grand Fir,46.47389,-114.88439,3081,23.5,0.997439981,66.11,1.94,0.01758,7.521046644,2.5,6.61E-05,0.000165275,1.76E-05,3.760523322,9.401308305,3.61E-05,4.63E-05,105.2901027,NA,NA,9.401308305,0.106368178,4.00E-08,4131.416412,719.170119,105.2901027,24,166,2022
12,Jerry Johnson,ABIGRA,Old,7/13/2022,27,10,11905,mature,7/13/2022,0.031920001,-0.00431,0.040130001,0.01392,5,0,NA,0.699999988,Abies grandis,Grand Fir,46.47389,-114.88439,3081,26.5,0.996680021,64.74,0.7,0.01392,9.301724138,2.5,6.47E-05,0.00016185,1.39E-05,4.650862069,11.62715517,3.19E-05,4.01E-05,129.3103543,NA,NA,11.62715517,0.08600556,3.64E-08,4447.767259,720.2717525,129.3103543,28,194,2022
12,Jerry Johnson,ABIGRA,Old,8/24/2022,27,10,11392,mature,8/25/2022,0.01994,-0.00373,0.021090001,0.00839,5,0,NA,0.560000002,Abies grandis,Grand Fir,46.47389,-114.88439,3081,24.79999924,0.997120023,38.11,0.56,0.00839,9.084624553,2.5,3.81E-05,9.53E-05,8.39E-06,4.542312277,11.35578069,1.99E-05,2.11E-05,137.6638834,486.0414821,90.94487583,11.35578069,0.088060877,2.38E-08,4009.316229,534.4352583,137.6638834,34,236,2022
12,Jerry Johnson,ABIGRA,Old,9/12/2022,27,10,11175,mature,9/13/2022,0.038430002,-0.00656,0.04346,0.01591,5,0,NA,0.589999974,Abies grandis,Grand Fir,46.47389,-114.88439,3081,24.5,0.997200012,84.74,0.59,0.01591,10.65241986,2.5,8.47E-05,0.00021185,1.59E-05,5.326209931,13.31552483,3.84E-05,4.35E-05,141.5462133,498.6282815,81.74229186,13.31552483,0.075100305,4.52E-08,4690.692369,610.0003684,141.5462133,37,255,2022
12,Jerry Johnson,THUPLI,NS,6/15/2022,27,28,11595,mature,6/16/2022,0.063790001,-0.00868,0.071359999,0.035569999,5,0,NA,0.959999979,Thuja plicata,Western Red Cedar,46.47389,-114.88439,3081,24,0.997319996,119.11,0.96,0.03557,6.697216756,2.3,0.00011911,0.000273953,3.56E-05,3.348608378,7.701799269,6.38E-05,7.14E-05,79.33652547,387.9498378,78.84884471,7.701799269,0.129839788,7.27E-08,3766.123878,492.017149,79.33652547,24,166,2022
12,Jerry Johnson,THUPLI,NS,7/13/2022,27,28,11881,mature,7/13/2022,0.01691,-0.00368,0.01819,0.00741,5,0,NA,0.670000017,Thuja plicata,Western Red Cedar,46.47389,-114.88439,3081,26.5,0.996680021,41.33,0.67,0.00741,11.15519568,2.3,4.13E-05,9.51E-05,7.41E-06,5.577597841,12.82847503,1.69E-05,1.82E-05,128.2051227,459.3724496,88.12615568,12.82847503,0.077951589,2.07E-08,4596.577588,521.2668657,128.2051227,28,194,2022
12,Jerry Johnson,THUPLI,NS,8/24/2022,27,28,11368,mature,8/25/2022,0.00985,-0.00275,0.01197,0.00407,5,0,NA,0.569999993,Thuja plicata,Western Red Cedar,46.47389,-114.88439,3081,24.79999924,0.997120023,22.57,0.57,0.00407,11.09090909,2.3,2.26E-05,5.19E-05,4.07E-06,5.545454545,12.75454545,9.85E-06,1.20E-05,142.0147552,NA,NA,12.75454545,0.078403417,1.26E-08,4103.727006,624.5197666,142.0147552,34,236,2022
12,Jerry Johnson,THUPLI,NS,9/12/2022,27,28,11272,mature,9/13/2022,0.02094,-0.0037,0.02389,0.00967,5,0,NA,0.680000007,Thuja plicata,Western Red Cedar,46.47389,-114.88439,3081,25,0.997070014,41.66,0.68,0.00967,8.616339193,2.3,4.17E-05,9.58E-05,9.67E-06,4.308169597,9.908790072,2.09E-05,2.39E-05,116.5460297,455.5657201,79.25457388,9.908790072,0.100920491,2.47E-08,3873.238141,574.8131594,116.5460297,37,255,2022
12,Spring Gulch,PICENG,New,6/28/2022,6,27,11631,mature,6/29/2022,0.0122,-0.00152,0.01437,0.0022,5,0,NA,1.059999943,Picea engelmannii,Engelmann Spruce,46.73587,-114.5362,NA,25.5,0.996940017,21.44,1.06,0.0022,19.49090909,2.4,2.14E-05,5.15E-05,2.20E-06,9.745454545,23.38909091,1.22E-05,1.44E-05,454.5454468,725.8669033,82.16926684,23.38909091,0.042754975,1.38E-08,3735.020822,883.3800413,454.5454468,26,179,2022
12,Spring Gulch,PICENG,New,7/13/2022,6,27,11941,mature,7/14/2022,0.015830001,-0.00111,0.01643,0.00483,5,0,NA,1.00999999,Picea engelmannii,Engelmann Spruce,46.73587,-114.5362,NA,26,0.996810019,25.75,1.01,0.00483,10.66252588,2.4,2.58E-05,6.18E-05,4.83E-06,5.33126294,12.79503106,1.58E-05,1.64E-05,227.7432897,646.597022,94.82759493,12.79503106,0.07815534,1.70E-08,3632.699345,681.8658877,227.7432897,28,194,2022
12,Spring Gulch,PICENG,New,8/8/2022,6,27,11488,mature,8/9/2022,0.01564,-0.00049,0.016310001,0.00639,5,0,NA,1.00999999,Picea engelmannii,Engelmann Spruce,46.73587,-114.5362,NA,26,0.996810019,20.01,1.01,0.00639,6.262910798,2.4,2.00E-05,4.80E-05,6.39E-06,3.131455399,7.515492958,1.56E-05,1.63E-05,144.7574229,571.0337267,93.24595895,7.515492958,0.133058476,1.62E-08,2964.683753,612.3951463,144.7574229,32,220,2022
12,Spring Gulch,PICENG,New,9/12/2022,6,27,11236,mature,9/13/2022,0.01493,-0.00052,0.015790001,0.00618,5,0,NA,0.889999986,Picea engelmannii,Engelmann Spruce,46.73587,-114.5362,NA,25,0.997070014,24.87,0.89,0.00618,8.048543689,2.4,2.49E-05,5.97E-05,6.18E-06,4.024271845,9.658252427,1.49E-05,1.58E-05,141.585753,564.0886538,91.05097905,9.658252427,0.1035384,1.55E-08,3847.922882,619.5305747,141.585753,37,255,2022
12,Spring Gulch,PICENG,Old,6/28/2022,6,27,11643,mature,6/29/2022,0.01572,0.00054,0.01629,0.00856,5,0,NA,1.110000014,Picea engelmannii,Engelmann Spruce,46.73587,-114.5362,NA,25,0.997070014,16.59,1.11,0.00856,3.876168224,2.7,1.66E-05,4.48E-05,8.56E-06,1.938084112,5.232827103,1.57E-05,1.63E-05,83.64486581,469.7957371,92.6261418,5.232827103,0.191101288,1.52E-08,2939.044549,507.1956231,83.64486581,26,179,2022
12,Spring Gulch,PICENG,Old,7/13/2022,6,27,11953,mature,7/14/2022,0.01456,-3.00E-05,0.01536,0.00725,5,0,NA,1.129999995,Picea engelmannii,Engelmann Spruce,46.73587,-114.5362,NA,26,0.996810019,21.7,1.13,0.00725,5.986206897,2.7,2.17E-05,5.86E-05,7.25E-06,2.993103448,8.08137931,1.46E-05,1.54E-05,100.8275925,498.9034487,90.13564007,8.08137931,0.123741249,1.47E-08,3998.734893,553.5029743,100.8275925,28,194,2022
12,Spring Gulch,PICENG,Old,8/8/2022,6,27,11476,mature,8/9/2022,0.01407,-0.0006,0.01498,0.00645,5,0,NA,1.210000038,Picea engelmannii,Engelmann Spruce,46.73587,-114.5362,NA,25.5,0.996940017,22.55,1.21,0.00645,6.992248062,2.7,2.26E-05,6.09E-05,6.45E-06,3.496124031,9.439534884,1.41E-05,1.50E-05,118.1395208,517.2922147,89.33176024,9.439534884,0.105937427,1.47E-08,4133.246612,579.0686463,118.1395208,32,220,2022
12,Spring Gulch,PICENG,Old,9/12/2022,6,27,11224,mature,9/13/2022,0.01392,-0.00034,0.01513,0.00642,5,0,NA,0.839999974,Picea engelmannii,Engelmann Spruce,46.73587,-114.5362,NA,25,0.997070014,NA,NA,NA,NA,NA,NA,NA,6.42E-06,NA,NA,1.39E-05,1.51E-05,116.8224275,523.8531246,86.10791804,NA,NA,1.43E-08,NA,608.3681228,NA,37,255,2022
12,Spring Gulch,PINCON,New,6/28/2022,6,1,11607,mature,6/29/2022,0.00839,0.00035,0.00951,0.00216,5,0,NA,1.24000001,Pinus contorta,Lodgepole Pine,46.73587,-114.5362,NA,26,0.996810019,18.54,1.24,0.00216,17.16666667,2.2,1.85E-05,4.08E-05,2.16E-06,8.583333333,18.88333333,8.39E-06,9.51E-06,288.4259451,771.5896827,84.76190343,18.88333333,0.05295675,8.07E-09,5051.621044,910.302449,288.4259451,26,179,2022
12,Spring Gulch,PINCON,New,7/13/2022,6,1,11869,mature,7/14/2022,0.01518,0.00044,0.01723,0.00473,5,0,NA,1.220000029,Pinus contorta,Lodgepole Pine,46.73587,-114.5362,NA,26,0.996810019,36.57,1.22,0.00473,15.46300211,2.2,3.66E-05,8.05E-05,4.73E-06,7.731501057,17.00930233,1.52E-05,1.72E-05,220.9302239,705.9488076,83.5999983,17.00930233,0.058791361,1.48E-08,5435.062744,844.4363899,220.9302239,28,194,2022
12,Spring Gulch,PINCON,New,8/8/2022,6,1,11404,mature,8/9/2022,0.052820001,-0.00028,0.05875,0.020540001,5,0,NA,0.589999974,Pinus contorta,Lodgepole Pine,46.73587,-114.5362,NA,26,0.996810019,93.3,0.59,0.02054,9.084712756,2.2,9.33E-05,0.00020526,2.05E-05,4.542356378,9.993184031,5.28E-05,5.87E-05,157.1567603,605.3316821,84.48050455,9.993184031,0.10006821,5.33E-08,3849.144404,716.53417,157.1567603,32,220,2022
12,Spring Gulch,PINCON,New,9/12/2022,6,1,11260,mature,9/13/2022,0.044659998,-0.00098,0.050469998,0.01935,5,0,NA,0.589999974,Pinus contorta,Lodgepole Pine,46.73587,-114.5362,NA,24.5,0.997200012,85.65,0.59,0.01935,8.852713178,2.2,8.57E-05,0.00018843,1.93E-05,4.426356589,9.737984496,4.47E-05,5.05E-05,130.8010279,552.4220352,81.33033331,9.737984496,0.102690653,4.58E-08,4112.717902,679.2324742,130.8010279,37,255,2022
12,Spring Gulch,PINCON,Old,6/28/2022,6,1,11619,mature,6/29/2022,0.031690001,-0.00174,0.0385,0.01578,5,0,NA,1.330000043,Pinus contorta,Lodgepole Pine,46.73587,-114.5362,NA,26,0.996810019,61.1,1.33,0.01578,7.743979721,2.4,6.11E-05,0.00014664,1.58E-05,3.871989861,9.292775665,3.17E-05,3.85E-05,100.8238369,NA,NA,9.292775665,0.107610475,3.36E-08,4367.87764,676.7469927,100.8238369,26,179,2022
12,Spring Gulch,PINCON,Old,7/13/2022,6,1,11857,mature,7/14/2022,0.03004,-0.0013,0.036090001,0.0142,5,0,NA,1.330000043,Pinus contorta,Lodgepole Pine,46.73587,-114.5362,NA,26,0.996810019,69.92,1.33,0.0142,9.847887324,2.4,6.99E-05,0.000167808,1.42E-05,4.923943662,11.81746479,3.00E-05,3.61E-05,111.5492918,NA,NA,11.81746479,0.084620519,3.15E-08,5331.729179,695.5065255,111.5492918,28,194,2022
12,Spring Gulch,PINCON,Old,8/8/2022,6,1,11416,mature,8/9/2022,0.036010001,-0.00148,0.042130001,0.01726,5,0,NA,0.589999974,Pinus contorta,Lodgepole Pine,46.73587,-114.5362,NA,26,0.996810019,71.13,0.59,0.01726,8.242178447,2.4,7.11E-05,0.000170712,1.73E-05,4.121089224,9.890614137,3.60E-05,4.21E-05,108.6326803,498.0125035,75.39203923,9.890614137,0.101105957,3.76E-08,4534.22438,660.5637791,108.6326803,32,220,2022
12,Spring Gulch,PINCON,Old,9/12/2022,6,1,11248,mature,9/13/2022,0.031239999,-0.00069,0.03692,0.01464,5,0,NA,0.569999993,Pinus contorta,Lodgepole Pine,46.73587,-114.5362,NA,24.5,0.997200012,76.29,0.57,0.01464,10.42213115,2.4,7.63E-05,0.000183096,1.46E-05,5.211065574,12.50655738,3.12E-05,3.69E-05,113.3879786,NA,NA,12.50655738,0.079958053,3.21E-08,5712.213589,695.0895684,113.3879786,37,255,2022
12,St Mary's Peak,PINALB,New,7/21/2022,29,31,11785,mature,7/21/2022,0.01884,-0.00102,0.025629999,0.00522,5,0,NA,1.090000033,Pinus albicaulus,Whitebark Pine,46.50029,-114.20339,6859,26,0.996810019,41.07,1.09,0.00522,15.73563218,2.5,4.11E-05,0.000102675,5.22E-06,7.867816092,19.66954023,1.88E-05,2.56E-05,260.9195294,NA,NA,19.66954023,0.050840031,1.99E-08,5148.015843,1023.335748,260.9195294,29,202,2022
12,St Mary's Peak,PINALB,New,8/4/2022,29,31,11571,mature,8/4/2022,0.031330001,-0.00189,0.034299999,0.01154,5,0,NA,1.149999976,Pinus albicaulus,Whitebark Pine,46.50029,-114.20339,6859,26,0.996810019,56.89,1.15,0.01154,9.859618718,2.5,5.69E-05,0.000142225,1.15E-05,4.929809359,12.3245234,3.13E-05,3.43E-05,171.4904655,593.1992214,86.95079535,12.3245234,0.081139043,3.34E-08,4263.150988,682.2240314,171.4904655,31,216,2022
12,St Mary's Peak,PINALB,New,9/2/2022,29,31,11308,mature,9/2/2022,0.031709999,-0.00083,0.03461,0.01366,5,0,NA,0.959999979,Pinus albicaulus,Whitebark Pine,46.50029,-114.20339,6859,25,0.997070014,58.27,0.96,0.01366,8.53147877,2.5,5.83E-05,0.000145675,1.37E-05,4.265739385,10.66434846,3.17E-05,3.46E-05,132.1376247,552.4938623,86.15751461,10.66434846,0.093770377,3.27E-08,4458.977685,641.2602137,132.1376247,35,245,2022
12,St Mary's Peak,PINALB,New,9/28/2022,29,31,11163,mature,9/28/2022,0.04211,-0.00125,0.049559999,0.0187,5,0,NA,1.24000001,Pinus albicaulus,Whitebark Pine,46.50029,-114.20339,6859,24.5,0.997200012,64.06,1.24,0.0187,6.851336898,2.5,6.41E-05,0.00016015,1.87E-05,3.425668449,8.564171123,4.21E-05,4.96E-05,125.187166,537.8196101,75.85871806,8.564171123,0.116765532,4.35E-08,3679.27428,708.9753476,125.187166,39,271,2022
12,St Mary's Peak,PINALB,Old,7/21/2022,29,31,11797,mature,7/21/2022,0.03249,-0.00131,0.035110001,0.01472,5,0,NA,1.029999971,Pinus albicaulus,Whitebark Pine,46.50029,-114.20339,6859,26,0.996810019,49.41,1.03,0.01472,6.713315217,2.5,4.94E-05,0.000123525,1.47E-05,3.356657609,8.391644022,3.25E-05,3.51E-05,120.7201047,523.5101772,87.1505622,8.391644022,0.119166163,3.39E-08,3639.08809,600.6962709,120.7201047,29,202,2022
12,St Mary's Peak,PINALB,Old,8/4/2022,29,31,11583,mature,8/4/2022,0.035560001,-0.00153,0.038369998,0.01644,5,0,NA,1.139999986,Pinus albicaulus,Whitebark Pine,46.50029,-114.20339,6859,26,0.996810019,70.13,1.14,0.01644,8.53163017,2.5,7.01E-05,0.000175325,1.64E-05,4.265815085,10.66453771,3.56E-05,3.84E-05,116.3017023,513.3167794,87.18651204,10.66453771,0.093768717,3.72E-08,4706.969818,588.7570994,116.3017023,31,216,2022
12,St Mary's Peak,PINALB,Old,9/2/2022,29,31,11320,mature,9/2/2022,0.047049999,-0.00096,0.052900001,0.021740001,5,0,NA,1.149999976,Pinus albicaulus,Whitebark Pine,46.50029,-114.20339,6859,25,0.997070014,74.83,1.15,0.02174,6.884084637,2.5,7.48E-05,0.000187075,2.17E-05,3.442042318,8.605105796,4.70E-05,5.29E-05,116.4213327,525.0833246,81.22592415,8.605105796,0.11621008,4.82E-08,3881.073434,646.4479538,116.4213327,35,245,2022
12,St Mary's Peak,PINALB,Old,9/28/2022,29,31,11151,mature,9/28/2022,0.029750001,-0.00082,0.035020001,0.01406,5,0,NA,1.110000014,Pinus albicaulus,Whitebark Pine,46.50029,-114.20339,6859,25,0.997070014,54.18,0.9,0.01406,7.706970128,2.5,5.42E-05,0.00013545,1.41E-05,3.853485064,9.63371266,2.98E-05,3.50E-05,111.5931776,NA,NA,9.63371266,0.103802141,3.07E-08,4413.1772,682.910297,111.5931776,39,271,2022
12,TV1,ABILAS,New,7/18/2022,10,6,11917,mature,7/19/2022,0.0084,-0.00105,0.00927,0.00254,5,0,NA,0.730000019,Abies lasiocarpa,Subalpine Fir,47.018,-114.014,6817,26,0.996810019,16.12,0.73,0.00254,12.69291339,2.2,1.61E-05,3.55E-05,2.54E-06,6.346456693,13.96220472,8.40E-06,9.27E-06,230.7086476,617.4761775,87.07280033,13.96220472,0.071621927,9.49E-09,3736.89016,709.149327,230.7086476,29,199,2022
12,TV1,ABILAS,New,8/1/2022,10,6,11452,mature,8/2/2022,0.01232,-0.00192,0.01334,0.00463,5,0,NA,0.589999974,Abies lasiocarpa,Subalpine Fir,47.018,-114.014,6817,27.5,0.996399999,23.9,0.59,0.00463,10.32397408,2.2,2.39E-05,5.26E-05,4.63E-06,5.161987041,11.35637149,1.23E-05,1.33E-05,166.090715,537.516585,88.28931925,11.35637149,0.088056293,1.43E-08,3675.243494,608.8126962,166.090715,31,213,2022
12,TV1,ABILAS,New,8/16/2022,10,6,11512,mature,8/16/2022,0.01062,-0.00132,0.01119,0.00455,5,0,NA,0.699999988,Abies lasiocarpa,Subalpine Fir,47.018,-114.014,6817,25.29999924,0.996990025,19.99,0.7,0.00455,8.786813187,2.2,2.00E-05,4.40E-05,4.55E-06,4.393406593,9.665494505,1.06E-05,1.12E-05,133.4065803,506.3108853,91.41566015,9.665494505,0.103460826,1.20E-08,3668.293474,553.8557447,133.4065803,33,228,2022
12,TV1,ABILAS,New,9/6/2022,10,6,11296,mature,9/6/2022,0.00902,-0.00146,0.00952,0.0039,5,0,NA,0.610000014,Abies lasiocarpa,Subalpine Fir,47.018,-114.014,6817,25,0.997070014,18.66,0.61,0.0039,9.569230769,2.2,1.87E-05,4.11E-05,3.90E-06,4.784615385,10.52615385,9.02E-06,9.52E-06,131.2820515,486.6049021,91.10320131,10.52615385,0.095001459,1.05E-08,3901.582998,534.1249211,131.2820515,36,249,2022
12,TV1,ABILAS,Old,7/18/2022,10,6,11929,mature,7/19/2022,0.00931,-0.00082,0.00979,0.00446,5,0,NA,0.709999979,Abies lasiocarpa,Subalpine Fir,47.018,-114.014,6817,25.5,0.996940017,20.3,0.71,0.00446,9.103139013,2.2,2.03E-05,4.47E-05,4.46E-06,4.551569507,10.01345291,9.31E-06,9.79E-06,108.7443882,476.8078412,90.99437214,10.01345291,0.099865651,1.02E-08,4390.564867,523.9970671,108.7443882,29,199,2022
12,TV1,ABILAS,Old,8/1/2022,10,6,11464,mature,8/2/2022,0.00842,-0.0016,0.00922,0.00384,5,0,NA,0.620000005,Abies lasiocarpa,Subalpine Fir,47.018,-114.014,6817,27.5,0.996399999,20.53,0.62,0.00384,10.69270833,2.2,2.05E-05,4.52E-05,3.84E-06,5.346354167,11.76197917,8.42E-06,9.22E-06,119.270835,454.9600633,85.13010342,11.76197917,0.085019703,1.01E-08,4486.621494,534.4291209,119.270835,31,213,2022
12,TV1,ABILAS,Old,8/16/2022,10,6,11524,mature,8/16/2022,0.00842,-0.00146,0.00941,0.00392,5,0,NA,0.699999988,Abies lasiocarpa,Subalpine Fir,47.018,-114.014,6817,25.29999924,0.996990025,16.95,0.7,0.00392,8.647959184,2.2,1.70E-05,3.73E-05,3.92E-06,4.323979592,9.512755102,8.42E-06,9.41E-06,114.7959121,453.6161154,81.96720422,9.512755102,0.105122018,9.92E-09,3758.965704,553.4117208,114.7959121,33,228,2022
12,TV1,ABILAS,Old,9/6/2022,10,6,11284,mature,9/6/2022,0.01042,-0.00115,0.0113,0.00489,5,0,NA,0.769999981,Abies lasiocarpa,Subalpine Fir,47.018,-114.014,6817,25,0.997070014,21.31,0.77,0.00489,8.715746421,2.2,2.13E-05,4.69E-05,4.89E-06,4.357873211,9.587321063,1.04E-05,1.13E-05,113.087939,476.0576904,86.27144884,9.587321063,0.104304423,1.16E-08,4035.901598,551.8137191,113.087939,36,249,2022
12,TV1,LAROCC,New,6/27/2022,10,5,11727,mature,6/27/2022,0.00738,-0.0009,0.00761,0.00188,5,0,NA,0.50999999,Larix occidentalis,Western Larch,47.018,-114.014,6817,25,0.997070014,24.69,0.51,0.00188,26.26595745,2,2.47E-05,4.94E-05,1.88E-06,13.13297872,26.26595745,7.38E-06,7.61E-06,292.5531843,661.6070966,95.98603236,26.26595745,0.038072094,8.31E-09,5940.028963,689.2743458,292.5531843,26,178,2022
12,TV1,LAROCC,New,8/1/2022,10,5,11500,mature,8/1/2022,0.00601,-0.00066,0.00715,0.0022,5,0,NA,0.519999981,Larix occidentalis,Western Larch,47.018,-114.014,6817,27.5,0.996399999,17.38,0.52,0.0022,15.8,2,1.74E-05,3.48E-05,2.20E-06,7.9,15.8,6.01E-06,7.15E-06,173.1818255,568.557855,76.96970022,15.8,0.063291139,6.70E-09,5187.157562,738.6774969,173.1818255,31,213,2022
12,TV1,LAROCC,New,8/16/2022,10,5,11536,mature,8/16/2022,0.0085,-0.00189,0.00989,0.00254,5,0,NA,0.519999981,Larix occidentalis,Western Larch,47.018,-114.014,6817,25.5,0.996940017,24.38,0.52,0.00254,19.19685039,2,2.44E-05,4.88E-05,2.54E-06,9.598425197,19.19685039,8.50E-06,9.89E-06,234.6456854,571.2705515,81.08843791,19.19685039,0.052091879,1.04E-08,4673.682887,704.503091,234.6456854,33,228,2022
12,TV1,LAROCC,New,9/6/2022,10,5,11332,mature,9/6/2022,0.00484,-0.00089,0.00574,0.00168,5,0,NA,0.349999994,Larix occidentalis,Western Larch,47.018,-114.014,6817,25,0.997070014,19.59,0.35,0.00168,23.32142857,2,1.96E-05,3.92E-05,1.68E-06,11.66071429,23.32142857,4.84E-06,5.74E-06,188.0952444,549.2882004,77.83251528,23.32142857,0.04287902,5.75E-09,6810.478211,705.7310154,188.0952444,36,249,2022
12,White Pine Creek,PINMON,New,6/21/2022,30,30,11667,mature,6/21/2022,0.0038,-0.00024,0.00435,0.00103,5,0,NA,0.610000014,Pinus monticola,Western White Pine,47.73889,-115.67531,3360,23.20000076,0.99752003,12.04,0.61,0.00103,23.37864078,2,1.20E-05,2.41E-05,1.03E-06,11.68932039,23.37864078,3.80E-06,4.35E-06,268.9320296,683.2228951,83.43373512,23.37864078,0.042774088,4.05E-09,5939.352776,818.8808689,268.9320296,25,172,2022
12,White Pine Creek,PINMON,New,7/25/2022,30,30,11773,mature,7/25/2022,0.01836,-0.00185,0.019780001,0.00668,5,0,NA,0.730000019,Pinus monticola,Western White Pine,47.73889,-115.67531,3360,25.5,0.996940017,35.15,0.73,0.00668,10.5239521,2,3.52E-05,7.03E-05,6.68E-06,5.261976048,10.5239521,1.84E-05,1.98E-05,174.8502965,575.5560677,89.16030147,10.5239521,0.095021339,2.03E-08,3464.177361,645.5295218,174.8502965,30,206,2022
12,White Pine Creek,PINMON,New,8/15/2022,30,30,11428,mature,8/15/2022,0.01668,-0.00194,0.017859999,0.00598,5,0,NA,0.74000001,Pinus monticola,Western White Pine,47.73889,-115.67531,3360,26,0.996810019,40.42,0.74,0.00598,13.51839465,2,4.04E-05,8.08E-05,5.98E-06,6.759197324,13.51839465,1.67E-05,1.79E-05,178.9297764,572.2140522,90.06734999,13.51839465,0.073973279,1.87E-08,4323.1572,635.3179618,178.9297764,33,227,2022
12,White Pine Creek,PINMON,New,9/20/2022,30,30,11139,mature,9/21/2022,0.022879999,-0.00271,0.02527,0.009,5,0,NA,0.709999979,Pinus monticola,Western White Pine,47.73889,-115.67531,3360,24.5,0.997200012,53.78,0.71,0.009,11.95111111,2,5.38E-05,0.00010756,9.00E-06,5.975555556,11.95111111,2.29E-05,2.53E-05,154.2222235,540.3108319,85.3103817,11.95111111,0.083674225,2.57E-08,4187.01982,633.347104,154.2222235,38,263,2022
12,White Pine Creek,PINMON,Old,6/21/2022,30,30,11655,mature,6/21/2022,0.020020001,-0.00078,0.024769999,0.01057,5,0,NA,0.769999981,Pinus monticola,Western White Pine,47.73889,-115.67531,3360,23.20000076,0.99752003,42.47,0.77,0.01057,8.035950804,2,4.25E-05,8.49E-05,1.06E-05,4.017975402,8.035950804,2.00E-05,2.48E-05,89.40398086,NA,NA,8.035950804,0.124440781,2.09E-08,4069.236381,680.2820014,89.40398086,25,172,2022
12,White Pine Creek,PINMON,Old,7/25/2022,30,30,11761,mature,7/25/2022,0.01341,-0.00172,0.016729999,0.0057,5,0,NA,0.660000026,Pinus monticola,Western White Pine,47.73889,-115.67531,3360,25.5,0.996940017,27.21,0.66,0.0057,9.547368421,2,2.72E-05,5.44E-05,5.70E-06,4.773684211,9.547368421,1.34E-05,1.67E-05,135.2631562,NA,NA,9.547368421,0.104740906,1.52E-08,3582.042359,726.0184581,135.2631562,30,206,2022
12,White Pine Creek,PINMON,Old,8/15/2022,30,30,11440,mature,8/15/2022,0.016009999,-0.00202,0.017519999,0.00679,5,0,NA,0.620000005,Pinus monticola,Western White Pine,47.73889,-115.67531,3360,26,0.996810019,NA,NA,NA,NA,NA,NA,NA,6.79E-06,NA,NA,1.60E-05,1.75E-05,135.7879147,509.2013985,85.92730701,NA,NA,1.81E-08,NA,592.5955511,NA,33,227,2022
12,White Pine Creek,PINMON,Old,9/20/2022,30,30,11127,mature,9/21/2022,0.02073,-0.00118,0.024560001,0.00968,5,0,NA,0.75,Pinus monticola,Western White Pine,47.73889,-115.67531,3360,24.5,0.997200012,60.38,0.75,0.00968,12.47520661,2,6.04E-05,0.00012076,9.68E-06,6.237603306,12.47520661,2.07E-05,2.46E-05,114.1528895,502.3939344,74.26074865,12.47520661,0.080158994,2.20E-08,5490.415594,676.5268914,114.1528895,38,263,2022
12,White Pine Creek,TSUHET,New,6/21/2022,30,29,11715,mature,6/22/2022,0.00211,-0.00043,0.00247,0.00046,5,0,NA,0.239999995,Tsuga heterophylla,Western Hemlock,47.73889,-115.67531,3360,23,0.997560024,10.5,0.24,0.00046,45.65217391,2,1.05E-05,2.10E-05,4.60E-07,22.82608696,45.65217391,2.11E-06,2.47E-06,358.6956423,647.3388487,82.08955431,45.65217391,0.021904762,2.55E-09,8238.858119,788.5763958,358.6956423,25,172,2022
12,White Pine Creek,TSUHET,New,7/25/2022,30,29,11809,mature,7/26/2022,0.00942,-0.00168,0.01051,0.00337,5,0,NA,0.460000008,Tsuga heterophylla,Western Hemlock,47.73889,-115.67531,3360,25,0.997070014,23.47,0.46,0.00337,13.92878338,2,2.35E-05,4.69E-05,3.37E-06,6.964391691,13.92878338,9.42E-06,1.05E-05,179.5252189,542.8754452,84.73388894,13.92878338,0.07179378,1.11E-08,4211.995625,640.6827917,179.5252189,30,206,2022
12,White Pine Creek,TSUHET,New,8/15/2022,30,29,11548,mature,8/15/2022,0.00839,-0.00144,0.00851,0.00315,5,0,NA,0.439999998,Tsuga heterophylla,Western Hemlock,47.73889,-115.67531,3360,26,0.996810019,21.16,0.44,0.00315,13.43492063,2,2.12E-05,4.23E-05,3.15E-06,6.717460317,13.43492063,8.39E-06,8.51E-06,166.3492089,530.8015455,97.76119439,13.43492063,0.074432892,9.87E-09,4286.931496,542.9573041,166.3492089,33,227,2022
12,White Pine Creek,TSUHET,New,9/20/2022,30,29,11115,mature,9/21/2022,0.00745,-0.00129,0.00777,0.00283,5,0,NA,0.400000006,Tsuga heterophylla,Western Hemlock,47.73889,-115.67531,3360,24.5,0.997200012,20.84,0.4,0.00283,14.72791519,2,2.08E-05,4.17E-05,2.83E-06,7.363957597,14.72791519,7.45E-06,7.77E-06,163.2508902,526.5686991,93.52226518,14.72791519,0.06789827,8.77E-09,4750.51586,563.0410021,163.2508902,38,263,2022
12,White Pine Creek,TSUHET,Old,6/21/2022,30,29,11703,mature,6/22/2022,0.00337,-0.00051,0.0038,0.00163,5,0,NA,0.479999989,Tsuga heterophylla,Western Hemlock,47.73889,-115.67531,3360,23,0.997560024,10.63,0.48,0.0038,5.594736842,2.2,1.06E-05,2.34E-05,1.63E-06,2.797368421,6.154210526,3.37E-06,3.80E-06,106.748475,446.8883017,80.18433212,6.154210526,0.069699818,3.89E-09,6006.281182,557.3262131,106.748475,25,172,2022
12,White Pine Creek,TSUHET,Old,7/25/2022,30,29,11821,mature,7/26/2022,0.00373,-0.00091,0.00432,0.00161,5,0,NA,0.449999988,Tsuga heterophylla,Western Hemlock,47.73889,-115.67531,3360,25,0.997070014,9.74,0.45,0.00161,12.09937888,2.2,9.74E-06,2.14E-05,1.61E-06,6.049689441,13.30931677,3.73E-06,4.32E-06,131.6770133,455.077829,78.22878671,13.30931677,0.075135339,4.66E-09,4599.720707,581.7268145,131.6770133,30,206,2022
12,White Pine Creek,TSUHET,Old,9/20/2022,30,29,11103,mature,9/21/2022,0.00883,-0.00087,0.01045,0.0037,5,0,NA,0.460000008,Tsuga heterophylla,Western Hemlock,47.73889,-115.67531,3360,24.5,0.997200012,19.99,0.46,0.0037,10.80540541,2.2,2.00E-05,4.40E-05,3.70E-06,5.402702703,11.88594595,8.83E-06,1.04E-05,138.6486409,526.829533,75.99999641,11.88594595,0.084132976,9.74E-09,4516.356822,693.1967867,138.6486409,38,263,2022
13,Blue Mountain,PINPON,New,9/20/2022,20,4,11200,mature,9/20/2022,0.044610001,-0.00042,0.05068,0.018619999,5,0,NA,0.870000005,Pinus ponderosa,Ponderosa Pine,46.82981,-114.11812,NA,24,0.997319996,NA,NA,NA,NA,NA,NA,NA,1.86E-05,NA,NA,4.46E-05,5.07E-05,139.5811109,575.0176294,81.06675299,NA,NA,4.52E-08,NA,709.3137547,NA,38,263,2022
