Num,species,foliage,SampleDate,TreeAge,SiteID,SpeciesID,ID,Expt Date,FreshWt,WeightWater,TurgidWeight,DryWt,Data Collection Site,ComputracMC,Notes,Diam,LFMC,VWM,RWC,Num_v2,test,H2Otemp,H2Odens,Safresh,Conversion,f.wt.kg,s.wt.kg,d.wt.kg,SA_m,SA_all_mm,SA_all_m,SLA_m_kg,LMA_kg_m,Vol_F_cm,Vol_F_m,Dens_g_cm,Dens_kg_m,SAV_m,k,mes.mech.LFMC,week.of.year,doy,year
1,PSEMEN,New,6/16/2021,mature,20,2,10419,6/16/2021,0.00879,-0.00246,0.01108,0.00247,5,0,NA,NA,255.8704666,559.3955059,73.40302713,1,0,26,0.996810019,23.869,2.3,8.79E-06,1.11E-05,2.47E-06,2.39E-05,54.8987,5.49E-05,22.2261948,0.044991957,0.01129791,1.13E-08,0.218624505,218.6245045,4859.19053,762.0877882,255.8704666,24,167,2021
1,PSEMEN,New,6/22/2021,mature,20,2,10455,6/22/2021,0.0119,-0.00217,0.0156,0.00326,5,0,NA,NA,265.0306933,611.4684626,70.0162123,1,0,26,0.996810019,30.886,2.3,1.19E-05,1.56E-05,3.26E-06,3.09E-05,71.0378,7.10E-05,21.7907368,0.04589106,0.01412992,1.41E-08,0.230716104,230.7161044,5027.473671,873.3241095,265.0306933,25,173,2021
1,PSEMEN,New,10/13/2021,mature,20,2,10539,10/13/2021,0.00967,-0.00082,0.01034,0.00368,5,0,NA,NA,162.7717222,569.1638961,89.93993948,1,0,22,0.997799993,23.9,2.3,9.67E-06,1.03E-05,3.68E-06,2.39E-05,54.97,5.50E-05,14.93749967,0.066945608,0.010524209,1.05E-08,0.349669989,349.6699886,5223.195647,632.826639,162.7717222,41,286,2021
1,PSEMEN,New,6/23/2022,mature,20,2,10731,6/23/2022,0.0087,-0.00135,0.01237,0.00175,5,0,NA,NA,397.1428488,688.9624422,65.44256426,1,0,24,0.997319996,24.93,2.3,8.70E-06,1.24E-05,1.75E-06,2.49E-05,57.339,5.73E-05,32.76514185,0.03052024,0.010087633,1.01E-08,0.173479753,173.4797526,5684.08879,1052.774215,397.1428488,25,174,2022
1,PSEMEN,New,6/30/2022,mature,20,2,10767,6/30/2022,0.01029,-0.00105,0.0111,0.00672,5,0,NA,1.210000038,53.1249961,313.6025849,81.50684597,1,0,24.5,0.997200012,27.77,2.3,1.03E-05,1.11E-05,6.72E-06,2.78E-05,63.871,6.39E-05,9.504613171,0.105212067,0.011383834,1.14E-08,0.590310776,590.3107759,5610.675721,384.7561283,53.1249961,26,181,2022
1,PSEMEN,New,7/6/2022,mature,20,2,10779,6/7/2022,0.01977,-0.00264,0.022050001,0.00549,5,0,NA,NA,260.1092989,634.5133463,86.23188114,1,0,26,0.996810019,37.32,2.3,1.98E-05,2.21E-05,5.49E-06,3.73E-05,85.836,8.58E-05,15.63497298,0.063959177,0.022505437,2.25E-08,0.243941054,243.9410536,3814.011673,735.8222248,260.1092989,27,187,2022
1,PSEMEN,New,7/14/2022,mature,20,2,10827,7/14/2022,0.01778,-0.00186,0.019060001,0.00558,5,0,NA,NA,218.6379925,618.547073,90.50444829,1,0,26,0.996810019,34.35,2.3,1.78E-05,1.91E-05,5.58E-06,3.44E-05,79.005,7.90E-05,14.15860186,0.070628443,0.01972364,1.97E-08,0.282909234,282.909234,4005.599228,683.4438358,218.6379925,28,195,2022
1,PSEMEN,New,7/20/2022,mature,20,2,10862,7/20/2022,0.01273,-0.00143,0.01523,0.00443,5,0,NA,NA,187.3588944,583.6724962,76.85184766,1,0,26,0.996810019,31.97,2.3,1.27E-05,1.52E-05,4.43E-06,3.20E-05,73.531,7.35E-05,16.5984191,0.060246701,0.014220303,1.42E-08,0.311526417,311.5264171,5170.846433,759.4775063,187.3588944,29,201,2022
1,PSEMEN,New,7/27/2022,mature,20,2,10815,7/27/2022,0.01459,-0.00146,0.01521,0.00547,5,0,NA,NA,166.7275914,565.6612085,93.63449604,1,0,27,0.99654001,23.45,2.3,1.46E-05,1.52E-05,5.47E-06,2.35E-05,53.935,5.39E-05,9.860145878,0.101418378,0.016122724,1.61E-08,0.339272689,339.2726887,3345.278359,604.1162525,166.7275914,30,208,2022
1,PSEMEN,New,8/3/2022,mature,20,2,10888,3/8/2022,0.01519,-0.00157,0.01582,0.00398,5,0,NA,NA,281.6582807,666.0180534,94.67904906,1,0,26,0.996810019,41.19,2.3,1.52E-05,1.58E-05,3.98E-06,4.12E-05,94.737,9.47E-05,23.80326611,0.042011041,0.016831375,1.68E-08,0.236463147,236.463147,5628.595374,703.4481863,281.6582807,31,215,2022
1,PSEMEN,New,8/10/2022,mature,20,2,10912,10/8/2022,0.01118,-0.00109,0.01153,0.00418,5,0,NA,NA,167.4641134,568.0037114,95.23810308,1,0,26.5,0.996680021,21.63,2.3,1.12E-05,1.15E-05,4.18E-06,2.16E-05,49.749,4.97E-05,11.90167418,0.084021793,0.012323863,1.23E-08,0.33917936,339.17936,4036.802253,596.4038479,167.4641134,32,222,2022
1,PSEMEN,New,8/18/2022,mature,20,2,10936,8/18/2022,0.02341,-0.00284,0.02509,0.00951,5,0,NA,NA,146.1619277,527.2782917,89.21694598,1,0,26,0.996810019,52.17,2.3,2.34E-05,2.51E-05,9.51E-06,5.22E-05,119.991,0.000119991,12.61734984,0.079255946,0.02636179,2.64E-08,0.360749399,360.7493993,4551.701511,591.0068832,146.1619277,33,230,2022
1,PSEMEN,New,8/25/2022,mature,20,2,10960,8/25/2022,0.01204,-0.00088,0.01282,0.00461,5,0,NA,NA,161.1713654,572.7882557,90.49939765,1,0,25,0.997070014,22.28,2.3,1.20E-05,1.28E-05,4.61E-06,2.23E-05,51.244,5.12E-05,11.11583471,0.089961755,0.012971635,1.30E-08,0.355390829,355.3908291,3950.465742,632.9194122,161.1713654,34,237,2022
1,PSEMEN,New,9/1/2022,mature,20,2,10984,9/1/2022,0.01073,-0.0007,0.01344,0.00409,5,0,NA,NA,162.3471971,578.539438,71.01604604,1,0,25.5,0.996940017,24.19,2.3,1.07E-05,1.34E-05,4.09E-06,2.42E-05,55.637,5.56E-05,13.60317867,0.07351223,0.011477178,1.15E-08,0.356359374,356.3593742,4847.620092,814.6601652,162.3471971,35,244,2022
1,PSEMEN,New,9/20/2022,mature,20,2,11008,9/20/2022,0.015930001,-0.0016,0.01754,0.00616,5,0,NA,NA,158.6039127,555.251161,85.85237597,1,0,24,0.997319996,35.07,2.3,1.59E-05,1.75E-05,6.16E-06,3.51E-05,80.661,8.07E-05,13.09431845,0.076369,0.017595643,1.76E-08,0.350086673,350.086673,4584.14638,646.7510709,158.6039127,38,263,2022
1,PSEMEN,New,10/31/2022,mature,20,2,11056,10/31/2022,0.021029999,-0.00115,0.022089999,0.00914,5,0,NA,NA,130.087528,534.3474852,91.81467385,1,0,21.79999924,0.997839987,29.29,2.3,2.10E-05,2.21E-05,9.14E-06,2.93E-05,67.367,6.74E-05,7.370569132,0.135674733,0.022251437,2.23E-08,0.410759986,410.759986,3027.534722,581.9848427,130.087528,44,304,2022
1,PSEMEN,New,11/28/2022,mature,20,2,11080,11/28/2022,0.01179,-0.00131,0.01448,0.00465,5,0,NA,NA,153.5483841,543.6426446,72.63478774,1,0,18.70000076,0.998489976,24.51,2.3,1.18E-05,1.45E-05,4.65E-06,2.45E-05,56.373,5.64E-05,12.12322576,0.082486297,0.013133627,1.31E-08,0.354052985,354.0529849,4292.264327,748.46043,153.5483841,48,332,2022
1,PSEMEN,Old,4/1/2021,mature,20,2,10262,1/4/2021,0.01062,-0.00017,0.01185,0.00485,5,0,NA,NA,118.9690624,533.0161657,82.42856457,1,0,22,0.997799993,16.862,2.3,1.06E-05,1.19E-05,4.85E-06,1.69E-05,38.7826,3.88E-05,7.996412135,0.125056086,0.010825187,1.08E-08,0.448029203,448.0292031,3582.626314,646.6401162,118.9690624,13,91,2021
1,PSEMEN,Old,4/6/2021,mature,20,2,10274,6/4/2021,0.01511,-0.00264,0.01546,0.00716,5,0,NA,NA,111.033519,446.216449,95.78312864,1,0,24,0.997319996,27.058,2.3,1.51E-05,1.55E-05,7.16E-06,2.71E-05,62.2334,6.22E-05,8.691815597,0.115050761,0.017816465,1.78E-08,0.401875446,401.8754459,3493.027266,465.8612172,111.033519,14,96,2021
1,PSEMEN,Old,4/13/2021,mature,20,2,10285,4/13/2021,0.01508,-0.00117,0.01584,0.00734,5,0,NA,NA,105.4495947,474.6451503,91.05883165,1,0,23,0.997560024,26.594,2.3,1.51E-05,1.58E-05,7.34E-06,2.66E-05,61.1662,6.12E-05,8.333269742,0.120000916,0.016306919,1.63E-08,0.450115676,450.1156759,3750.935298,521.2510876,105.4495947,15,103,2021
1,PSEMEN,Old,4/21/2021,mature,20,2,10321,4/21/2021,0.017170001,-0.00145,0.017960001,0.00923,5,0,NA,NA,86.02384489,425.1778957,90.95074584,1,0,20.5,0.998130023,33.323,2.3,1.72E-05,1.80E-05,9.23E-06,3.33E-05,76.6429,7.66E-05,8.303672836,0.120428637,0.018674538,1.87E-08,0.494255858,494.2558579,4104.138972,467.4814833,86.02384489,16,111,2021
1,PSEMEN,Old,4/27/2021,mature,20,2,10309,4/27/2021,0.01565,-0.00063,0.016100001,0.00756,5,0,NA,NA,107.0105924,495.4775321,94.73067768,1,0,20.5,0.998130023,34.097,2.3,1.57E-05,1.61E-05,7.56E-06,3.41E-05,78.4231,7.84E-05,10.37342617,0.096400166,0.016327684,1.63E-08,0.463017301,463.0173011,4803.075546,523.0380952,107.0105924,17,117,2021
1,PSEMEN,Old,4/30/2021,mature,20,2,10358,4/30/2021,0.0107,-0.00273,0.01303,0.00515,5,0,NA,NA,107.766995,411.6089281,70.43147714,1,0,25,0.997070014,22.571,2.3,1.07E-05,1.30E-05,5.15E-06,2.26E-05,51.9133,5.19E-05,10.08025223,0.099203867,0.013483673,1.35E-08,0.38194341,381.9434101,3850.08584,584.4104721,107.766995,18,120,2021
1,PSEMEN,Old,5/5/2021,mature,20,2,10382,5/5/2021,0.01667,-0.00027,0.01761,0.00903,5,0,NA,NA,84.60685761,449.4292904,89.04428178,1,0,23,0.997560024,43.314,2.3,1.67E-05,1.76E-05,9.03E-06,4.33E-05,99.6222,9.96E-05,11.03235843,0.09064245,0.016999336,1.70E-08,0.531197213,531.197213,5860.358321,504.7256055,84.60685761,18,125,2021
1,PSEMEN,Old,5/10/2021,mature,20,2,10394,10/5/2021,0.018759999,-0.00305,0.01977,0.00885,5,0,NA,NA,111.9773978,453.0017412,90.75090951,1,0,21,0.998019993,45.392,2.3,1.88E-05,1.98E-05,8.85E-06,4.54E-05,104.4016,0.000104402,11.79679114,0.084768815,0.021876294,2.19E-08,0.404547493,404.5474929,4772.362129,499.1704696,111.9773978,19,130,2021
1,PSEMEN,Old,5/14/2021,mature,20,2,10406,5/14/2021,0.01595,-0.00159,0.019789999,0.00882,5,0,NA,NA,80.83899914,405.03173,64.99544484,1,0,23.5,0.997439981,36.208,2.3,1.59E-05,1.98E-05,8.82E-06,3.62E-05,83.2784,8.33E-05,9.441995353,0.105909817,0.017603559,1.76E-08,0.501035054,501.0350545,4730.770733,623.1694098,80.83899914,20,134,2021
1,PSEMEN,Old,5/19/2021,mature,20,2,10515,5/19/2021,0.01293,-0.00033,0.0139,0.00692,5,0,NA,NA,86.84971193,451.6607942,86.10315866,1,0,23,0.997560024,25.312,2.3,1.29E-05,1.39E-05,6.92E-06,2.53E-05,58.2176,5.82E-05,8.412947889,0.1188644,0.013306446,1.33E-08,0.520048699,520.0486986,4375.142578,524.5577529,86.84971193,20,139,2021
1,PSEMEN,Old,5/24/2021,mature,20,2,10527,5/24/2021,0.01459,-0.00069,0.01505,0.00824,5,0,NA,NA,77.06309699,414.0255536,93.24523012,1,0,24,0.997319996,35.446,2.3,1.46E-05,1.50E-05,8.24E-06,3.54E-05,81.5258,8.15E-05,9.893907353,0.101072303,0.015337216,1.53E-08,0.537255246,537.2552458,5315.553915,444.0179439,77.06309699,21,144,2021
1,PSEMEN,Old,5/27/2021,mature,20,2,10370,5/27/2021,0.01235,-0.00124,0.01548,0.00613,5,0,NA,NA,101.4681928,455.8676158,66.52407138,1,0,25,0.997070014,35.131,2.3,1.24E-05,1.55E-05,6.13E-06,3.51E-05,80.8013,8.08E-05,13.18128851,0.075865117,0.013644312,1.36E-08,0.449271451,449.2714515,5921.976532,685.2671617,101.4681928,21,147,2021
1,PSEMEN,Old,6/1/2021,mature,20,2,10503,1/6/2021,0.01362,-0.00109,0.01488,0.00698,5,0,NA,NA,95.12894281,449.4794293,84.05064037,1,0,26,0.996810019,24.475,2.3,1.36E-05,1.49E-05,6.98E-06,2.45E-05,56.2925,5.63E-05,8.064828007,0.123995205,0.014772645,1.48E-08,0.472494935,472.4949349,3810.590324,534.7721651,95.12894281,22,152,2021
1,PSEMEN,Old,6/4/2021,mature,20,2,10467,4/6/2021,0.017680001,-0.00115,0.021430001,0.00976,5,0,NA,NA,81.14754974,418.9858733,67.86632497,1,0,24.5,0.997200012,40.291,2.3,1.77E-05,2.14E-05,9.76E-06,4.03E-05,92.6693,9.27E-05,9.494805511,0.105320746,0.018902787,1.89E-08,0.516325967,516.3259673,4902.414666,617.3693264,81.14754974,23,155,2021
1,PSEMEN,Old,6/9/2021,mature,20,2,10479,9/6/2021,0.01805,-0.00048,0.018650001,0.00963,5,0,NA,NA,87.43509514,452.7031022,93.34810646,1,0,24,0.997319996,36.097,2.3,1.81E-05,1.87E-05,9.63E-06,3.61E-05,83.0231,8.30E-05,8.621297831,0.115991817,0.018599386,1.86E-08,0.517759022,517.7590217,4463.75482,484.9622765,87.43509514,23,160,2021
1,PSEMEN,Old,6/16/2021,mature,20,2,10431,6/16/2021,0.01209,-0.00093,0.01501,0.00619,5,0,NA,NA,95.31502625,451.2273766,66.89342576,1,0,26,0.996810019,28.35,2.3,1.21E-05,1.50E-05,6.19E-06,2.84E-05,65.205,6.52E-05,10.53392551,0.094931372,0.013075448,1.31E-08,0.473406343,473.4063426,4986.827116,674.546671,95.31502625,24,167,2021
1,PSEMEN,Old,6/22/2021,mature,20,2,10443,6/22/2021,0.01233,-0.00043,0.01316,0.00607,5,0,NA,NA,103.130149,488.5151858,88.2933795,1,0,26,0.996810019,25.226,2.3,1.23E-05,1.32E-05,6.07E-06,2.52E-05,58.0198,5.80E-05,9.558451212,0.10461946,0.012814341,1.28E-08,0.473688045,473.688045,4527.72406,553.286315,103.130149,25,173,2021
1,PSEMEN,Old,10/13/2021,mature,20,2,10559,10/13/2021,0.01162,-0.00075,0.01247,0.00528,5,0,NA,NA,120.0757511,510.8643252,88.17801965,1,0,22,0.997799993,23.178,2.3,1.16E-05,1.25E-05,5.28E-06,2.32E-05,53.3094,5.33E-05,10.09647697,0.099044449,0.01241034,1.24E-08,0.425451689,425.4516887,4295.563299,579.3556345,120.0757511,41,286,2021
1,PSEMEN,Old,3/16/2022,mature,20,2,10579,3/16/2022,0.00881,-0.00147,0.00965,0.00377,5,0,NA,NA,133.6869868,488.786593,85.7142727,1,0,21,0.998019993,20.93,2.3,8.81E-06,9.65E-06,3.77E-06,2.09E-05,48.139,4.81E-05,12.76896529,0.078314881,0.010311248,1.03E-08,0.365620152,365.6201517,4668.591302,570.2511118,133.6869868,11,75,2022
1,PSEMEN,Old,3/30/2022,mature,20,2,10591,3/30/2022,0.00928,-0.00357,0.01124,0.00433,5,0,NA,NA,114.3187085,383.8694217,71.63531079,1,0,23,0.997560024,19.72,2.3,9.28E-06,1.12E-05,4.33E-06,1.97E-05,45.356,4.54E-05,10.47482701,0.09546697,0.01289501,1.29E-08,0.335788804,335.7888044,3517.329613,535.8662055,114.3187085,13,89,2022
1,PSEMEN,Old,4/13/2022,mature,20,2,10603,4/13/2022,0.01364,-0.00069,0.01651,0.00665,5,0,NA,NA,105.112779,486.2022976,70.8924875,1,0,22,0.997799993,30.382,2.3,1.36E-05,1.65E-05,6.65E-06,3.04E-05,69.8786,6.99E-05,10.50806034,0.095165042,0.014376731,1.44E-08,0.462552981,462.5529805,4860.534686,685.8304945,105.112779,15,103,2022
1,PSEMEN,Old,4/20/2022,mature,20,2,10614,4/20/2022,0.01009,1.00E-04,0.01158,0.00479,5,0,NA,NA,110.6471749,528.4876726,78.05596755,1,0,24.5,0.997200012,21.83,2.3,1.01E-05,1.16E-05,4.79E-06,2.18E-05,50.209,5.02E-05,10.4820456,0.095401226,0.010028616,1.00E-08,0.477633212,477.6332123,5006.57327,677.0624837,110.6471749,16,110,2022
1,PSEMEN,Old,4/27/2022,mature,20,2,10626,4/27/2022,0.01808,-0.00128,0.01853,0.00911,5,0,NA,NA,98.46322574,461.7092026,95.22292817,1,0,23,0.997560024,31.607,2.3,1.81E-05,1.85E-05,9.11E-06,3.16E-05,72.6961,7.27E-05,7.979813405,0.125316213,0.019427813,1.94E-08,0.468915369,468.9153693,3741.857183,484.8718806,98.46322574,17,117,2022
1,PSEMEN,Old,5/4/2022,mature,20,2,10638,4/5/2022,0.0123,-0.00188,0.01324,0.00593,NA,0,NA,NA,107.4198925,447.5483856,87.14089458,1,0,24,0.997319996,27.895,2.3,1.23E-05,1.32E-05,5.93E-06,2.79E-05,64.1585,6.42E-05,10.81930863,0.092427348,0.014233097,1.42E-08,0.416634539,416.6345386,4507.697779,513.5916813,107.4198925,18,124,2022
1,PSEMEN,Old,5/11/2022,mature,20,2,10651,11/5/2022,0.00564,-0.00086,0.00589,0.00266,NA,0,NA,NA,112.0300793,456.7512297,92.260061,1,0,24,0.997319996,11.921,2.3,5.64E-06,5.89E-06,2.66E-06,1.19E-05,27.4183,2.74E-05,10.30763159,0.097015497,0.006524339,6.52E-09,0.407704108,407.7041078,4202.463689,495.0692908,112.0300793,19,131,2022
1,PSEMEN,Old,5/18/2022,mature,20,2,10663,5/18/2022,0.01349,-0.00046,0.01622,0.00701,5,0,NA,NA,92.43937435,462.783227,70.35830741,1,0,24,0.997319996,25.751,2.3,1.35E-05,1.62E-05,7.01E-06,2.58E-05,59.2273,5.92E-05,8.448973105,0.118357579,0.014002236,1.40E-08,0.500634319,500.6343189,4229.845848,657.7520751,92.43937435,20,138,2022
1,PSEMEN,Old,5/26/2022,mature,20,2,10675,5/26/2022,0.00773,-0.00063,0.00921,0.00348,5,0,NA,NA,122.126445,506.4767021,74.17103553,1,0,24,0.997319996,15.873,2.3,7.73E-06,9.21E-06,3.48E-06,1.59E-05,36.5079,3.65E-05,10.490776,0.095321833,0.008391304,8.39E-09,0.414715029,414.7150286,4350.682303,682.8497115,122.126445,21,146,2022
1,PSEMEN,Old,6/1/2022,mature,20,2,10687,1/6/2022,0.01557,-0.00085,0.0165,0.0085,5,0,NA,NA,83.17645845,428.96616,88.37499799,1,0,24,0.997319996,27.06,2.3,1.56E-05,1.65E-05,8.50E-06,2.71E-05,62.238,6.22E-05,7.322117249,0.136572519,0.016481485,1.65E-08,0.51573022,515.7302198,3776.237385,485.39312,83.17645845,22,152,2022
1,PSEMEN,Old,6/8/2022,mature,20,2,10699,8/6/2022,0.01386,-3.00E-05,0.01668,0.00707,5,0,NA,NA,96.03961322,487.0172649,70.6555682,1,0,24,0.997319996,27.26,2.3,1.39E-05,1.67E-05,7.07E-06,2.73E-05,62.698,6.27E-05,8.868175618,0.112762765,0.013942012,1.39E-08,0.507100426,507.1004259,4497.055422,689.2836294,96.03961322,23,159,2022
1,PSEMEN,Old,6/16/2022,mature,20,2,10711,6/16/2022,0.01622,-1.00E-05,0.018130001,0.00878,5,0,NA,NA,84.73804112,456.7002228,79.57218332,1,0,24,0.997319996,32.83,2.3,1.62E-05,1.81E-05,8.78E-06,3.28E-05,75.509,7.55E-05,8.600114091,0.116277527,0.016290774,1.63E-08,0.53895537,538.9553698,4635.077669,573.9445667,84.73804112,24,167,2022
1,PSEMEN,Old,6/23/2022,mature,20,2,10743,6/23/2022,0.01458,-0.00073,0.017859999,0.00768,5,0,NA,NA,89.84375729,449.0045329,67.77996926,1,0,24,0.997319996,31.99,2.3,1.46E-05,1.79E-05,7.68E-06,3.20E-05,73.577,7.36E-05,9.580338784,0.104380442,0.015367329,1.54E-08,0.499761546,499.7615462,4787.884735,662.4442853,89.84375729,25,174,2022
1,PSEMEN,Old,6/30/2022,mature,20,2,10755,6/30/2022,0.01008,-0.00054,0.01046,0.00514,5,0,NA,1.320000052,96.10895604,463.3689642,92.85715786,1,0,24.5,0.997200012,29.57,2.3,1.01E-05,1.05E-05,5.14E-06,2.96E-05,68.011,6.80E-05,13.231712,0.07557601,0.010661051,1.07E-08,0.482128822,482.1288223,6379.389536,499.01265,96.10895604,26,181,2022
1,PSEMEN,Old,7/6/2022,mature,20,2,10791,6/7/2022,0.01615,-0.00027,0.0184,0.00836,5,0,NA,NA,93.18180552,472.4712475,77.5896333,1,0,25.5,0.996940017,26.64,2.3,1.61E-05,1.84E-05,8.36E-06,2.66E-05,61.272,6.13E-05,7.329186316,0.136440794,0.016487775,1.65E-08,0.50704235,507.04235,3716.208097,608.936049,93.18180552,27,187,2022
1,PSEMEN,Old,7/14/2022,mature,20,2,10838,7/14/2022,0.01048,-0.00139,0.01291,0.00427,5,0,NA,NA,145.4332531,520.9490914,71.87499646,1,0,26,0.996810019,25.12,2.3,1.05E-05,1.29E-05,4.27E-06,2.51E-05,57.776,5.78E-05,13.53067942,0.073906119,0.01192055,1.19E-08,0.358204934,358.2049339,4846.756157,724.7987716,145.4332531,28,195,2022
1,PSEMEN,Old,7/20/2022,mature,20,2,10850,7/20/2022,0.00876,-0.00086,0.0091,0.00366,5,0,NA,NA,139.3442573,527.8973778,93.74998716,1,0,26,0.996810019,NA,2.3,8.76E-06,9.10E-06,3.66E-06,NA,NA,NA,NA,NA,0.009660968,9.66E-09,0.378844006,378.8440064,NA,563.0906134,NA,29,201,2022
1,PSEMEN,Old,7/27/2022,mature,20,2,10803,7/27/2022,0.01317,-0.00113,0.015769999,0.00566,5,0,NA,NA,132.6855239,522.805957,74.28289426,1,0,27,0.99654001,29.6,2.3,1.32E-05,1.58E-05,5.66E-06,2.96E-05,68.08,6.81E-05,12.02826899,0.083137482,0.014364795,1.44E-08,0.394018855,394.018855,4739.364551,703.8039675,132.6855239,30,208,2022
1,PSEMEN,Old,8/3/2022,mature,20,2,10876,3/8/2022,0.00913,-0.00161,0.01042,0.00379,5,0,NA,NA,140.897102,495.0982465,80.54298633,1,0,26,0.996810019,20.89,2.3,9.13E-06,1.04E-05,3.79E-06,2.09E-05,48.047,4.80E-05,12.67730875,0.078881095,0.010785738,1.08E-08,0.35138995,351.3899498,4454.678799,614.7006326,140.897102,31,215,2022
1,PSEMEN,Old,8/10/2022,mature,20,2,10900,10/8/2022,0.01294,-0.00092,0.01589,0.00524,5,0,NA,NA,146.9465682,553.1274291,72.30046546,1,0,26.5,0.996680021,22.61,2.3,1.29E-05,1.59E-05,5.24E-06,2.26E-05,52.003,5.20E-05,9.924236919,0.100763415,0.013920843,1.39E-08,0.376413988,376.4139881,3735.621539,765.0399283,146.9465682,32,222,2022
1,PSEMEN,Old,8/18/2022,mature,20,2,10924,8/18/2022,0.01238,-0.00114,0.01349,0.00567,5,0,NA,NA,118.3421604,494.1971685,85.80563155,1,0,26,0.996810019,28.67,2.3,1.24E-05,1.35E-05,5.67E-06,2.87E-05,65.941,6.59E-05,11.62980627,0.085985955,0.013577577,1.36E-08,0.417600274,417.6002737,4856.610113,575.949573,118.3421604,33,230,2022
1,PSEMEN,Old,8/25/2022,mature,20,2,10948,8/25/2022,0.01023,-0.00142,0.01258,0.00431,5,0,NA,NA,137.3549792,506.1317426,71.58404069,1,0,25,0.997070014,21.33,2.3,1.02E-05,1.26E-05,4.31E-06,2.13E-05,49.059,4.91E-05,11.38259802,0.087853406,0.011696559,1.17E-08,0.368484437,368.4844366,4194.310396,707.0455058,137.3549792,34,237,2022
1,PSEMEN,Old,9/1/2022,mature,20,2,10972,9/1/2022,0.00874,-0.00038,0.011,0.00375,5,0,NA,NA,133.0666833,544.9000412,68.82759302,1,0,25.5,0.996940017,19.5,2.3,8.74E-06,1.10E-05,3.75E-06,1.95E-05,44.85,4.49E-05,11.96000027,0.083612038,0.009157643,9.16E-09,0.409493997,409.4939969,4897.547966,791.6883583,133.0666833,35,244,2022
1,PSEMEN,Old,9/20/2022,mature,20,2,10996,9/20/2022,0.00925,-0.00076,0.01154,0.00391,5,0,NA,NA,136.5728949,531.47641,69.98689252,1,0,24,0.997319996,20.22,2.3,9.25E-06,1.15E-05,3.91E-06,2.02E-05,46.506,4.65E-05,11.89411774,0.084075172,0.010047483,1.00E-08,0.389152197,389.1521974,4628.621954,759.3942107,136.5728949,38,263,2022
1,PSEMEN,Old,10/12/2022,mature,20,2,11032,10/12/2022,0.01046,-0.00132,0.01105,0.00508,5,0,NA,NA,105.9055017,455.5095134,90.11724759,1,0,19,0.998430014,25.56,2.3,1.05E-05,1.10E-05,5.08E-06,2.56E-05,58.788,5.88E-05,11.57244087,0.086412194,0.011810949,1.18E-08,0.430109378,430.1093781,4977.415548,505.4631889,105.9055017,41,285,2022
1,PSEMEN,Old,10/31/2022,mature,20,2,11044,10/31/2022,0.01308,-0.00029,0.01562,0.00594,5,0,NA,NA,120.202017,532.3169025,73.76033192,1,0,21.79999924,0.997839987,19.94,2.3,1.31E-05,1.56E-05,5.94E-06,1.99E-05,45.862,4.59E-05,7.720875342,0.129518993,0.013413063,1.34E-08,0.442851882,442.851882,3419.204226,721.684527,120.202017,44,304,2022
1,PSEMEN,Old,11/28/2022,mature,20,2,11068,11/28/2022,0.00833,-0.00092,0.00905,0.00372,5,0,NA,NA,123.9247261,497.1023139,86.49154309,1,0,18.70000076,0.998489976,18.22,2.3,8.33E-06,9.05E-06,3.72E-06,1.82E-05,41.906,4.19E-05,11.265054,0.088770103,0.009273745,9.27E-09,0.401132463,401.1324629,4518.77893,574.7409471,123.9247261,48,332,2022
10,PSEMEN,New,6/16/2021,mature,20,2,10428,6/16/2021,0.00662,-0.001,0.00721,0.00159,5,0,NA,NA,316.3522086,657.3057355,89.50178219,10,0,26,0.996810019,18.153,2.3,6.62E-06,7.21E-06,1.59E-06,1.82E-05,41.7519,4.18E-05,26.25905661,0.038082099,0.007652451,7.65E-09,0.207776564,207.7765641,5456.016442,734.4051922,316.3522086,24,167,2021
10,PSEMEN,New,6/22/2021,mature,20,2,10464,6/22/2021,0.00575,-0.00058,0.0068,0.00156,5,0,NA,NA,268.5897433,659.1203505,79.96183088,10,0,26,0.996810019,16.8,2.3,5.75E-06,6.80E-06,1.56E-06,1.68E-05,38.64,3.86E-05,24.7692307,0.040372671,0.006356957,6.36E-09,0.245400417,245.4004166,6078.379547,824.2937202,268.5897433,25,173,2021
10,PSEMEN,New,10/13/2021,mature,20,2,10548,10/13/2021,0.00899,-0.00114,0.00964,0.0038,5,0,NA,NA,136.5789434,510.6742245,88.86986553,10,0,22,0.997799993,22.565,2.3,8.99E-06,9.64E-06,3.80E-06,2.26E-05,51.8995,5.19E-05,13.65776293,0.073218433,0.010163035,1.02E-08,0.373904059,373.9040593,5106.693108,574.631481,136.5789434,41,286,2021
10,PSEMEN,New,6/23/2022,mature,20,2,10740,6/23/2022,0.00746,-0.00119,0.0104,0.00162,5,0,NA,NA,360.493828,672.6258412,66.51480611,10,0,24,0.997319996,20.57,2.3,7.46E-06,1.04E-05,1.62E-06,2.06E-05,47.311,4.73E-05,29.20432107,0.034241508,0.00868239,8.68E-09,0.186584565,186.584565,5449.075545,1011.242279,360.493828,25,174,2022
10,PSEMEN,New,6/30/2022,mature,20,2,10776,6/30/2022,0.01038,-0.00134,0.01176,0.00258,5,0,NA,1.360000014,302.3255629,662.9663386,84.96731748,10,0,24.5,0.997200012,39.1,2.3,1.04E-05,1.18E-05,2.58E-06,3.91E-05,89.93,8.99E-05,34.85658796,0.028688981,0.011765303,1.18E-08,0.219288869,219.2888687,7643.662109,780.2604087,302.3255629,26,181,2022
10,PSEMEN,New,7/6/2022,mature,20,2,10788,6/7/2022,0.00867,-0.00114,0.01128,0.00256,5,0,NA,NA,238.6718976,620.1926667,70.06881,10,0,26,0.996810019,17.06,2.3,8.67E-06,1.13E-05,2.56E-06,1.71E-05,39.238,3.92E-05,15.32734414,0.065242875,0.009851778,9.85E-09,0.259851582,259.8515821,3982.834397,885.1194515,238.6718976,27,187,2022
10,PSEMEN,New,7/14/2022,mature,20,2,10836,7/14/2022,0.017139999,-0.00163,0.018209999,0.00634,5,0,NA,NA,170.346997,572.9462533,90.98567591,10,0,26,0.996810019,33.09,2.3,1.71E-05,1.82E-05,6.34E-06,3.31E-05,76.107,7.61E-05,12.00425896,0.083303768,0.018849934,1.88E-08,0.336340694,336.3406939,4037.52066,629.7103885,170.346997,28,195,2022
10,PSEMEN,New,7/20/2022,mature,20,2,10871,7/20/2022,0.01003,-0.00063,0.01117,0.0036,5,0,NA,NA,178.6111031,600.6315851,84.94055068,10,0,26,0.996810019,24.1,2.3,1.00E-05,1.12E-05,3.60E-06,2.41E-05,55.43,5.54E-05,15.39722249,0.064946779,0.010705397,1.07E-08,0.336278966,336.2789661,5177.762182,707.1199566,178.6111031,29,201,2022
10,PSEMEN,New,7/27/2022,mature,20,2,10824,7/27/2022,0.017759999,-0.00185,0.01835,0.00635,5,0,NA,NA,179.6850311,579.2214718,95.08333067,10,0,27,0.99654001,26.1,2.3,1.78E-05,1.83E-05,6.35E-06,2.61E-05,60.03,6.00E-05,9.453543421,0.105780442,0.019698854,1.97E-08,0.322353778,322.3537781,3047.385361,609.1724677,179.6850311,30,208,2022
10,PSEMEN,New,8/3/2022,mature,20,2,10897,3/8/2022,0.01121,-0.00091,0.01172,0.00407,5,0,NA,NA,175.429993,586.6107473,93.33333739,10,0,26,0.996810019,27.41,2.3,1.12E-05,1.17E-05,4.07E-06,2.74E-05,63.043,6.30E-05,15.48968138,0.064559107,0.012171615,1.22E-08,0.334384545,334.3845453,5179.509738,628.5114877,175.429993,31,215,2022
10,PSEMEN,New,8/10/2022,mature,20,2,10921,10/8/2022,0.01781,-0.00208,0.0187,0.0064,5,0,NA,NA,178.2812587,571.1478766,92.76422937,10,0,26.5,0.996680021,41.76,2.3,1.78E-05,1.87E-05,6.40E-06,4.18E-05,96.048,9.60E-05,15.00750038,0.066633348,0.019977314,2.00E-08,0.320363396,320.3633956,4807.853634,615.6984006,178.2812587,32,222,2022
10,PSEMEN,New,8/18/2022,mature,20,2,10945,8/18/2022,0.01688,-0.00125,0.01784,0.00623,5,0,NA,NA,170.9470332,584.9331223,91.73126731,10,0,26,0.996810019,38.31,2.3,1.69E-05,1.78E-05,6.23E-06,3.83E-05,88.113,8.81E-05,14.14333882,0.070704663,0.01820721,1.82E-08,0.342172143,342.1721432,4839.456514,637.6594802,170.9470332,33,230,2022
10,PSEMEN,New,8/25/2022,mature,20,2,10969,8/25/2022,0.01588,-0.00171,0.019859999,0.00589,5,0,NA,NA,169.6094984,565.6755985,71.51038096,10,0,25,0.997070014,34.14,2.3,1.59E-05,1.99E-05,5.89E-06,3.41E-05,78.522,7.85E-05,13.33140884,0.075010827,0.017660298,1.77E-08,0.333516451,333.5164506,4446.244312,791.0398335,169.6094984,34,237,2022
10,PSEMEN,New,9/1/2022,mature,20,2,10993,9/1/2022,0.00822,-0.00096,0.00884,0.00323,5,0,NA,NA,154.4891768,541.3385939,88.94830612,10,0,25.5,0.996940017,19.1,2.3,8.22E-06,8.84E-06,3.23E-06,1.91E-05,43.93,4.39E-05,13.60061955,0.073526062,0.009217891,9.22E-09,0.35040553,350.4055298,4765.732086,608.5991038,154.4891768,35,244,2022
10,PSEMEN,New,9/20/2022,mature,20,2,11017,9/20/2022,0.0104,-0.0016,0.0113,0.00405,5,0,NA,NA,156.7901175,527.1925711,87.58620273,10,0,24,0.997319996,21.89,2.3,1.04E-05,1.13E-05,4.05E-06,2.19E-05,50.347,5.03E-05,12.4313577,0.080441736,0.012044934,1.20E-08,0.336240935,336.2409348,4179.931449,601.9128067,156.7901175,38,263,2022
10,PSEMEN,New,10/31/2022,mature,20,2,11065,10/31/2022,0.01292,-0.00047,0.01327,0.00525,5,0,NA,NA,146.0952349,570.9765074,95.63590606,10,0,21.79999924,0.997839987,22.15,2.3,1.29E-05,1.33E-05,5.25E-06,2.22E-05,50.945,5.09E-05,9.703809655,0.10305231,0.013433127,1.34E-08,0.390824862,390.8248621,3792.490117,597.031524,146.0952349,44,304,2022
10,PSEMEN,New,11/28/2022,mature,20,2,11089,11/28/2022,0.00913,-0.00113,0.01147,0.00397,5,0,NA,NA,129.9748168,501.6362968,68.7999996,10,0,18.70000076,0.998489976,21.96,2.3,9.13E-06,1.15E-05,3.97E-06,2.20E-05,50.508,5.05E-05,12.72241826,0.078601409,0.010286337,1.03E-08,0.385948848,385.948848,4910.202562,729.1225287,129.9748168,48,332,2022
10,PSEMEN,Old,4/1/2021,mature,20,2,10271,1/4/2021,0.01275,-0.00106,0.01317,0.00569,5,0,NA,NA,124.0773237,509.5620094,94.38502144,10,0,22,0.997799993,13.725,2.3,1.27E-05,1.32E-05,5.69E-06,1.37E-05,31.5675,3.16E-05,5.547891017,0.180248674,0.013855036,1.39E-08,0.410681005,410.6810055,2278.413501,539.8759269,124.0773237,13,91,2021
10,PSEMEN,Old,4/6/2021,mature,20,2,10283,6/4/2021,0.016100001,-0.00203,0.01654,0.00755,5,0,NA,NA,113.2450349,469.8347347,95.10567714,10,0,24,0.997319996,30.266,2.3,1.61E-05,1.65E-05,7.55E-06,3.03E-05,69.6118,6.96E-05,9.2201057,0.108458626,0.018197889,1.82E-08,0.414883278,414.883278,3825.267853,494.0133427,113.2450349,14,96,2021
10,PSEMEN,Old,4/13/2021,mature,20,2,10294,4/13/2021,0.00924,-0.00136,0.01116,0.00437,5,0,NA,NA,111.4416276,457.830267,71.72311272,10,0,23,0.997560024,18.488,2.3,9.24E-06,1.12E-05,4.37E-06,1.85E-05,42.5224,4.25E-05,9.730525841,0.102769369,0.010637129,1.06E-08,0.410825143,410.8251431,3997.545029,638.3301695,111.4416276,15,103,2021
10,PSEMEN,Old,4/21/2021,mature,20,2,10330,4/21/2021,0.01396,-0.00113,0.01698,0.00713,5,0,NA,NA,95.7924334,451.295814,69.34010454,10,0,20.5,0.998130023,18.966,2.3,1.40E-05,1.70E-05,7.13E-06,1.90E-05,43.6218,4.36E-05,6.11806468,0.163450381,0.015134198,1.51E-08,0.471118452,471.118452,2882.333063,650.8438616,95.7924334,16,111,2021
10,PSEMEN,Old,4/27/2021,mature,20,2,10318,4/27/2021,0.01572,-0.00144,0.01629,0.00751,5,0,NA,NA,109.3209145,477.04101,93.50798142,10,0,20.5,0.998130023,27.496,2.3,1.57E-05,1.63E-05,7.51E-06,2.75E-05,63.2408,6.32E-05,8.420878931,0.11875245,0.017210261,1.72E-08,0.436367581,436.3675806,3674.598413,510.16074,109.3209145,17,117,2021
10,PSEMEN,Old,4/30/2021,mature,20,2,10367,4/30/2021,0.01405,-0.00106,0.01526,0.00709,5,0,NA,NA,98.16643733,458.7885733,85.18972506,10,0,25,0.997070014,28.578,2.3,1.41E-05,1.53E-05,7.09E-06,2.86E-05,65.7294,6.57E-05,9.270719362,0.107866495,0.015170387,1.52E-08,0.467357887,467.3578866,4332.743681,538.5491889,98.16643733,18,120,2021
10,PSEMEN,Old,5/5/2021,mature,20,2,10391,5/5/2021,0.00797,-0.00114,0.00861,0.00381,5,0,NA,NA,109.1863485,455.0471425,86.66666214,10,0,23,0.997560024,19.799,2.3,7.97E-06,8.61E-06,3.81E-06,1.98E-05,45.5377,4.55E-05,11.95215252,0.083666938,0.00914191,9.14E-09,0.416761932,416.7619316,4981.202251,525.0544226,109.1863485,18,125,2021
10,PSEMEN,Old,5/10/2021,mature,20,2,10403,10/5/2021,0.00959,-0.00095,0.01011,0.00474,5,0,NA,NA,102.3206831,458.7573471,90.31656988,10,0,21,0.998019993,20.746,2.3,9.59E-06,1.01E-05,4.74E-06,2.07E-05,47.7158,4.77E-05,10.06662496,0.09933816,0.010572038,1.06E-08,0.448352525,448.3525249,4513.396531,507.9437225,102.3206831,19,130,2021
10,PSEMEN,Old,5/14/2021,mature,20,2,10415,5/14/2021,0.00682,-0.00016,0.00821,0.0034,5,0,NA,NA,100.5882261,488.2022528,71.10187135,10,0,23.5,0.997439981,16.318,2.3,6.82E-06,8.21E-06,3.40E-06,1.63E-05,37.5314,3.75E-05,11.03864691,0.090590813,0.007005293,7.01E-09,0.485347291,485.3472914,5357.577623,686.6236339,100.5882261,20,134,2021
10,PSEMEN,Old,5/19/2021,mature,20,2,10524,5/19/2021,0.01542,-0.00088,0.01591,0.00794,5,0,NA,NA,94.20655187,457.2939372,93.85195032,10,0,23,0.997560024,30.949,2.3,1.54E-05,1.59E-05,7.94E-06,3.09E-05,71.1827,7.12E-05,8.965075654,0.111543956,0.016357094,1.64E-08,0.485416284,485.4162843,4351.793651,487.2503295,94.20655187,20,139,2021
10,PSEMEN,Old,5/24/2021,mature,20,2,10536,5/24/2021,0.016620001,-0.00123,0.01994,0.00812,5,0,NA,NA,104.679804,474.41402,71.91201948,10,0,24,0.997319996,36.804,2.3,1.66E-05,1.99E-05,8.12E-06,3.68E-05,84.6492,8.46E-05,10.42477786,0.095925305,0.017916841,1.79E-08,0.453204895,453.2048947,4724.560597,659.7145003,104.679804,21,144,2021
10,PSEMEN,Old,5/27/2021,mature,20,2,10379,5/27/2021,0.01278,-0.00108,0.01572,0.00715,5,0,NA,NA,78.74126608,404.5879975,65.69428409,10,0,25,0.997070014,29.821,2.3,1.28E-05,1.57E-05,7.15E-06,2.98E-05,68.5883,6.86E-05,9.592769283,0.104245184,0.013915391,1.39E-08,0.51381954,513.8195405,4928.952133,615.8648398,78.74126608,21,147,2021
10,PSEMEN,Old,6/1/2021,mature,20,2,10512,1/6/2021,0.018689999,-0.00124,0.02272,0.00978,5,0,NA,NA,91.10428861,445.16888,68.85625597,10,0,26,0.996810019,36.97,2.3,1.87E-05,2.27E-05,9.78E-06,3.70E-05,85.031,8.50E-05,8.69437631,0.115016876,0.020014874,2.00E-08,0.488636591,488.6365907,4248.390305,646.5191488,91.10428861,22,152,2021
10,PSEMEN,Old,6/4/2021,mature,20,2,10476,4/6/2021,0.0142,-0.00119,0.017969999,0.00704,5,0,NA,NA,101.7045452,463.4457411,65.50778066,10,0,24.5,0.997200012,37.78,2.3,1.42E-05,1.80E-05,7.04E-06,3.78E-05,86.894,8.69E-05,12.34289763,0.081018253,0.015449489,1.54E-08,0.455678494,455.6784937,5624.393019,707.4667107,101.7045452,23,155,2021
10,PSEMEN,Old,6/9/2021,mature,20,2,10488,9/6/2021,0.01136,-0.0014,0.01167,0.00577,5,0,NA,NA,96.88040842,436.4534441,94.74576195,10,0,24,0.997319996,23.898,2.3,1.14E-05,1.17E-05,5.77E-06,2.39E-05,54.9654,5.50E-05,9.526065588,0.104975133,0.01280778,1.28E-08,0.450507418,450.5074176,4291.563385,460.657485,96.88040842,23,160,2021
10,PSEMEN,Old,6/16/2021,mature,20,2,10440,6/16/2021,0.01756,-0.00153,0.02149,0.00916,5,0,NA,NA,91.7030545,438.1549864,68.12651666,10,0,26,0.996810019,32.089,2.3,1.76E-05,2.15E-05,9.16E-06,3.21E-05,73.8047,7.38E-05,8.057281748,0.124111336,0.019171298,1.92E-08,0.477797588,477.7975876,3849.749819,643.1489644,91.7030545,24,167,2021
10,PSEMEN,Old,6/22/2021,mature,20,2,10452,6/22/2021,0.01692,-0.00074,0.01792,0.00958,5,0,NA,NA,76.61795176,413.8660111,88.00959061,10,0,26,0.996810019,30.55,2.3,1.69E-05,1.79E-05,9.58E-06,3.06E-05,70.265,7.03E-05,7.334550916,0.136340999,0.017735208,1.77E-08,0.540168453,540.1684535,3961.893083,470.2510354,76.61795176,25,173,2021
10,PSEMEN,Old,10/13/2021,mature,20,2,10568,10/13/2021,0.01795,-0.0058,0.01921,0.00825,5,0,NA,NA,117.5757617,407.0934912,88.50365519,10,0,22,0.997799993,39.627,2.3,1.80E-05,1.92E-05,8.25E-06,3.96E-05,91.1421,9.11E-05,11.04752733,0.090517993,0.023827451,2.38E-08,0.346239302,346.2393019,3825.088102,459.9736478,117.5757617,41,286,2021
10,PSEMEN,Old,3/16/2022,mature,20,2,10588,3/16/2022,0.01167,-0.00127,0.01326,0.00495,5,0,damaged,NA,135.7575754,517.746158,80.86642134,10,0,21,0.998019993,21.44,2.3,1.17E-05,1.33E-05,4.95E-06,2.14E-05,49.312,4.93E-05,9.962020256,0.100381245,0.012979333,1.30E-08,0.381375519,381.375519,3799.270647,640.248634,135.7575754,11,75,2022
10,PSEMEN,Old,3/30/2022,mature,20,2,10600,3/30/2022,0.01054,-0.0009,0.01075,0.00515,5,0,NA,NA,104.6601934,469.5092835,96.24999657,10,0,23,0.997560024,19.3,2.3,1.05E-05,1.08E-05,5.15E-06,1.93E-05,44.39,4.44E-05,8.61941731,0.116017123,0.011480071,1.15E-08,0.44860349,448.6034901,3866.700714,487.8018704,104.6601934,13,89,2022
10,PSEMEN,Old,4/13/2022,mature,20,2,10612,4/13/2022,0.00505,-0.00045,0.00617,0.00231,5,0,NA,NA,118.6147201,496.5624826,70.98445258,10,0,22,0.997799993,32.324,2.3,5.05E-06,6.17E-06,2.31E-06,3.23E-05,74.3452,7.43E-05,32.18407074,0.031071272,0.005517936,5.52E-09,0.418634792,418.6347923,13473.37165,699.5369613,118.6147201,15,103,2022
10,PSEMEN,Old,4/20/2022,mature,20,2,10623,4/20/2022,0.0101,-0.0004,0.01025,0.00514,5,0,NA,NA,96.49804594,470.5619973,97.06456617,10,0,24.5,0.997200012,23.44,2.3,1.01E-05,1.03E-05,5.14E-06,2.34E-05,53.912,5.39E-05,10.48871591,0.095340555,0.010540587,1.05E-08,0.487638866,487.638866,5114.705751,484.7927682,96.49804594,16,110,2022
10,PSEMEN,Old,4/27/2022,mature,20,2,10635,4/27/2022,0.01148,-0.00213,0.0139,0.0056,5,0,NA,NA,105.000005,430.5272611,70.84337544,10,0,23,0.997560024,32.615,2.3,1.15E-05,1.39E-05,5.60E-06,3.26E-05,75.0145,7.50E-05,13.39544691,0.074652231,0.013657672,1.37E-08,0.410025952,410.0259517,5492.480756,607.7170355,105.000005,17,117,2022
10,PSEMEN,Old,5/4/2022,mature,20,2,10647,4/5/2022,0.00974,-0.00182,0.01006,0.00541,5,0,NA,NA,80.03695508,373.1700892,93.11826725,10,0,24,0.997319996,25.116,2.3,9.74E-06,1.01E-05,5.41E-06,2.51E-05,57.7668,5.78E-05,10.67778146,0.093652413,0.011603287,1.16E-08,0.466247202,466.2472016,4978.48607,400.7485322,80.03695508,18,124,2022
10,PSEMEN,Old,5/11/2022,mature,20,2,10660,11/5/2022,0.0109,-0.00065,0.01345,0.00535,5,0,NA,NA,103.7383112,478.7268576,68.51851532,10,0,24,0.997319996,26.183,2.3,1.09E-05,1.35E-05,5.35E-06,2.62E-05,60.2209,6.02E-05,11.25624252,0.088839593,0.011593249,1.16E-08,0.461475453,461.4754532,5194.479787,698.6824735,103.7383112,19,131,2022
10,PSEMEN,Old,5/18/2022,mature,20,2,10672,5/18/2022,0.00989,-0.00061,0.01209,0.00526,5,0,NA,NA,88.02281988,439.307398,67.78916712,10,0,24,0.997319996,19.06,2.3,9.89E-06,1.21E-05,5.26E-06,1.91E-05,43.838,4.38E-05,8.334220524,0.119987226,0.010539318,1.05E-08,0.499083546,499.0835462,4159.472212,648.0495581,88.02281988,20,138,2022
10,PSEMEN,Old,5/26/2022,mature,20,2,10684,5/26/2022,0.01209,-0.00069,0.01486,0.00524,5,0,NA,NA,130.7252035,533.9942042,71.2058216,10,0,24,0.997319996,21.922,2.3,1.21E-05,1.49E-05,5.24E-06,2.19E-05,50.4206,5.04E-05,9.622252178,0.103925773,0.012827855,1.28E-08,0.40848606,408.48606,3930.555667,749.9305425,130.7252035,21,146,2022
10,PSEMEN,Old,6/1/2022,mature,20,2,10696,1/6/2022,0.00645,-0.00013,0.00709,0.00364,5,0,NA,NA,77.19780773,425.458546,81.44928237,10,0,24,0.997319996,16.812,2.3,6.45E-06,7.09E-06,3.64E-06,1.68E-05,38.6676,3.87E-05,10.622967,0.094135659,0.006604639,6.60E-09,0.551127773,551.1277733,5854.611974,522.3600916,77.19780773,22,152,2022
10,PSEMEN,Old,6/8/2022,mature,20,2,10708,8/6/2022,0.00522,-3.00E-05,0.00555,0.00282,5,0,NA,NA,85.10638544,455.437464,87.91209747,10,0,24,0.997319996,12.34,2.3,5.22E-06,5.55E-06,2.82E-06,1.23E-05,28.382,2.84E-05,10.06453882,0.09935875,0.005269659,5.27E-09,0.535139012,535.1390116,5385.927288,518.060059,85.10638544,23,159,2022
10,PSEMEN,Old,6/16/2022,mature,20,2,10720,6/16/2022,0.01187,0,0.01411,0.00661,5,0,NA,NA,79.57639195,441.4807889,70.13332876,10,0,24,0.997319996,28.92,2.3,1.19E-05,1.41E-05,6.61E-06,2.89E-05,66.516,6.65E-05,10.06293489,0.099374587,0.011914448,1.19E-08,0.554788625,554.7886247,5582.802039,629.4878579,79.57639195,24,167,2022
10,PSEMEN,Old,6/23/2022,mature,20,2,10752,6/23/2022,0.01124,-0.00056,0.01355,0.00592,5,0,NA,NA,89.86486619,449.1655454,69.72476734,10,0,24,0.997319996,22.95,2.3,1.12E-05,1.36E-05,5.92E-06,2.30E-05,52.785,5.28E-05,8.916385273,0.112153072,0.011844185,1.18E-08,0.49982331,499.8233105,4456.617167,644.1979838,89.86486619,25,174,2022
10,PSEMEN,Old,6/30/2022,mature,20,2,10764,6/30/2022,0.0099,-0.00024,0.0117,0.00491,5,0,NA,1.279999971,101.6293213,490.2155346,73.49042922,10,0,24.5,0.997200012,19.67,2.3,9.90E-06,1.17E-05,4.91E-06,1.97E-05,45.241,4.52E-05,9.214052701,0.108529876,0.010179196,1.02E-08,0.482356383,482.3563829,4444.457282,667.0467703,101.6293213,26,181,2022
10,PSEMEN,Old,7/6/2022,mature,20,2,10800,6/7/2022,0.01056,-0.00017,0.01213,0.00529,5,0,NA,NA,99.62194288,489.1274492,77.04679242,10,0,25.5,0.996940017,19.49,2.3,1.06E-05,1.21E-05,5.29E-06,1.95E-05,44.827,4.48E-05,8.473913415,0.11800923,0.010774289,1.08E-08,0.490983684,490.9836839,4160.55292,634.8446623,99.62194288,27,187,2022
10,PSEMEN,Old,7/14/2022,mature,20,2,10847,7/14/2022,0.01176,-0.00083,0.014,0.00513,5,0,NA,NA,129.2397712,524.3752852,74.74633405,10,0,26,0.996810019,22.71,2.3,1.18E-05,1.40E-05,5.13E-06,2.27E-05,52.233,5.22E-05,10.18187145,0.098213772,0.012643617,1.26E-08,0.405738335,405.7383347,4131.175486,701.5398038,129.2397712,28,195,2022
10,PSEMEN,Old,7/20/2022,mature,20,2,10859,7/20/2022,0.01081,-0.00067,0.01343,0.00558,5,0,NA,NA,93.72759266,453.6429799,66.62419954,10,0,26,0.996810019,NA,2.3,1.08E-05,1.34E-05,5.58E-06,NA,NA,NA,NA,NA,0.01152889,1.15E-08,0.484001512,484.0015119,NA,680.8982067,NA,29,201,2022
10,PSEMEN,Old,7/27/2022,mature,20,2,10812,7/27/2022,0.00632,-0.00016,0.00678,0.00252,5,0,NA,NA,150.7936476,583.7746048,89.20188276,10,0,27,0.99654001,12.26,2.3,6.32E-06,6.78E-06,2.52E-06,1.23E-05,28.198,2.82E-05,11.18968211,0.089368044,0.006509362,6.51E-09,0.387134741,387.1347408,4331.914745,654.4420216,150.7936476,30,208,2022
10,PSEMEN,Old,8/3/2022,mature,20,2,10885,3/8/2022,0.0103,-0.00056,0.01228,0.0044,5,0,NA,NA,134.0909149,540.9742602,74.87309549,10,0,26,0.996810019,22.82,2.3,1.03E-05,1.23E-05,4.40E-06,2.28E-05,52.486,5.25E-05,11.92863643,0.083831879,0.010906249,1.09E-08,0.403438424,403.438424,4812.470161,722.5215635,134.0909149,31,215,2022
10,PSEMEN,Old,8/10/2022,mature,20,2,10909,10/8/2022,0.015,-0.00145,0.0188,0.00635,5,0,NA,NA,136.22047,523.5376256,69.47791066,10,0,26.5,0.996680021,33.74,2.3,1.50E-05,1.88E-05,6.35E-06,3.37E-05,77.602,7.76E-05,12.22078755,0.081827787,0.016522213,1.65E-08,0.384331092,384.3310924,4696.828675,753.5310441,136.22047,32,222,2022
10,PSEMEN,Old,8/18/2022,mature,20,2,10933,8/18/2022,0.01397,-0.00112,0.0173,0.00601,5,0,NA,NA,132.4459141,525.2647066,70.50486633,10,0,26,0.996810019,26.89,2.3,1.40E-05,1.73E-05,6.01E-06,2.69E-05,61.847,6.18E-05,10.29068198,0.097175289,0.015154263,1.52E-08,0.396588064,396.5880644,4081.161796,745.0048967,132.4459141,33,230,2022
10,PSEMEN,Old,8/25/2022,mature,20,2,10957,8/25/2022,0.01407,-0.00146,0.01763,0.00579,5,0,NA,NA,143.0051802,531.0393235,69.93243113,10,0,25,0.997070014,27.78,2.3,1.41E-05,1.76E-05,5.79E-06,2.78E-05,63.894,6.39E-05,11.03523345,0.090618835,0.015592066,1.56E-08,0.371342719,371.3427189,4097.853586,759.3605927,143.0051802,34,237,2022
10,PSEMEN,Old,9/1/2022,mature,20,2,10981,9/1/2022,0.00821,-0.00151,0.00869,0.00348,5,0,NA,NA,135.9195332,484.6251791,90.78694886,10,0,25.5,0.996940017,19.1,2.3,8.21E-06,8.69E-06,3.48E-06,1.91E-05,43.93,4.39E-05,12.62356338,0.079216935,0.00976012,9.76E-09,0.356552995,356.5529952,4500.969449,533.8048973,135.9195332,35,244,2022
10,PSEMEN,Old,9/20/2022,mature,20,2,11005,9/20/2022,0.00665,-0.00087,0.00857,0.00293,5,0,NA,NA,126.9624564,492.835411,65.95744962,10,0,24,0.997319996,16,2.3,6.65E-06,8.57E-06,2.93E-06,1.60E-05,36.8,3.68E-05,12.55972714,0.079619564,0.007548159,7.55E-09,0.388174129,388.1741288,4875.361159,747.2020429,126.9624564,38,263,2022
10,PSEMEN,Old,10/12/2022,mature,20,2,11041,10/12/2022,0.00885,-0.00032,0.01055,0.00382,5,0,NA,NA,131.6753902,547.0904529,74.73997089,10,0,19,0.998430014,16.82,2.3,8.85E-06,1.05E-05,3.82E-06,1.68E-05,38.686,3.87E-05,10.12722517,0.098743731,0.009194092,9.19E-09,0.415484204,415.4842041,4207.702137,731.9917928,131.6753902,41,285,2022
10,PSEMEN,Old,10/31/2022,mature,20,2,11053,10/31/2022,0.00858,-9.00E-05,0.01041,0.00364,5,0,NA,NA,135.7142889,567.9515811,72.96898672,10,0,21.79999924,0.997839987,18.94,2.3,8.58E-06,1.04E-05,3.64E-06,1.89E-05,43.562,4.36E-05,11.96758239,0.083559065,0.008697925,8.70E-09,0.418490634,418.4906343,5008.321077,778.3465368,135.7142889,44,304,2022
10,PSEMEN,Old,11/28/2022,mature,20,2,11077,11/28/2022,0.00978,-0.00084,0.0119,0.00433,5,0,NA,NA,125.8660547,511.8687244,71.99471324,10,0,18.70000076,0.998489976,26.35,2.3,9.78E-06,1.19E-05,4.33E-06,2.64E-05,60.605,6.06E-05,13.99653609,0.071446249,0.010647261,1.06E-08,0.406677348,406.6773477,5692.074078,710.9809892,125.8660547,48,332,2022
11,PSEMEN,New,6/16/2021,mature,20,2,10429,6/16/2021,0.01037,-0.00212,0.01199,0.00247,5,0,NA,NA,319.8380762,629.823797,82.98319997,11,0,26,0.996810019,28.487,2.3,1.04E-05,1.20E-05,2.47E-06,2.85E-05,65.5201,6.55E-05,26.52635683,0.037698354,0.012543191,1.25E-08,0.19691959,196.9195897,5223.559052,758.9774764,319.8380762,24,167,2021
11,PSEMEN,New,6/22/2021,mature,20,2,10465,6/22/2021,0.0074,-0.00133,0.00985,0.00176,5,0,NA,NA,320.4545423,643.3084659,69.7156981,11,0,26,0.996810019,20.593,2.3,7.40E-06,9.85E-06,1.76E-06,2.06E-05,47.3639,4.74E-05,26.91130661,0.037159102,0.008767178,8.77E-09,0.200748742,200.7487416,5402.410977,922.7598424,320.4545423,25,173,2021
11,PSEMEN,New,10/13/2021,mature,20,2,10549,10/13/2021,0.01003,-0.00132,0.01251,0.00412,5,0,NA,NA,143.4465806,519.012261,70.4409968,11,0,22,0.997799993,24.991,2.3,1.00E-05,1.25E-05,4.12E-06,2.50E-05,57.4793,5.75E-05,13.95128582,0.071677981,0.011387013,1.14E-08,0.36181568,361.8156795,5047.794357,736.804254,143.4465806,41,286,2021
11,PSEMEN,New,6/23/2022,mature,20,2,10741,6/23/2022,0.0062,-0.00127,0.00797,0.00135,5,0,NA,NA,359.2592605,646.8416051,73.2628459,11,0,24,0.997319996,17.55,2.3,6.20E-06,7.97E-06,1.35E-06,1.76E-05,40.365,4.04E-05,29.89999922,0.033444817,0.007497972,7.50E-09,0.180048693,180.0486933,5383.455798,882.9053761,359.2592605,25,174,2022
11,PSEMEN,New,6/30/2022,mature,20,2,10777,6/30/2022,0.0072,-0.00178,0.00941,0.00191,5,0,NA,0.930000007,276.9633459,586.8185343,70.5333279,11,0,24.5,0.997200012,33.16,2.3,7.20E-06,9.41E-06,1.91E-06,3.32E-05,76.268,7.63E-05,39.93089022,0.025043268,0.009014712,9.01E-09,0.211875882,211.8758819,8460.392618,831.9734114,276.9633459,26,181,2022
11,PSEMEN,New,7/6/2022,mature,20,2,10789,6/7/2022,0.00681,-0.00139,0.00843,0.00113,5,0,NA,NA,502.6548875,689.7455321,77.80821728,11,0,26,0.996810019,16.03,2.3,6.81E-06,8.43E-06,1.13E-06,1.60E-05,36.869,3.69E-05,32.62743393,0.030649054,0.008234921,8.23E-09,0.1372205,137.2205003,4477.152681,886.4687512,502.6548875,27,187,2022
11,PSEMEN,New,7/14/2022,mature,20,2,10837,7/14/2022,0.01359,-0.00194,0.01708,0.00485,5,0,NA,NA,180.2061698,560.3951522,71.4636127,11,0,26,0.996810019,26.59,2.3,1.36E-05,1.71E-05,4.85E-06,2.66E-05,61.157,6.12E-05,12.60969035,0.079304089,0.015596137,1.56E-08,0.310974437,310.974437,3921.291568,784.1685174,180.2061698,28,195,2022
11,PSEMEN,New,7/20/2022,mature,20,2,10872,7/20/2022,0.0103,-0.00116,0.01102,0.00363,5,0,NA,NA,183.7465671,579.5563037,90.25710583,11,0,26,0.996810019,27.05,2.3,1.03E-05,1.10E-05,3.63E-06,2.71E-05,62.215,6.22E-05,17.13911877,0.058346057,0.011508804,1.15E-08,0.315410695,315.4106946,5405.861171,642.1170925,183.7465671,29,201,2022
11,PSEMEN,New,7/27/2022,mature,20,2,10825,7/27/2022,0.01602,-0.00115,0.016559999,0.0059,5,0,NA,NA,171.5254132,586.7415149,94.9343387,11,0,27,0.99654001,27.26,2.3,1.60E-05,1.66E-05,5.90E-06,2.73E-05,62.698,6.27E-05,10.62677926,0.094101889,0.017247799,1.72E-08,0.342072631,342.0726306,3635.130472,618.0498257,171.5254132,30,208,2022
11,PSEMEN,New,8/3/2022,mature,20,2,10898,3/8/2022,0.017240001,-0.00122,0.01825,0.00642,5,0,NA,NA,168.5358398,583.6466366,91.46239336,11,0,26,0.996810019,33.05,2.3,1.72E-05,1.82E-05,6.42E-06,3.31E-05,76.015,7.60E-05,11.8403427,0.084457015,0.018538616,1.85E-08,0.346304165,346.3041653,4100.360019,638.127448,168.5358398,31,215,2022
11,PSEMEN,New,8/10/2022,mature,20,2,10922,10/8/2022,0.01521,-0.00211,0.016100001,0.00542,5,0,NA,NA,180.6273128,562.7720326,91.66666049,11,0,26.5,0.996680021,38.76,2.3,1.52E-05,1.61E-05,5.42E-06,3.88E-05,89.148,8.91E-05,16.44797101,0.060797773,0.017396032,1.74E-08,0.311565309,311.5653095,5124.617054,613.9331678,180.6273128,32,222,2022
11,PSEMEN,New,8/18/2022,mature,20,2,10946,8/18/2022,0.01692,-0.00155,0.017929999,0.00624,5,0,NA,NA,171.1538505,575.7829074,91.36014613,11,0,26,0.996810019,40.99,2.3,1.69E-05,1.79E-05,6.24E-06,4.10E-05,94.277,9.43E-05,15.10849355,0.066187936,0.018548658,1.85E-08,0.336412482,336.4124824,5082.685735,630.2342233,171.1538505,33,230,2022
11,PSEMEN,New,8/25/2022,mature,20,2,10970,8/25/2022,0.00985,-0.00095,0.01061,0.0037,5,0,NA,NA,166.216217,567.177724,89.00144466,11,0,25,0.997070014,18.97,2.3,9.85E-06,1.06E-05,3.70E-06,1.90E-05,43.631,4.36E-05,11.79216216,0.08480209,0.010843162,1.08E-08,0.341228874,341.2288743,4023.826205,637.2679974,166.216217,34,237,2022
11,PSEMEN,New,9/1/2022,mature,20,2,10994,9/1/2022,0.00971,-0.00163,0.01065,0.00377,5,0,NA,NA,157.5596743,521.6563442,86.33721264,11,0,25.5,0.996940017,22.54,2.3,9.71E-06,1.06E-05,3.77E-06,2.25E-05,51.842,5.18E-05,13.75119338,0.072720961,0.011386807,1.14E-08,0.331084924,331.0849241,4552.812959,604.2079982,157.5596743,35,244,2022
11,PSEMEN,New,9/20/2022,mature,20,2,11018,9/20/2022,0.00993,-0.00146,0.01086,0.0039,5,0,NA,NA,154.6153841,527.4367552,86.63792948,11,0,24,0.997319996,19.09,2.3,9.93E-06,1.09E-05,3.90E-06,1.91E-05,43.907,4.39E-05,11.25820543,0.088824103,0.01143265,1.14E-08,0.341128253,341.128253,3840.491928,608.7827334,154.6153841,38,263,2022
11,PSEMEN,New,10/31/2022,mature,20,2,11066,10/31/2022,0.01437,-0.00097,0.017619999,0.00571,5,0,NA,NA,151.66374,562.7247032,72.71201158,11,0,21.79999924,0.997839987,26.17,2.3,1.44E-05,1.76E-05,5.71E-06,2.62E-05,60.191,6.02E-05,10.54133068,0.094864684,0.015389408,1.54E-08,0.371034425,371.0344248,3911.196689,773.9088646,151.66374,44,304,2022
11,PSEMEN,New,11/28/2022,mature,20,2,11090,11/28/2022,0.01158,-0.00123,0.01278,0.00492,5,0,NA,NA,135.3658375,518.5751211,84.73281529,11,0,18.70000076,0.998489976,28.2,2.3,1.16E-05,1.28E-05,4.92E-06,2.82E-05,64.86,6.49E-05,13.18292627,0.075855692,0.012842883,1.28E-08,0.383091553,383.0915529,5050.268008,612.0121458,135.3658375,48,332,2022
11,PSEMEN,Old,4/1/2021,mature,20,2,10272,1/4/2021,0.01417,-0.00135,0.01459,0.00658,5,0,NA,NA,115.3495552,487.4567706,94.75656088,11,0,22,0.997799993,23.045,2.3,1.42E-05,1.46E-05,6.58E-06,2.30E-05,53.0035,5.30E-05,8.055243391,0.124142742,0.015570612,1.56E-08,0.422590963,422.590963,3404.072883,514.4306274,115.3495552,13,91,2021
11,PSEMEN,Old,4/6/2021,mature,20,2,10284,6/4/2021,0.01226,-0.00111,0.01474,0.0055,5,0,NA,NA,122.9090961,503.7233773,73.16017923,11,0,24,0.997319996,24.403,2.3,1.23E-05,1.47E-05,5.50E-06,2.44E-05,56.1269,5.61E-05,10.20489096,0.097992228,0.013420064,1.34E-08,0.409834099,409.8340987,4182.312215,688.5212456,122.9090961,14,96,2021
11,PSEMEN,Old,4/13/2021,mature,20,2,10295,4/13/2021,0.01558,-0.00128,0.01895,0.0073,5,0,NA,NA,113.4246574,489.389009,71.07296153,11,0,23,0.997560024,23.067,2.3,1.56E-05,1.90E-05,7.30E-06,2.31E-05,53.0541,5.31E-05,7.26768476,0.137595401,0.016919056,1.69E-08,0.431466154,431.4661538,3135.760005,688.5726983,113.4246574,15,103,2021
11,PSEMEN,Old,4/21/2021,mature,20,2,10331,4/21/2021,0.01898,-0.00227,0.019950001,0.00962,5,0,NA,NA,97.29730567,439.18425,90.60987108,11,0,20.5,0.998130023,36.391,2.3,1.90E-05,2.00E-05,9.62E-06,3.64E-05,83.6993,8.37E-05,8.700551228,0.114935246,0.021312241,2.13E-08,0.451383793,451.3837933,3927.287645,484.6980188,97.29730567,16,111,2021
11,PSEMEN,Old,4/27/2021,mature,20,2,10319,4/27/2021,0.018959999,-0.00223,0.0207,0.00911,5,0,NA,NA,108.1229321,463.4843535,84.98704827,11,0,20.5,0.998130023,30.231,2.3,1.90E-05,2.07E-05,9.11E-06,3.02E-05,69.5313,6.95E-05,7.632414942,0.13102013,0.021252064,2.13E-08,0.42866425,428.6642495,3271.743409,545.3588081,108.1229321,17,117,2021
11,PSEMEN,Old,4/30/2021,mature,20,2,10368,4/30/2021,0.00983,-0.00091,0.01049,0.00478,5,0,NA,NA,105.6485298,468.3331395,88.44132489,11,0,25,0.997070014,16.633,2.3,9.83E-06,1.05E-05,4.78E-06,1.66E-05,38.2559,3.83E-05,8.003326233,0.124948049,0.010782922,1.08E-08,0.443293558,443.293558,3547.823059,529.5410715,105.6485298,18,120,2021
11,PSEMEN,Old,5/5/2021,mature,20,2,10392,5/5/2021,0.00753,-0.00105,0.00801,0.00365,5,0,NA,NA,106.3013667,450.6359939,88.99082706,11,0,23,0.997560024,21.823,2.3,7.53E-06,8.01E-06,3.65E-06,2.18E-05,50.1929,5.02E-05,13.75147913,0.07271945,0.008610053,8.61E-09,0.423923039,423.9230392,5829.568949,506.3847688,106.3013667,18,125,2021
11,PSEMEN,Old,5/10/2021,mature,20,2,10404,10/5/2021,0.01297,-0.00111,0.01348,0.00654,5,0,NA,NA,98.31803712,455.292184,92.65128808,11,0,21,0.998019993,25.413,2.3,1.30E-05,1.35E-05,6.54E-06,2.54E-05,58.4499,5.84E-05,8.937293615,0.111890696,0.014122799,1.41E-08,0.463081021,463.0810214,4138.691179,491.4040522,98.31803712,19,130,2021
11,PSEMEN,Old,5/14/2021,mature,20,2,10416,5/14/2021,0.01383,-0.00097,0.01684,0.00756,5,0,NA,NA,82.93650696,422.119036,67.56465366,11,0,23.5,0.997439981,29.677,2.3,1.38E-05,1.68E-05,7.56E-06,2.97E-05,68.2571,6.83E-05,9.028717142,0.110757706,0.01485363,1.49E-08,0.508966497,508.9664974,4595.314556,624.7631167,82.93650696,20,134,2021
11,PSEMEN,Old,5/19/2021,mature,20,2,10525,5/19/2021,0.01191,-0.00108,0.0123,0.00654,5,0,NA,NA,82.11009073,411.9519627,93.22917126,11,0,23,0.997560024,27.239,2.3,1.19E-05,1.23E-05,6.54E-06,2.72E-05,62.6497,6.26E-05,9.579464871,0.104389965,0.0130355,1.30E-08,0.501706862,501.7068616,4806.083296,441.8702399,82.11009073,20,139,2021
11,PSEMEN,Old,5/24/2021,mature,20,2,10537,5/24/2021,0.01142,-0.00102,0.01381,0.0059,5,0,NA,NA,93.55932059,442.0745398,69.78508231,11,0,24,0.997319996,26.734,2.3,1.14E-05,1.38E-05,5.90E-06,2.67E-05,61.4882,6.15E-05,10.42172842,0.095953374,0.012486582,1.25E-08,0.472507209,472.5072086,4924.341869,633.4800006,93.55932059,21,144,2021
11,PSEMEN,Old,5/27/2021,mature,20,2,10380,5/27/2021,0.01406,-0.00157,0.01549,0.00763,5,0,NA,NA,84.27261021,409.7507967,81.80661407,11,0,25,0.997070014,30.784,2.3,1.41E-05,1.55E-05,7.63E-06,3.08E-05,70.8032,7.08E-05,9.279580736,0.107763489,0.015692465,1.57E-08,0.486220611,486.2206111,4511.923376,500.8773451,84.27261021,21,147,2021
11,PSEMEN,Old,6/1/2021,mature,20,2,10513,1/6/2021,0.01496,-0.00066,0.01551,0.00798,5,0,NA,NA,87.46866998,444.9680165,92.69588323,11,0,26,0.996810019,27.165,2.3,1.50E-05,1.55E-05,7.98E-06,2.72E-05,62.4795,6.25E-05,7.829511055,0.127721896,0.015686521,1.57E-08,0.508717021,508.7170215,3983.005578,480.0299657,87.46866998,22,152,2021
11,PSEMEN,Old,6/4/2021,mature,20,2,10477,4/6/2021,0.01299,-0.0017,0.01368,0.00643,5,0,NA,NA,102.0217666,444.8427545,90.48275653,11,0,24.5,0.997200012,29.814,2.3,1.30E-05,1.37E-05,6.43E-06,2.98E-05,68.5722,6.86E-05,10.66441669,0.093769779,0.014746783,1.47E-08,0.436027288,436.0272882,4649.976816,491.6326288,102.0217666,23,155,2021
11,PSEMEN,Old,6/9/2021,mature,20,2,10489,9/6/2021,0.01273,-0.00112,0.01317,0.0065,5,0,NA,NA,95.84614379,448.1413885,93.40329004,11,0,24,0.997319996,27.888,2.3,1.27E-05,1.32E-05,6.50E-06,2.79E-05,64.1424,6.41E-05,9.868061335,0.101337027,0.013901862,1.39E-08,0.467563273,467.5632734,4613.943277,479.7918663,95.84614379,23,160,2021
11,PSEMEN,Old,6/16/2021,mature,20,2,10441,6/16/2021,0.016070001,-0.0013,0.01691,0.00849,5,0,NA,NA,89.28151918,434.5340625,90.02376532,11,0,26,0.996810019,32.131,2.3,1.61E-05,1.69E-05,8.49E-06,3.21E-05,73.9013,7.39E-05,8.704511272,0.114882958,0.017443974,1.74E-08,0.486701018,486.7010175,4236.494494,482.6881668,89.28151918,24,167,2021
11,PSEMEN,Old,6/22/2021,mature,20,2,10453,6/22/2021,0.01895,-0.00067,0.0229,0.01057,5,0,NA,NA,79.28098901,425.3039726,67.96431698,11,0,26,0.996810019,34.074,2.3,1.90E-05,2.29E-05,1.06E-05,3.41E-05,78.3702,7.84E-05,7.414399295,0.134872693,0.019703555,1.97E-08,0.536451411,536.4514107,3977.464855,625.7753944,79.28098901,25,173,2021
11,PSEMEN,Old,10/13/2021,mature,20,2,10569,10/13/2021,0.01629,-0.0019,0.017580001,0.00735,5,0,NA,NA,121.6326465,489.8812713,87.39002053,11,0,22,0.997799993,34.81,2.3,1.63E-05,1.76E-05,7.35E-06,3.48E-05,80.063,8.01E-05,10.89292504,0.091802706,0.018249319,1.82E-08,0.402754748,402.7547479,4387.177392,560.5688937,121.6326465,41,286,2021
11,PSEMEN,Old,3/16/2022,mature,20,2,10589,3/16/2022,0.01085,-0.00071,0.01129,0.00494,5,0,NA,NA,119.6356361,509.696382,93.07087196,11,0,21,0.998019993,20.23,2.3,1.09E-05,1.13E-05,4.94E-06,2.02E-05,46.529,4.65E-05,9.418826107,0.106170343,0.011595139,1.16E-08,0.426040616,426.0406159,4012.802328,547.6432865,119.6356361,11,75,2022
11,PSEMEN,Old,3/30/2022,mature,20,2,10601,3/30/2022,0.01279,-0.00127,0.01361,0.0062,5,0,NA,NA,106.2903177,467.0695208,88.93387628,11,0,23,0.997560024,25.96,2.3,1.28E-05,1.36E-05,6.20E-06,2.60E-05,59.708,5.97E-05,9.630322304,0.103838685,0.014109248,1.41E-08,0.439428087,439.428087,4231.834207,525.1874093,106.2903177,13,89,2022
11,PSEMEN,Old,4/13/2022,mature,20,2,10613,4/13/2022,0.00698,-0.00049,0.00845,0.00327,5,0,NA,NA,113.4556603,495.0389165,71.62162824,11,0,22,0.997799993,14.809,2.3,6.98E-06,8.45E-06,3.27E-06,1.48E-05,34.0607,3.41E-05,10.41611625,0.096005073,0.00749436,7.49E-09,0.436328097,436.3280968,4544.844116,691.1863478,113.4556603,15,103,2022
11,PSEMEN,Old,4/20/2022,mature,20,2,10624,4/20/2022,0.00974,-0.0008,0.01194,0.00498,5,0,NA,NA,95.58231456,449.8739024,68.39080225,11,0,24.5,0.997200012,26.632,2.3,9.74E-06,1.19E-05,4.98E-06,2.66E-05,61.2536,6.13E-05,12.29991918,0.081301347,0.010580742,1.06E-08,0.470666431,470.6664311,5789.159497,657.7988378,95.58231456,16,110,2022
11,PSEMEN,Old,4/27/2022,mature,20,2,10636,4/27/2022,0.01207,-0.00069,0.0127,0.00593,5,0,NA,NA,103.5413188,479.5116325,90.6942439,11,0,23,0.997560024,35.277,2.3,1.21E-05,1.27E-05,5.93E-06,3.53E-05,81.1371,8.11E-05,13.68247896,0.073086171,0.012804695,1.28E-08,0.46311139,463.1113901,6336.511742,528.7123106,103.5413188,17,117,2022
11,PSEMEN,Old,5/4/2022,mature,20,2,10648,4/5/2022,0.00713,-8.00E-05,0.00759,0.0035,5,0,NA,NA,103.714274,501.5891615,88.75305014,11,0,24,0.997319996,15.889,2.3,7.13E-06,7.59E-06,3.50E-06,1.59E-05,36.5447,3.65E-05,10.44134253,0.095773125,0.007236998,7.24E-09,0.48362594,483.62594,5049.704391,565.1514632,103.714274,18,124,2022
11,PSEMEN,Old,5/11/2022,mature,20,2,10661,11/5/2022,0.00896,-0.00046,0.01074,0.00458,5,0,NA,NA,95.63319514,463.2335781,71.10390226,11,0,24,0.997319996,20.258,2.3,8.96E-06,1.07E-05,4.58E-06,2.03E-05,46.5934,4.66E-05,10.17323155,0.098297183,0.009455273,9.46E-09,0.484385777,484.3857769,4927.768487,651.4882635,95.63319514,19,131,2022
11,PSEMEN,Old,5/18/2022,mature,20,2,10673,5/18/2022,0.01016,-0.00054,0.01238,0.00551,5,0,NA,NA,84.39201412,432.9582131,67.68558822,11,0,24,0.997319996,22.366,2.3,1.02E-05,1.24E-05,5.51E-06,2.24E-05,51.4418,5.14E-05,9.336079776,0.107111338,0.010740067,1.07E-08,0.513032205,513.0322051,4789.709618,639.6608561,84.39201412,20,138,2022
11,PSEMEN,Old,5/26/2022,mature,20,2,10685,5/26/2022,0.0059,-0.00016,0.00699,0.00316,5,0,NA,NA,86.70886304,450.4584653,71.54047256,11,0,24,0.997319996,13.347,2.3,5.90E-06,6.99E-06,3.16E-06,1.33E-05,30.6981,3.07E-05,9.714588361,0.102937969,0.006082692,6.08E-09,0.519506835,519.5068348,5046.794999,629.6554233,86.70886304,21,146,2022
11,PSEMEN,Old,6/1/2022,mature,20,2,10697,1/6/2022,0.01646,1.00E-04,0.019440001,0.01008,5,0,NA,NA,63.29364064,388.5206835,68.16238126,11,0,24,0.997319996,33.337,2.3,1.65E-05,1.94E-05,1.01E-05,3.33E-05,76.6751,7.67E-05,7.606656455,0.131463805,0.016421261,1.64E-08,0.613838381,613.8383814,4669.257978,569.9928264,63.29364064,22,152,2022
11,PSEMEN,Old,6/8/2022,mature,20,2,10709,8/6/2022,0.00589,-0.00034,0.00701,0.0032,5,0,NA,NA,84.06250921,430.1709388,70.60368221,11,0,24,0.997319996,14.36,2.3,5.89E-06,7.01E-06,3.20E-06,1.44E-05,33.028,3.30E-05,10.32125026,0.096887487,0.006253328,6.25E-09,0.511727479,511.7274794,5281.667126,609.2755014,84.06250921,23,159,2022
11,PSEMEN,Old,6/16/2022,mature,20,2,10721,6/16/2022,0.01125,0,0.01338,0.00643,5,0,NA,NA,74.96112489,426.846122,69.35252045,11,0,24,0.997319996,21.75,2.3,1.13E-05,1.34E-05,6.43E-06,2.18E-05,50.025,5.00E-05,7.779937711,0.128535733,0.011292126,1.13E-08,0.569423331,569.4233312,4430.077919,615.4731209,74.96112489,24,167,2022
11,PSEMEN,Old,6/23/2022,mature,20,2,10753,6/23/2022,0.00922,-0.00064,0.00959,0.005,5,0,NA,NA,84.40001125,426.3952682,91.9390075,11,0,24,0.997319996,18.87,2.3,9.22E-06,9.59E-06,5.00E-06,1.89E-05,43.401,4.34E-05,8.680200194,0.115204716,0.009896921,9.90E-09,0.505207625,505.207625,4385.303076,463.7805865,84.40001125,25,174,2022
11,PSEMEN,Old,6/30/2022,mature,20,2,10765,6/30/2022,0.01158,-0.00014,0.01398,0.00614,5,0,NA,1.429999948,88.59933791,462.3764997,69.38774807,11,0,24.5,0.997200012,19.2,2.3,1.16E-05,1.40E-05,6.14E-06,1.92E-05,44.16,4.42E-05,7.192182192,0.139039859,0.011765303,1.18E-08,0.521873509,521.8735092,3753.409569,666.3661994,88.59933791,26,181,2022
11,PSEMEN,Old,7/6/2022,mature,20,2,10801,6/7/2022,0.01308,-0.00014,0.01567,0.00615,5,0,NA,NA,112.682933,522.0509619,72.79412038,11,0,25.5,0.996940017,25.04,2.3,1.31E-05,1.57E-05,6.15E-06,2.50E-05,57.592,5.76E-05,9.364553154,0.106785661,0.013274566,1.33E-08,0.463291968,463.2919677,4338.522129,717.1608905,112.682933,27,187,2022
11,PSEMEN,Old,7/14/2022,mature,20,2,10848,7/14/2022,0.01507,-0.00063,0.01767,0.00693,5,0,NA,NA,117.4603089,516.2726808,75.79143126,11,0,26,0.996810019,28.5,2.3,1.51E-05,1.77E-05,6.93E-06,2.85E-05,65.55,6.56E-05,9.458874256,0.105720826,0.015766861,1.58E-08,0.43952946,439.5294601,4157.454049,681.1755263,117.4603089,28,195,2022
11,PSEMEN,Old,7/20/2022,mature,20,2,10860,7/20/2022,0.00722,-0.00047,0.00872,0.00364,5,0,NA,NA,98.3516486,463.5654872,70.47243764,11,0,26,0.996810019,NA,2.3,7.22E-06,8.72E-06,3.64E-06,NA,NA,NA,NA,NA,0.007722749,7.72E-09,0.47133474,471.3347404,NA,657.7968674,NA,29,201,2022
11,PSEMEN,Old,7/27/2022,mature,20,2,10813,7/27/2022,0.00688,-0.00047,0.00784,0.0029,5,0,NA,NA,137.2413743,539.0540786,80.56679555,11,0,27,0.99654001,13.29,2.3,6.88E-06,7.84E-06,2.90E-06,1.33E-05,30.567,3.06E-05,10.54034496,0.094873555,0.007383304,7.38E-09,0.392778104,392.7781043,4140.016792,669.0772234,137.2413743,30,208,2022
11,PSEMEN,Old,8/3/2022,mature,20,2,10886,3/8/2022,0.01095,-0.00042,0.01326,0.00479,5,0,NA,NA,128.6012459,539.4791258,72.72726923,11,0,26,0.996810019,24.8,2.3,1.10E-05,1.33E-05,4.79E-06,2.48E-05,57.04,5.70E-05,11.90814158,0.08397616,0.011418421,1.14E-08,0.419497576,419.4975764,4995.436684,741.7838337,128.6012459,31,215,2022
11,PSEMEN,Old,8/10/2022,mature,20,2,10910,10/8/2022,0.01447,-0.0019,0.01523,0.00602,5,0,NA,NA,140.3654374,513.9320607,91.74809756,11,0,26.5,0.996680021,38.99,2.3,1.45E-05,1.52E-05,6.02E-06,3.90E-05,89.677,8.97E-05,14.89651112,0.067129813,0.016441861,1.64E-08,0.366138594,366.1385938,5454.18787,560.1555502,140.3654374,32,222,2022
11,PSEMEN,Old,8/18/2022,mature,20,2,10934,8/18/2022,0.01176,-0.00111,0.01468,0.005,5,0,NA,NA,135.200008,523.025146,69.83471237,11,0,26,0.996810019,24.59,2.3,1.18E-05,1.47E-05,5.00E-06,2.46E-05,56.557,5.66E-05,11.31140025,0.088406385,0.012924809,1.29E-08,0.386852907,386.8529071,4375.847942,748.9472331,135.200008,33,230,2022
11,PSEMEN,Old,8/25/2022,mature,20,2,10958,8/25/2022,0.01337,-0.00115,0.01667,0.00573,5,0,NA,NA,133.333336,524.0763357,69.8354662,11,0,25,0.997070014,30.19,2.3,1.34E-05,1.67E-05,5.73E-06,3.02E-05,69.437,6.94E-05,12.11815039,0.082520844,0.014578029,1.46E-08,0.393057249,393.0572492,4763.12679,750.4443862,133.333336,34,237,2022
11,PSEMEN,Old,9/1/2022,mature,20,2,10982,9/1/2022,0.00856,-0.00084,0.00893,0.00364,5,0,NA,NA,135.1648342,521.2527485,93.00567882,11,0,25.5,0.996940017,20.66,2.3,8.56E-06,8.93E-06,3.64E-06,2.07E-05,47.518,4.75E-05,13.05439557,0.076602551,0.009438799,9.44E-09,0.385642278,385.6422785,5034.326874,560.4526037,135.1648342,35,244,2022
11,PSEMEN,Old,9/20/2022,mature,20,2,11006,9/20/2022,0.00609,-0.00059,0.00646,0.00253,5,0,NA,NA,140.7114605,530.9459819,90.58524087,11,0,24,0.997319996,14.34,2.3,6.09E-06,6.46E-06,2.53E-06,1.43E-05,32.982,3.30E-05,13.03636395,0.076708506,0.006705013,6.71E-09,0.377329592,377.3295919,4919.005908,586.1285755,140.7114605,38,263,2022
11,PSEMEN,Old,10/12/2022,mature,20,2,11042,10/12/2022,0.01112,-0.00076,0.01134,0.00485,5,0,NA,NA,129.2783422,526.3947836,96.61017217,11,0,19,0.998430014,26.18,2.3,1.11E-05,1.13E-05,4.85E-06,2.62E-05,60.214,6.02E-05,12.41525737,0.080546055,0.011911212,1.19E-08,0.407179391,407.1793907,5055.237099,544.8647609,129.2783422,41,285,2022
11,PSEMEN,Old,10/31/2022,mature,20,2,11054,10/31/2022,0.015760001,-0.00111,0.01661,0.00707,5,0,NA,NA,122.9137369,513.4618491,91.09015256,11,0,21.79999924,0.997839987,31.77,2.3,1.58E-05,1.66E-05,7.07E-06,3.18E-05,73.071,7.31E-05,10.33536095,0.096755208,0.016924336,1.69E-08,0.417741635,417.7416352,4317.510536,563.6853542,122.9137369,44,304,2022
11,PSEMEN,Old,11/28/2022,mature,20,2,11078,11/28/2022,0.01072,-0.00115,0.01272,0.00462,5,0,NA,NA,132.0346355,512.5847977,75.30863857,11,0,18.70000076,0.998489976,23.04,2.3,1.07E-05,1.27E-05,4.62E-06,2.30E-05,52.992,5.30E-05,11.47013039,0.087182967,0.01190047,1.19E-08,0.388219959,388.2199591,4452.933463,680.6454179,132.0346355,48,332,2022
12,PSEMEN,New,6/16/2021,mature,20,2,10430,6/16/2021,0.00935,-0.0014,0.01053,0.00253,5,0,NA,NA,269.5652242,631.7282851,85.25000351,12,0,26,0.996810019,24.895,2.3,9.35E-06,1.05E-05,2.53E-06,2.49E-05,57.2585,5.73E-05,22.63181872,0.044185578,0.010795781,1.08E-08,0.234350813,234.3508129,5303.785038,741.0302159,269.5652242,24,167,2021
12,PSEMEN,New,6/22/2021,mature,20,2,10466,6/22/2021,0.00897,-0.00195,0.0102,0.00238,5,0,NA,NA,276.8907561,600.9207274,84.27109393,12,0,26,0.996810019,20.272,2.3,8.97E-06,1.02E-05,2.38E-06,2.03E-05,46.6256,4.66E-05,19.59058855,0.051044919,0.010966505,1.10E-08,0.217024481,217.0244809,4251.637321,713.0804875,276.8907561,25,173,2021
12,PSEMEN,New,10/13/2021,mature,20,2,10550,10/13/2021,0.00826,-0.00141,0.00873,0.00331,5,0,NA,NA,149.5468103,510.2285178,91.32840712,12,0,22,0.997799993,21.997,2.3,8.26E-06,8.73E-06,3.31E-06,2.20E-05,50.5931,5.06E-05,15.2849242,0.065423942,0.009701535,9.70E-09,0.34118313,341.1831296,5214.958584,558.6744956,149.5468103,41,286,2021
12,PSEMEN,New,6/23/2022,mature,20,2,10742,6/23/2022,0.00743,-0.00194,0.00978,0.00169,5,0,NA,NA,339.644998,610.3080809,70.9517957,12,0,24,0.997319996,20.35,2.3,7.43E-06,9.78E-06,1.69E-06,2.04E-05,46.805,4.68E-05,27.69526715,0.036107252,0.009405086,9.41E-09,0.179690005,179.6900051,4976.562423,860.1728467,339.644998,25,174,2022
12,PSEMEN,New,6/30/2022,mature,20,2,10778,6/30/2022,0.0094,-0.00106,0.01112,0.00251,5,0,NA,1.080000043,274.5019836,656.1634333,80.0232279,12,0,24.5,0.997200012,37.37,2.3,9.40E-06,1.11E-05,2.51E-06,3.74E-05,85.951,8.60E-05,34.24342602,0.029202685,0.010500433,1.05E-08,0.239037771,239.0377706,8185.472356,819.9662155,274.5019836,26,181,2022
12,PSEMEN,New,7/6/2022,mature,20,2,10790,6/7/2022,0.01549,-0.00152,0.01622,0.00498,5,0,NA,NA,211.0441668,615.2516717,93.50534216,12,0,26,0.996810019,30.58,2.3,1.55E-05,1.62E-05,4.98E-06,3.06E-05,70.334,7.03E-05,14.1232926,0.070805019,0.01708244,1.71E-08,0.291527438,291.5274384,4117.327435,657.985584,211.0441668,27,187,2022
12,PSEMEN,New,7/20/2022,mature,20,2,10873,7/20/2022,0.01109,-0.00148,0.01287,0.00427,5,0,NA,NA,159.7189783,540.2608718,79.30233,12,0,26,0.996810019,22.4,2.3,1.11E-05,1.29E-05,4.27E-06,2.24E-05,51.52,5.15E-05,12.065574,0.082880433,0.012623532,1.26E-08,0.338257165,338.2571651,4081.266734,681.2673371,159.7189783,29,201,2022
12,PSEMEN,New,7/27/2022,mature,20,2,10826,7/27/2022,0.01329,-0.00109,0.01376,0.00492,5,0,NA,NA,170.1219427,579.4329314,94.68326444,12,0,27,0.99654001,22.74,2.3,1.33E-05,1.38E-05,4.92E-06,2.27E-05,52.302,5.23E-05,10.63048735,0.094069064,0.014445157,1.44E-08,0.340598576,340.5985758,3620.728961,611.9697444,170.1219427,30,208,2022
12,PSEMEN,New,8/3/2022,mature,20,2,10899,3/8/2022,0.01518,-0.00193,0.01598,0.00582,5,0,NA,NA,160.8247405,544.7286837,92.12598815,12,0,26,0.996810019,30.48,2.3,1.52E-05,1.60E-05,5.82E-06,3.05E-05,70.104,7.01E-05,12.04536066,0.083019515,0.017182866,1.72E-08,0.338709504,338.7095037,4079.878156,591.2866658,160.8247405,31,215,2022
12,PSEMEN,New,8/10/2022,mature,20,2,10923,10/8/2022,0.01238,-0.00181,0.01301,0.00468,5,0,NA,NA,164.5299313,540.2640171,92.43697878,12,0,26.5,0.996680021,31.65,2.3,1.24E-05,1.30E-05,4.68E-06,3.17E-05,72.795,7.28E-05,15.55448791,0.064290127,0.014252292,1.43E-08,0.328368247,328.3682474,5107.599606,584.4674115,164.5299313,32,222,2022
12,PSEMEN,New,8/18/2022,mature,20,2,10947,8/18/2022,0.00875,-0.00118,0.00934,0.00354,5,0,NA,NA,147.175146,522.4477788,89.82758169,12,0,26,0.996810019,21.95,2.3,8.75E-06,9.34E-06,3.54E-06,2.20E-05,50.485,5.05E-05,14.26129965,0.070119837,0.009972289,9.97E-09,0.354983708,354.9837075,5062.528918,581.61176,147.175146,33,230,2022
12,PSEMEN,New,8/25/2022,mature,20,2,10971,8/25/2022,0.01547,-0.00123,0.01709,0.0057,5,0,NA,NA,171.4035039,582.7011721,85.77699551,12,0,25,0.997070014,31.36,2.3,1.55E-05,1.71E-05,5.70E-06,3.14E-05,72.128,7.21E-05,12.65403487,0.079026177,0.016766741,1.68E-08,0.339958723,339.9587231,4301.849604,679.3210332,171.4035039,34,237,2022
12,PSEMEN,New,9/1/2022,mature,20,2,10995,9/1/2022,0.01116,-0.00145,0.01259,0.00436,5,0,NA,NA,155.9632999,537.0378984,82.62454275,12,0,25.5,0.996940017,23.1,2.3,1.12E-05,1.26E-05,4.36E-06,2.31E-05,53.13,5.31E-05,12.18577943,0.082062867,0.012662049,1.27E-08,0.344336065,344.3360655,4196.003406,649.973822,155.9632999,35,244,2022
12,PSEMEN,New,9/20/2022,mature,20,2,11019,9/20/2022,0.00982,-0.00104,0.01754,0.0038,5,0,NA,NA,158.4210553,552.2598586,43.81368316,12,0,24,0.997319996,21.88,2.3,9.82E-06,1.75E-05,3.80E-06,2.19E-05,50.324,5.03E-05,13.24315767,0.075510692,0.010900666,1.09E-08,0.348602565,348.6025652,4616.5987,1260.473484,158.4210553,38,263,2022
12,PSEMEN,New,10/31/2022,mature,20,2,11067,10/31/2022,0.01124,-0.00077,0.0134,0.00445,5,0,NA,NA,152.5842737,563.5471124,75.86592451,12,0,21.79999924,0.997839987,26.39,2.3,1.12E-05,1.34E-05,4.45E-06,2.64E-05,60.697,6.07E-05,13.63977561,0.073314989,0.012048682,1.20E-08,0.369334996,369.3349958,5037.646393,742.8198049,152.5842737,44,304,2022
12,PSEMEN,New,11/28/2022,mature,20,2,11091,11/28/2022,0.01155,-0.00118,0.0139,0.00484,5,0,NA,NA,138.636359,525.7517325,74.06181196,12,0,18.70000076,0.998489976,25.77,2.3,1.15E-05,1.39E-05,4.84E-06,2.58E-05,59.271,5.93E-05,12.24607421,0.081658822,0.012762678,1.28E-08,0.379230764,379.2307639,4644.088157,709.8823517,138.636359,48,332,2022
12,PSEMEN,Old,4/1/2021,mature,20,2,10273,1/4/2021,0.01212,-0.00113,0.01241,0.00559,5,0,NA,NA,116.8157366,491.228236,95.74780221,12,0,22,0.997799993,19.656,2.3,1.21E-05,1.24E-05,5.59E-06,1.97E-05,45.2088,4.52E-05,8.087441586,0.123648497,0.01329321,1.33E-08,0.420515452,420.5154517,3400.894246,513.0438764,116.8157366,13,91,2021
12,PSEMEN,Old,4/13/2021,mature,20,2,10296,4/13/2021,0.01409,-0.00129,0.01471,0.00635,5,0,NA,NA,121.8897621,501.4943726,92.58373116,12,0,23,0.997560024,22.508,2.3,1.41E-05,1.47E-05,6.35E-06,2.25E-05,51.7684,5.18E-05,8.152504036,0.122661699,0.015433872,1.54E-08,0.411432726,411.4327261,3354.206972,541.6657617,121.8897621,15,103,2021
12,PSEMEN,Old,4/21/2021,mature,20,2,10332,4/21/2021,0.01414,-0.00149,0.017720001,0.00724,5,0,NA,NA,95.30385749,440.1694647,65.83968545,12,0,20.5,0.998130023,28.787,2.3,1.41E-05,1.77E-05,7.24E-06,2.88E-05,66.2101,6.62E-05,9.145041208,0.109348879,0.01567578,1.57E-08,0.461859002,461.8590016,4223.719794,668.5473384,95.30385749,16,111,2021
12,PSEMEN,Old,4/27/2021,mature,20,2,10320,4/27/2021,0.01306,-0.00181,0.01364,0.00631,5,0,NA,NA,106.9730526,452.6084051,92.08731512,12,0,20.5,0.998130023,19.055,2.3,1.31E-05,1.36E-05,6.31E-06,1.91E-05,43.8265,4.38E-05,6.945562506,0.14397682,0.014913554,1.49E-08,0.423105056,423.1050559,2938.702685,491.499187,106.9730526,17,117,2021
12,PSEMEN,Old,4/30/2021,mature,20,2,10369,4/30/2021,0.01167,-0.00066,0.01226,0.00562,5,0,NA,NA,107.6512459,488.7199897,91.11445365,12,0,25,0.997070014,18.304,2.3,1.17E-05,1.23E-05,5.62E-06,1.83E-05,42.0992,4.21E-05,7.490960917,0.133494222,0.012379277,1.24E-08,0.453984519,453.9845193,3400.780281,536.3803108,107.6512459,18,120,2021
12,PSEMEN,Old,5/5/2021,mature,20,2,10393,5/5/2021,0.01244,-0.00074,0.01321,0.00643,5,0,NA,NA,93.46811198,454.4022679,88.64306977,12,0,23,0.997560024,25.094,2.3,1.24E-05,1.32E-05,6.43E-06,2.51E-05,57.7162,5.77E-05,8.976080778,0.111407197,0.013226166,1.32E-08,0.486157518,486.157518,4363.789292,512.6201846,93.46811198,18,125,2021
12,PSEMEN,Old,5/10/2021,mature,20,2,10405,10/5/2021,0.01178,-0.00119,0.01247,0.00549,5,0,NA,NA,114.5719585,483.4956564,90.11461204,12,0,21,0.998019993,23.319,2.3,1.18E-05,1.25E-05,5.49E-06,2.33E-05,53.6337,5.36E-05,9.769344451,0.102361014,0.013009425,1.30E-08,0.422001755,422.0017553,4122.680341,536.5341374,114.5719585,19,130,2021
12,PSEMEN,Old,5/14/2021,mature,20,2,10417,5/14/2021,0.01421,-0.00115,0.0151,0.00772,5,0,NA,NA,84.06735103,421.0004666,87.94037012,12,0,23.5,0.997439981,30.132,2.3,1.42E-05,1.51E-05,7.72E-06,3.01E-05,69.3036,6.93E-05,8.97715013,0.111393926,0.015415659,1.54E-08,0.500789484,500.7894839,4495.662522,478.7340172,84.06735103,20,134,2021
12,PSEMEN,Old,5/19/2021,mature,20,2,10526,5/19/2021,0.01259,-0.00151,0.0134,0.00679,5,0,NA,NA,85.4197405,409.9117262,87.74585121,12,0,23,0.997560024,26.622,2.3,1.26E-05,1.34E-05,6.79E-06,2.66E-05,61.2306,6.12E-05,9.017761395,0.110892267,0.014149388,1.41E-08,0.479879398,479.8793977,4327.437801,467.1579574,85.4197405,20,139,2021
12,PSEMEN,Old,5/24/2021,mature,20,2,10538,5/24/2021,0.0112,-0.0015,0.01394,0.00621,5,0,NA,NA,80.35426702,391.4475947,64.55368294,12,0,24,0.997319996,29.918,2.3,1.12E-05,1.39E-05,6.21E-06,2.99E-05,68.8114,6.88E-05,11.08074112,0.090246671,0.012747556,1.27E-08,0.48715222,487.1522205,5398.007623,606.3908005,80.35426702,21,144,2021
12,PSEMEN,Old,5/27/2021,mature,20,2,10381,5/27/2021,0.01706,-0.0018,0.018759999,0.00968,5,0,NA,NA,76.23967163,389.7467365,81.27754287,12,0,25,0.997070014,34.831,2.3,1.71E-05,1.88E-05,9.68E-06,3.48E-05,80.1113,8.01E-05,8.275960629,0.120831894,0.018935374,1.89E-08,0.511212511,511.2125109,4230.77458,479.5257371,76.23967163,21,147,2021
12,PSEMEN,Old,6/1/2021,mature,20,2,10514,1/6/2021,0.01463,-0.00143,0.017410001,0.00782,5,0,NA,NA,87.08440176,422.2367086,71.01146575,12,0,26,0.996810019,31.566,2.3,1.46E-05,1.74E-05,7.82E-06,3.16E-05,72.6018,7.26E-05,9.284117717,0.107710827,0.016128394,1.61E-08,0.484859176,484.8591765,4501.489622,594.6035674,87.08440176,22,152,2021
12,PSEMEN,Old,6/4/2021,mature,20,2,10478,4/6/2021,0.01283,-0.00091,0.01351,0.00617,5,0,NA,NA,107.9416609,482.8497433,90.73570042,12,0,24.5,0.997200012,20.501,2.3,1.28E-05,1.35E-05,6.17E-06,2.05E-05,47.1523,4.72E-05,7.642188069,0.130852577,0.013793111,1.38E-08,0.447324746,447.324746,3418.539717,532.1496843,107.9416609,23,155,2021
12,PSEMEN,Old,6/9/2021,mature,20,2,10490,9/6/2021,0.01584,-0.00103,0.016729999,0.0078,5,0,NA,NA,103.0769227,474.8077192,90.03359645,12,0,24,0.997319996,26.95,2.3,1.58E-05,1.67E-05,7.80E-06,2.70E-05,61.985,6.20E-05,7.946795087,0.125836893,0.01693317,1.69E-08,0.460634357,460.6343571,3660.566838,527.3672695,103.0769227,23,160,2021
12,PSEMEN,Old,6/16/2021,mature,20,2,10442,6/16/2021,0.01233,-0.00027,0.01333,0.00598,5,0,NA,NA,106.1872993,501.8311373,86.39455662,12,0,26,0.996810019,18.51,2.3,1.23E-05,1.33E-05,5.98E-06,1.85E-05,42.573,4.26E-05,7.119230888,0.140464611,0.012653659,1.27E-08,0.472590564,472.5905643,3364.481212,580.8596709,106.1872993,24,167,2021
12,PSEMEN,Old,6/22/2021,mature,20,2,10454,6/22/2021,0.017790001,-0.00164,0.01866,0.00874,5,0,NA,NA,103.546911,463.7994054,91.22985099,12,0,26,0.996810019,30.225,2.3,1.78E-05,1.87E-05,8.74E-06,3.02E-05,69.5175,6.95E-05,7.95394698,0.125723745,0.019512747,1.95E-08,0.447912329,447.9123293,3562.671108,508.3855781,103.546911,25,173,2021
12,PSEMEN,Old,10/13/2021,mature,20,2,10570,10/13/2021,0.01176,-0.00132,0.01454,0.00525,5,0,NA,NA,124.0000057,496.0886391,70.07535242,12,0,22,0.997799993,26.862,2.3,1.18E-05,1.45E-05,5.25E-06,2.69E-05,61.7826,6.18E-05,11.76811444,0.08497538,0.013122655,1.31E-08,0.400071476,400.0714758,4708.086783,707.9359888,124.0000057,41,286,2021
12,PSEMEN,Old,3/16/2022,mature,20,2,10590,3/16/2022,0.00956,-0.0008,0.0098,0.00422,5,0,NA,NA,126.5402878,513.8819902,95.69892545,12,0,21,0.998019993,20.3,2.3,9.56E-06,9.80E-06,4.22E-06,2.03E-05,46.69,4.67E-05,11.06398104,0.09038338,0.010391491,1.04E-08,0.406101492,406.1014915,4493.099148,536.9778059,126.5402878,11,75,2022
12,PSEMEN,Old,3/30/2022,mature,20,2,10602,3/30/2022,0.01328,-0.00048,0.01391,0.00645,5,0,NA,NA,105.8914598,494.6336831,91.55495165,12,0,23,0.997560024,25.04,2.3,1.33E-05,1.39E-05,6.45E-06,2.50E-05,57.592,5.76E-05,8.928991945,0.111994725,0.013808198,1.38E-08,0.467113828,467.1138283,4170.855876,540.2588,105.8914598,13,89,2022
12,PSEMEN,Old,4/20/2022,mature,20,2,10625,4/20/2022,0.01442,-0.0015,0.01514,0.00712,5,0,NA,NA,102.5280829,456.7770489,91.02244476,12,0,24.5,0.997200012,42.062,2.3,1.44E-05,1.51E-05,7.12E-06,4.21E-05,96.7426,9.67E-05,13.58744344,0.073597362,0.015981538,1.60E-08,0.445514069,445.5140687,6053.397411,501.829027,102.5280829,16,110,2022
12,PSEMEN,Old,4/27/2022,mature,20,2,10637,4/27/2022,0.01294,-0.00057,0.01349,0.00686,5,0,NA,NA,88.62973262,448.4661429,91.70437376,12,0,23,0.997560024,35.872,2.3,1.29E-05,1.35E-05,6.86E-06,3.59E-05,82.5056,8.25E-05,12.02705525,0.083145872,0.013557322,1.36E-08,0.505999643,505.9996427,6085.68583,489.0346278,88.62973262,17,117,2022
12,PSEMEN,Old,5/4/2022,mature,20,2,10649,4/5/2022,0.01037,-0.00037,0.01284,0.0052,5,0,NA,NA,99.42308149,479.5822266,67.67016065,12,0,24,0.997319996,20.493,2.3,1.04E-05,1.28E-05,5.20E-06,2.05E-05,47.1339,4.71E-05,9.064211514,0.110323992,0.010780216,1.08E-08,0.48236509,482.3650903,4372.259113,708.7056127,99.42308149,18,124,2022
12,PSEMEN,Old,5/11/2022,mature,20,2,10662,11/5/2022,0.01401,-0.00011,0.017200001,0.0078,5,0,NA,NA,79.61539003,438.1610083,66.0638269,12,0,24,0.997319996,30.905,2.3,1.40E-05,1.72E-05,7.80E-06,3.09E-05,71.0815,7.11E-05,9.113013068,0.109733191,0.014172873,1.42E-08,0.550347139,550.3471391,5015.320521,663.2389143,79.61539003,19,131,2022
12,PSEMEN,Old,5/18/2022,mature,20,2,10674,5/18/2022,0.01164,-0.00044,0.01399,0.00629,5,0,NA,NA,85.05564838,441.2286126,69.48052278,12,0,24,0.997319996,25.579,2.3,1.16E-05,1.40E-05,6.29E-06,2.56E-05,58.8317,5.88E-05,9.353211548,0.106915148,0.012125234,1.21E-08,0.518752877,518.7528771,4852.005285,635.0392814,85.05564838,20,138,2022
12,PSEMEN,Old,5/26/2022,mature,20,2,10686,5/26/2022,0.00722,3.00E-05,0.00834,0.00397,5,0,NA,NA,81.86398233,450.3304205,74.37070729,12,0,24,0.997319996,15.085,2.3,7.22E-06,8.34E-06,3.97E-06,1.51E-05,34.6955,3.47E-05,8.73942074,0.11442406,0.007216923,7.22E-09,0.55009592,550.0959197,4807.519625,605.5212286,81.86398233,21,146,2022
12,PSEMEN,Old,6/1/2022,mature,20,2,10698,1/6/2022,0.01157,8.00E-05,0.01374,0.00676,5,0,NA,NA,71.15385291,417.0632077,68.91117392,12,0,24,0.997319996,26.751,2.3,1.16E-05,1.37E-05,6.76E-06,2.68E-05,61.5273,6.15E-05,9.101671886,0.109869924,0.011533025,1.15E-08,0.586142854,586.1428538,5334.879724,605.2185501,71.15385291,22,152,2022
12,PSEMEN,Old,6/8/2022,mature,20,2,10710,8/6/2022,0.01234,-0.00012,0.01269,0.00653,5,0,NA,NA,88.97396775,464.5526066,94.31817666,12,0,24,0.997319996,22.5,2.3,1.23E-05,1.27E-05,6.53E-06,2.25E-05,51.75,5.18E-05,7.92496184,0.126183573,0.012506657,1.25E-08,0.522121944,522.1219438,4137.796451,492.5377303,88.97396775,23,159,2022
12,PSEMEN,Old,6/16/2022,mature,20,2,10722,6/16/2022,0.01218,-0.00041,0.01282,0.00627,5,0,NA,NA,94.25837385,467.6689739,90.2290044,12,0,24,0.997319996,18.58,2.3,1.22E-05,1.28E-05,6.27E-06,1.86E-05,42.734,4.27E-05,6.815630223,0.146721575,0.012637144,1.26E-08,0.496156423,496.1564231,3381.618697,518.3133484,94.25837385,24,167,2022
12,PSEMEN,Old,6/23/2022,mature,20,2,10754,6/23/2022,0.01119,-0.00093,0.01173,0.00521,5,0,NA,NA,114.7792667,491.5586755,91.71778585,12,0,24,0.997319996,26.55,2.3,1.12E-05,1.17E-05,5.21E-06,2.66E-05,61.065,6.11E-05,11.72072916,0.085318924,0.012165384,1.22E-08,0.428264337,428.2643369,5019.570405,535.9469496,114.7792667,25,174,2022
12,PSEMEN,Old,6/30/2022,mature,20,2,10766,6/30/2022,0.01247,-0.00024,0.01475,0.00646,5,0,NA,1.470000029,93.03406738,471.035287,72.49698921,12,0,24.5,0.997200012,24.95,2.3,1.25E-05,1.48E-05,6.46E-06,2.50E-05,57.385,5.74E-05,8.883127169,0.112572969,0.01275913,1.28E-08,0.506304119,506.3041185,4497.563606,649.7308262,93.03406738,26,181,2022
12,PSEMEN,Old,7/6/2022,mature,20,2,10802,6/7/2022,0.00987,-0.00039,0.01039,0.00476,5,0,NA,NA,107.3529484,496.0034115,90.76376219,12,0,25.5,0.996940017,23.27,2.3,9.87E-06,1.04E-05,4.76E-06,2.33E-05,53.521,5.35E-05,11.24390774,0.088937051,0.010302349,1.03E-08,0.46203056,462.03056,5195.028814,546.4773601,107.3529484,27,187,2022
12,PSEMEN,Old,7/14/2022,mature,20,2,10849,7/14/2022,0.01008,-0.00104,0.01236,0.00457,5,0,NA,NA,120.5689423,493.4023847,70.73171227,12,0,26,0.996810019,23.62,2.3,1.01E-05,1.24E-05,4.57E-06,2.36E-05,54.326,5.43E-05,11.88752768,0.084121781,0.011167356,1.12E-08,0.409228451,409.2284514,4864.71424,697.5688399,120.5689423,28,195,2022
12,PSEMEN,Old,7/20/2022,mature,20,2,10861,7/20/2022,0.01194,-0.00094,0.01509,0.00523,5,0,NA,NA,128.2982822,518.7535337,68.05273628,12,0,26,0.996810019,NA,2.3,1.19E-05,1.51E-05,5.23E-06,NA,NA,NA,NA,NA,0.012934852,1.29E-08,0.404333973,404.333973,NA,762.2816687,NA,29,201,2022
12,PSEMEN,Old,7/27/2022,mature,20,2,10814,7/27/2022,0.01522,-0.00048,0.015869999,0.00699,5,0,NA,NA,117.7396295,521.8393168,92.68019193,12,0,27,0.99654001,26.73,2.3,1.52E-05,1.59E-05,6.99E-06,2.67E-05,61.479,6.15E-05,8.795278794,0.113697362,0.015771138,1.58E-08,0.443214678,443.2146777,3898.196636,563.0537723,117.7396295,30,208,2022
12,PSEMEN,Old,8/3/2022,mature,20,2,10887,3/8/2022,0.0085,-0.00078,0.00883,0.00367,5,0,NA,NA,131.6076417,518.2670295,93.60466528,12,0,26,0.996810019,15.96,2.3,8.50E-06,8.83E-06,3.67E-06,1.60E-05,36.708,3.67E-05,10.00217982,0.099978207,0.009319521,9.32E-09,0.393797084,393.7970835,3938.829052,553.6764946,131.6076417,31,215,2022
12,PSEMEN,Old,8/10/2022,mature,20,2,10911,10/8/2022,0.00805,-0.00048,0.00841,0.00353,5,0,NA,NA,128.0453274,527.5785198,92.62295211,12,0,26.5,0.996680021,21.47,2.3,8.05E-06,8.41E-06,3.53E-06,2.15E-05,49.381,4.94E-05,13.98895143,0.071484986,0.008567445,8.57E-09,0.412024814,412.0248136,5763.795085,569.59804,128.0453274,32,222,2022
12,PSEMEN,Old,8/18/2022,mature,20,2,10935,8/18/2022,0.00885,-0.00057,0.00937,0.00387,5,0,NA,NA,128.6821731,526.4205711,90.54545064,12,0,26,0.996810019,22.12,2.3,8.85E-06,9.37E-06,3.87E-06,2.21E-05,50.876,5.09E-05,13.14625357,0.076067299,0.009460117,9.46E-09,0.409085861,409.0858611,5377.946413,581.388206,128.6821731,33,230,2022
12,PSEMEN,Old,8/25/2022,mature,20,2,10959,8/25/2022,0.0149,-0.00156,0.018820001,0.00615,5,0,NA,NA,142.2764281,529.4757002,69.06076824,12,0,25,0.997070014,33.89,2.3,1.49E-05,1.88E-05,6.15E-06,3.39E-05,77.947,7.79E-05,12.67430936,0.078899763,0.016525782,1.65E-08,0.372145772,372.1457724,4716.69054,766.680872,142.2764281,34,237,2022
12,PSEMEN,Old,9/1/2022,mature,20,2,10983,9/1/2022,0.01197,-0.0012,0.01284,0.00525,5,0,NA,NA,128.0000096,508.1531494,88.53755423,12,0,25.5,0.996940017,26.37,2.3,1.20E-05,1.28E-05,5.25E-06,2.64E-05,60.651,6.07E-05,11.55257158,0.086560814,0.01322436,1.32E-08,0.396994636,396.9946357,4586.308746,573.9408026,128.0000096,35,244,2022
12,PSEMEN,Old,9/20/2022,mature,20,2,11007,9/20/2022,0.00827,-0.00107,0.01042,0.0036,5,0,NA,NA,129.7222292,498.1347308,68.47507336,12,0,24,0.997319996,17.08,2.3,8.27E-06,1.04E-05,3.60E-06,1.71E-05,39.284,3.93E-05,10.91222241,0.091640361,0.009374974,9.37E-09,0.384001068,384.0010676,4190.304937,727.468707,129.7222292,38,263,2022
12,PSEMEN,Old,10/12/2022,mature,20,2,11043,10/12/2022,0.01097,-0.00033,0.01152,0.00487,5,0,NA,NA,125.256685,538.4084895,91.72932378,12,0,19,0.998430014,16.91,2.3,1.10E-05,1.15E-05,4.87E-06,1.69E-05,38.893,3.89E-05,7.986242579,0.12521533,0.011329688,1.13E-08,0.429844138,429.8441375,3432.839375,586.9535142,125.256685,41,285,2022
12,PSEMEN,Old,10/31/2022,mature,20,2,11055,10/31/2022,0.00982,-0.0011,0.01094,0.00447,5,0,NA,NA,119.6868048,488.3538417,82.68933413,12,0,21.79999924,0.997839987,23.65,2.3,9.82E-06,1.09E-05,4.47E-06,2.37E-05,54.395,5.44E-05,12.16890368,0.082176671,0.010955172,1.10E-08,0.408026473,408.0264734,4965.234786,590.5886737,119.6868048,44,304,2022
12,PSEMEN,Old,11/28/2022,mature,20,2,11079,11/28/2022,0.01199,-0.00103,0.0145,0.00549,5,0,NA,NA,118.3970819,497.953703,72.14206319,12,0,18.70000076,0.998489976,24.1,2.3,1.20E-05,1.45E-05,5.49E-06,2.41E-05,55.43,5.54E-05,10.09653936,0.099043837,0.013053422,1.31E-08,0.420579367,420.5793671,4246.396179,690.240452,118.3970819,48,332,2022
2,PSEMEN,New,6/16/2021,mature,20,2,10420,6/16/2021,0.00824,-0.0014,0.00933,0.00232,5,0,NA,NA,255.1724332,611.5037074,84.45079202,2,0,26,0.996810019,23.907,2.3,8.24E-06,9.33E-06,2.32E-06,2.39E-05,54.9861,5.50E-05,23.70090547,0.042192481,0.009681054,9.68E-09,0.239643337,239.643337,5679.763831,724.0946979,255.1724332,24,167,2021
2,PSEMEN,New,6/22/2021,mature,20,2,10456,6/22/2021,0.01258,-0.0022,0.01706,0.00338,5,0,NA,NA,272.1893569,619.8231655,67.25145904,2,0,26,0.996810019,30.683,2.3,1.26E-05,1.71E-05,3.38E-06,3.07E-05,70.5709,7.06E-05,20.87896516,0.047895094,0.014842943,1.48E-08,0.22771764,227.7176397,4754.508562,921.6501386,272.1893569,25,173,2021
2,PSEMEN,New,10/13/2021,mature,20,2,10540,10/13/2021,0.00846,-0.00052,0.00889,0.00323,5,0,NA,NA,161.9195164,580.5122562,92.40282694,2,0,22,0.997799993,21.622,2.3,8.46E-06,8.89E-06,3.23E-06,2.16E-05,49.7306,4.97E-05,15.39647099,0.064949949,0.009009285,9.01E-09,0.358519031,358.5190315,5519.927623,628.2407968,161.9195164,41,286,2021
2,PSEMEN,New,6/23/2022,mature,20,2,10732,6/23/2022,0.00647,-0.0008,0.00923,0.0015,5,0,NA,NA,331.3333233,681.0810277,64.29495372,2,0,24,0.997319996,19.52,2.3,6.47E-06,9.23E-06,1.50E-06,1.95E-05,44.896,4.49E-05,29.93066641,0.033410549,0.007297223,7.30E-09,0.205557655,205.5576554,6152.477763,1059.307128,331.3333233,25,174,2022
2,PSEMEN,New,6/30/2022,mature,20,2,10768,6/30/2022,0.01069,-0.00137,0.01236,0.00238,5,0,NA,1.210000038,349.1596672,686.4014795,83.26653178,2,0,24.5,0.997200012,25.52,2.3,1.07E-05,1.24E-05,2.38E-06,2.55E-05,58.696,5.87E-05,24.66218527,0.040547907,0.012106617,1.21E-08,0.196586704,196.5867043,4848.257702,824.3425838,349.1596672,26,181,2022
2,PSEMEN,New,7/6/2022,mature,20,2,10780,6/7/2022,0.01276,-0.0015,0.01767,0.00378,5,0,NA,NA,237.5661535,627.063075,64.65083047,2,0,26,0.996810019,26.98,2.3,1.28E-05,1.77E-05,3.78E-06,2.70E-05,62.054,6.21E-05,16.4164025,0.060914686,0.014320729,1.43E-08,0.263953048,263.9530482,4333.159283,969.9226916,237.5661535,27,187,2022
2,PSEMEN,New,7/14/2022,mature,20,2,10828,7/14/2022,0.0085,-0.00048,0.009,0.00305,5,0,NA,NA,178.6885451,604.3306107,91.59665247,2,0,26,0.996810019,15.53,2.3,8.50E-06,9.00E-06,3.05E-06,1.55E-05,35.719,3.57E-05,11.71114777,0.085388727,0.009018243,9.02E-09,0.338203354,338.2033539,3960.749178,659.7736865,178.6885451,28,195,2022
2,PSEMEN,New,7/20/2022,mature,20,2,10863,7/20/2022,0.01172,-0.00121,0.01256,0.00412,5,0,NA,NA,184.4660035,585.287785,90.04739428,2,0,26,0.996810019,27.59,2.3,1.17E-05,1.26E-05,4.12E-06,2.76E-05,63.457,6.35E-05,15.40218382,0.064925858,0.012985065,1.30E-08,0.317287599,317.2875992,4886.922188,649.977481,184.4660035,29,201,2022
2,PSEMEN,New,7/27/2022,mature,20,2,10816,7/27/2022,0.01605,-0.00149,0.016659999,0.00593,5,0,NA,NA,170.6576692,574.3644202,94.31500873,2,0,27,0.99654001,31.36,2.3,1.60E-05,1.67E-05,5.93E-06,3.14E-05,72.128,7.21E-05,12.16323781,0.082214951,0.017619476,1.76E-08,0.336559393,336.5593926,4093.651965,608.9851742,170.6576692,30,208,2022
2,PSEMEN,New,8/3/2022,mature,20,2,10889,3/8/2022,0.01215,-0.00125,0.01263,0.00475,5,0,NA,NA,155.7894787,549.8969801,93.90863028,2,0,26,0.996810019,39.22,2.3,1.21E-05,1.26E-05,4.75E-06,3.92E-05,90.206,9.02E-05,18.99073745,0.052657249,0.013457066,1.35E-08,0.352974408,352.9744081,6703.244186,585.5659682,155.7894787,31,215,2022
2,PSEMEN,New,8/10/2022,mature,20,2,10913,10/8/2022,0.016009999,-0.00164,0.016759999,0.00597,5,0,NA,NA,168.1742029,566.352337,93.04912226,2,0,26.5,0.996680021,28.5,2.3,1.60E-05,1.68E-05,5.97E-06,2.85E-05,65.55,6.56E-05,10.97989982,0.091075512,0.017727479,1.77E-08,0.336765306,336.7653058,3697.649115,608.6595158,168.1742029,32,222,2022
2,PSEMEN,New,8/18/2022,mature,20,2,10937,8/18/2022,0.017270001,-0.00189,0.018379999,0.007,5,0,NA,NA,146.7142874,533.7395079,90.24605659,2,0,26,0.996810019,37.47,2.3,1.73E-05,1.84E-05,7.00E-06,3.75E-05,86.181,8.62E-05,12.31157105,0.081224402,0.019241597,1.92E-08,0.363795163,363.7951627,4478.890222,591.4269588,146.7142874,33,230,2022
2,PSEMEN,New,8/25/2022,mature,20,2,10961,8/25/2022,0.017759999,-0.00163,0.019640001,0.00663,5,0,NA,NA,167.8732842,571.7223123,85.54956782,2,0,25,0.997070014,32.19,2.3,1.78E-05,1.96E-05,6.63E-06,3.22E-05,74.037,7.40E-05,11.166968,0.089549822,0.019467491,1.95E-08,0.340567771,340.5677707,3803.109468,668.2936301,167.8732842,34,237,2022
2,PSEMEN,New,9/1/2022,mature,20,2,10985,9/1/2022,0.00804,-0.00058,0.00874,0.00301,5,0,NA,NA,167.1096173,581.1280143,87.78358405,2,0,25.5,0.996940017,23.12,2.3,8.04E-06,8.74E-06,3.01E-06,2.31E-05,53.176,5.32E-05,17.66644458,0.056604485,0.00865558,8.66E-09,0.347752563,347.7525633,6143.551775,662.0007836,167.1096173,35,244,2022
2,PSEMEN,New,9/20/2022,mature,20,2,11009,9/20/2022,0.01483,-0.00189,0.0166,0.00561,5,0,NA,NA,164.3493778,549.3782447,83.89444954,2,0,24,0.997319996,33.66,2.3,1.48E-05,1.66E-05,5.61E-06,3.37E-05,77.418,7.74E-05,13.8000003,0.072463767,0.016782609,1.68E-08,0.334274614,334.2746135,4612.989745,654.8445668,164.3493778,38,263,2022
2,PSEMEN,New,10/31/2022,mature,20,2,11057,10/31/2022,0.01391,-0.00015,0.01459,0.00567,5,0,NA,NA,145.3262881,584.1782179,92.37668616,2,0,21.79999924,0.997839987,26.45,2.3,1.39E-05,1.46E-05,5.67E-06,2.65E-05,60.835,6.08E-05,10.72927715,0.093202924,0.014105285,1.41E-08,0.401976991,401.9769912,4312.922378,632.3870688,145.3262881,44,304,2022
2,PSEMEN,New,11/28/2022,mature,20,2,11081,11/28/2022,0.01819,-0.00216,0.022290001,0.00733,5,0,NA,NA,148.1582588,532.294554,72.59358103,2,0,18.70000076,0.998489976,33.38,2.3,1.82E-05,2.23E-05,7.33E-06,3.34E-05,76.774,7.68E-05,10.47394279,0.09547503,0.020402238,2.04E-08,0.35927431,359.27431,3763.018514,733.2529219,148.1582588,48,332,2022
2,PSEMEN,Old,4/1/2021,mature,20,2,10263,1/4/2021,0.01496,-0.00109,0.01527,0.00665,5,0,NA,NA,124.9624145,516.0740579,96.40371211,2,0,22,0.997799993,23.921,2.3,1.50E-05,1.53E-05,6.65E-06,2.39E-05,55.0183,5.50E-05,8.273428722,0.120868872,0.016102341,1.61E-08,0.41298344,412.9834399,3416.788921,535.3259191,124.9624145,13,91,2021
2,PSEMEN,Old,4/6/2021,mature,20,2,10275,6/4/2021,0.0148,-0.00093,0.01536,0.007,5,0,NA,NA,111.428565,494.0178897,93.30143962,2,0,24,0.997319996,24.772,2.3,1.48E-05,1.54E-05,7.00E-06,2.48E-05,56.9756,5.70E-05,8.139371177,0.122859614,0.015788902,1.58E-08,0.4433494,443.3493995,3608.58544,529.4858168,111.428565,14,96,2021
2,PSEMEN,Old,4/13/2021,mature,20,2,10286,4/13/2021,0.01543,-0.00127,0.018890001,0.00758,5,0,NA,NA,103.5620017,468.4191276,69.40759572,2,0,23,0.997560024,26.12,2.3,1.54E-05,1.89E-05,7.58E-06,2.61E-05,60.076,6.01E-05,7.925593693,0.126173513,0.016758496,1.68E-08,0.452307905,452.307905,3584.808736,674.8816506,103.5620017,15,103,2021
2,PSEMEN,Old,4/21/2021,mature,20,2,10322,4/21/2021,0.01429,-0.00088,0.01705,0.00766,5,0,NA,NA,86.55352597,435.7704486,70.6070324,2,0,20.5,0.998130023,27.562,2.3,1.43E-05,1.70E-05,7.66E-06,2.76E-05,63.3926,6.34E-05,8.275796216,0.120834295,0.015214432,1.52E-08,0.503469322,503.4693224,4166.609492,617.1771193,86.55352597,16,111,2021
2,PSEMEN,Old,4/27/2021,mature,20,2,10310,4/27/2021,0.01565,-0.00127,0.01905,0.00747,5,0,NA,NA,109.5046891,482.0396663,70.63903486,2,0,20.5,0.998130023,31.421,2.3,1.57E-05,1.91E-05,7.47E-06,3.14E-05,72.2683,7.23E-05,9.674471128,0.103364823,0.016969558,1.70E-08,0.44020003,440.2000295,4258.702409,682.3984321,109.5046891,17,117,2021
2,PSEMEN,Old,4/30/2021,mature,20,2,10359,4/30/2021,0.01231,-0.00073,0.01326,0.00587,5,0,NA,NA,109.7103944,491.8991648,87.14478757,2,0,25,0.997070014,24.284,2.3,1.23E-05,1.33E-05,5.87E-06,2.43E-05,55.8532,5.59E-05,9.515025564,0.105096933,0.013092114,1.31E-08,0.448361501,448.3615013,4266.17109,564.4619472,109.7103944,18,120,2021
2,PSEMEN,Old,5/5/2021,mature,20,2,10383,5/5/2021,0.01585,-0.00248,0.016829999,0.00856,5,0,NA,NA,85.16355265,396.3204754,88.14994948,2,0,23,0.997560024,37.175,2.3,1.59E-05,1.68E-05,8.56E-06,3.72E-05,85.5025,8.55E-05,9.988609828,0.100114032,0.018394205,1.84E-08,0.465363957,465.3639566,4648.338957,449.5980743,85.16355265,18,125,2021
2,PSEMEN,Old,5/10/2021,mature,20,2,10395,10/5/2021,0.0129,-0.0009,0.01379,0.00697,5,0,NA,NA,85.07891623,428.4079444,86.95015014,2,0,21,0.998019993,24.454,2.3,1.29E-05,1.38E-05,6.97E-06,2.45E-05,56.2442,5.62E-05,8.069469168,0.123923889,0.013841947,1.38E-08,0.503541861,503.5418611,4063.315392,492.7052382,85.07891623,19,130,2021
2,PSEMEN,Old,5/14/2021,mature,20,2,10407,5/14/2021,0.01694,-0.0004,0.02083,0.00898,5,0,NA,NA,88.64141199,457.39673,67.1729918,2,0,23.5,0.997439981,35.052,2.3,1.69E-05,2.08E-05,8.98E-06,3.51E-05,80.6196,8.06E-05,8.97768335,0.11138731,0.017402834,1.74E-08,0.51600791,516.0079104,4632.555952,680.9235643,88.64141199,20,134,2021
2,PSEMEN,Old,5/19/2021,mature,20,2,10516,5/19/2021,0.00822,-5.70E-05,0.00881,0.00451,5,0,NA,NA,82.26164982,446.6655153,86.27908339,2,0,23,0.997560024,17.975,2.3,8.22E-06,8.81E-06,4.51E-06,1.80E-05,41.3425,4.13E-05,9.16685168,0.109088707,0.008305992,8.31E-09,0.542981497,542.9814965,4977.430599,517.6984939,82.26164982,20,139,2021
2,PSEMEN,Old,5/24/2021,mature,20,2,10528,5/24/2021,0.01401,-0.00081,0.01684,0.00775,5,0,NA,NA,80.77419705,420.8263715,68.86688982,2,0,24,0.997319996,32.268,2.3,1.40E-05,1.68E-05,7.75E-06,3.23E-05,74.2164,7.42E-05,9.576309834,0.104424357,0.014875494,1.49E-08,0.520991102,520.991102,4989.172121,611.0721315,80.77419705,21,144,2021
2,PSEMEN,Old,5/27/2021,mature,20,2,10371,5/27/2021,0.01183,-0.0013,0.01251,0.00619,5,0,NA,NA,91.11470133,427.8407866,89.2405123,2,0,25,0.997070014,25.444,2.3,1.18E-05,1.25E-05,6.19E-06,2.54E-05,58.5212,5.85E-05,9.454151702,0.105773636,0.013182474,1.32E-08,0.469562848,469.5628477,4439.3184,479.4243955,91.11470133,21,147,2021
2,PSEMEN,Old,6/1/2021,mature,20,2,10504,1/6/2021,0.01737,-0.0011,0.018139999,0.00894,5,0,NA,NA,94.29530551,454.4803343,91.63044631,2,0,26,0.996810019,33.042,2.3,1.74E-05,1.81E-05,8.94E-06,3.30E-05,75.9966,7.60E-05,8.500738172,0.117636843,0.018548658,1.85E-08,0.481975576,481.9755757,4097.148109,495.9927105,94.29530551,22,152,2021
2,PSEMEN,Old,6/4/2021,mature,20,2,10468,4/6/2021,0.01646,-0.00088,0.01974,0.00946,5,0,NA,NA,73.9957616,402.1364178,68.09337795,2,0,24.5,0.997200012,37.069,2.3,1.65E-05,1.97E-05,9.46E-06,3.71E-05,85.2587,8.53E-05,9.012547263,0.110956422,0.017407027,1.74E-08,0.543458688,543.458688,4897.947387,590.5661166,73.9957616,23,155,2021
2,PSEMEN,Old,6/9/2021,mature,20,2,10480,9/6/2021,0.019330001,-0.00094,0.01998,0.01044,5,0,NA,NA,85.15325564,436.9430313,93.18658462,2,0,24,0.997319996,37.6,2.3,1.93E-05,2.00E-05,1.04E-05,3.76E-05,86.48,8.65E-05,8.28352464,0.120721558,0.020345903,2.03E-08,0.513125427,513.1254269,4250.487358,468.8904879,85.15325564,23,160,2021
2,PSEMEN,Old,6/16/2021,mature,20,2,10432,6/16/2021,0.01198,-0.00095,0.01448,0.00612,5,0,NA,NA,95.7516321,451.2876966,70.09569005,2,0,26,0.996810019,25.189,2.3,1.20E-05,1.45E-05,6.12E-06,2.52E-05,57.9347,5.79E-05,9.466454195,0.105636174,0.012985065,1.30E-08,0.471310706,471.3107056,4461.641242,643.8166116,95.7516321,24,167,2021
2,PSEMEN,Old,6/22/2021,mature,20,2,10444,6/22/2021,0.01864,-0.0013,0.019540001,0.00893,5,0,NA,NA,108.7346173,484.8959002,91.51743416,2,0,26,0.996810019,35.893,2.3,1.86E-05,1.95E-05,8.93E-06,3.59E-05,82.5539,8.26E-05,9.244558142,0.108171747,0.020024918,2.00E-08,0.445944398,445.9443977,4122.558624,529.8399203,108.7346173,25,173,2021
2,PSEMEN,Old,10/13/2021,mature,20,2,10560,10/13/2021,0.01254,-0.00153,0.0131,0.00574,5,0,NA,NA,118.4668938,481.7268278,92.3912972,2,0,22,0.997799993,23.739,2.3,1.25E-05,1.31E-05,5.74E-06,2.37E-05,54.5997,5.46E-05,9.512142965,0.105128782,0.014115884,1.41E-08,0.406634127,406.6341266,3867.96202,521.3984893,118.4668938,41,286,2021
2,PSEMEN,Old,3/16/2022,mature,20,2,10580,3/16/2022,0.00892,-0.00164,0.00908,0.0037,5,0,NA,NA,141.0810792,492.820165,97.02601709,2,0,21,0.998019993,24.91,2.3,8.92E-06,9.08E-06,3.70E-06,2.49E-05,57.293,5.73E-05,15.48459459,0.064580315,0.010592099,1.06E-08,0.349316978,349.3169784,5409.031815,507.9257912,141.0810792,11,75,2022
2,PSEMEN,Old,3/30/2022,mature,20,2,10592,3/30/2022,0.00759,-0.00064,0.00759,0.00347,5,0,NA,NA,118.7319829,498.8601537,100,2,0,23,0.997560024,17.56,2.3,7.59E-06,7.59E-06,3.47E-06,1.76E-05,40.388,4.04E-05,11.63919271,0.085916612,0.008258827,8.26E-09,0.420156497,420.1564965,4890.282568,498.8601537,118.7319829,13,89,2022
2,PSEMEN,Old,4/13/2022,mature,20,2,10604,4/13/2022,0.01324,-0.00063,0.016790001,0.00676,5,0,NA,NA,95.85799783,465.676793,64.60617989,2,0,22,0.997799993,28.107,2.3,1.32E-05,1.68E-05,6.76E-06,2.81E-05,64.6461,6.46E-05,9.563032848,0.104569337,0.013915231,1.39E-08,0.485798605,485.7986054,4645.707785,720.7929548,95.85799783,15,103,2022
2,PSEMEN,Old,4/20/2022,mature,20,2,10615,4/20/2022,0.01052,-0.00062,0.0124,0.00499,5,0,NA,NA,110.8216514,494.4978961,74.62887709,2,0,24.5,0.997200012,23.285,2.3,1.05E-05,1.24E-05,4.99E-06,2.33E-05,53.5555,5.36E-05,10.73256553,0.093174367,0.011183061,1.12E-08,0.446210564,446.2105635,4788.983929,662.6093215,110.8216514,16,110,2022
2,PSEMEN,Old,4/27/2022,mature,20,2,10627,4/27/2022,0.00557,-0.00048,0.00567,0.00227,5,0,NA,NA,145.374445,543.5506315,97.05882836,2,0,23,0.997560024,12.218,2.3,5.57E-06,5.67E-06,2.27E-06,1.22E-05,28.1014,2.81E-05,12.37947106,0.080778896,0.006071191,6.07E-09,0.373896953,373.8969531,4628.646606,560.0218349,145.374445,17,117,2022
2,PSEMEN,Old,5/4/2022,mature,20,2,10639,4/5/2022,0.01275,-0.00172,0.01421,0.00615,5,0,NA,NA,107.3170761,454.4145392,81.8858566,2,0,24,0.997319996,26.594,2.3,1.27E-05,1.42E-05,6.15E-06,2.66E-05,61.1662,6.12E-05,9.945723905,0.100545723,0.014524183,1.45E-08,0.423431723,423.4317231,4211.33496,554.9365398,107.3170761,18,124,2022
2,PSEMEN,Old,5/11/2022,mature,20,2,10652,11/5/2022,0.0106,-0.00041,0.01279,0.00573,5,0,NA,NA,84.99127312,440.6750337,68.98016553,2,0,24,0.997319996,20.067,2.3,1.06E-05,1.28E-05,5.73E-06,2.01E-05,46.1541,4.62E-05,8.054816952,0.124149314,0.011051227,1.11E-08,0.518494448,518.4944478,4176.377882,638.8431085,84.99127312,19,131,2022
2,PSEMEN,Old,5/18/2022,mature,20,2,10664,5/18/2022,0.00954,-0.00026,0.01174,0.00548,5,0,NA,NA,74.08759701,412.7402136,64.85623117,2,0,24,0.997319996,17.682,2.3,9.54E-06,1.17E-05,5.48E-06,1.77E-05,40.6686,4.07E-05,7.421277619,0.134747688,0.009836696,9.84E-09,0.557097603,557.0976032,4134.375838,636.392535,74.08759701,20,138,2022
2,PSEMEN,Old,5/26/2022,mature,20,2,10676,5/26/2022,0.01166,-0.00015,0.01451,0.00625,5,0,NA,NA,86.56000217,456.3774534,65.49637041,2,0,24,0.997319996,22.429,2.3,1.17E-05,1.45E-05,6.25E-06,2.24E-05,51.5867,5.16E-05,8.253871877,0.121155261,0.011854223,1.19E-08,0.527238271,527.2382708,4351.757085,696.7980829,86.56000217,21,146,2022
2,PSEMEN,Old,6/1/2022,mature,20,2,10688,1/6/2022,0.01239,-7.00E-05,0.01282,0.00691,5,0,NA,NA,79.30535196,438.1666463,92.72419582,2,0,24,0.997319996,22.703,2.3,1.24E-05,1.28E-05,6.91E-06,2.27E-05,52.2169,5.22E-05,7.55671491,0.132332636,0.012506657,1.25E-08,0.552505763,552.5057629,4175.128597,472.548338,79.30535196,22,152,2022
2,PSEMEN,Old,6/8/2022,mature,20,2,10700,8/6/2022,0.0146,-0.00026,0.01544,0.00774,5,0,NA,NA,88.63050035,459.9198333,89.09091129,2,0,24,0.997319996,23.21,2.3,1.46E-05,1.54E-05,7.74E-06,2.32E-05,53.383,5.34E-05,6.897028604,0.144989974,0.014915644,1.49E-08,0.518918266,518.9182663,3578.993951,516.2365348,88.63050035,23,159,2022
2,PSEMEN,Old,6/16/2022,mature,20,2,10712,6/16/2022,0.016209999,-0.00064,0.01925,0.00734,5,0,NA,NA,120.844674,524.4456663,74.47522397,2,0,24,0.997319996,34.71,2.3,1.62E-05,1.92E-05,7.34E-06,3.47E-05,79.833,7.98E-05,10.8764305,0.091941929,0.016913094,1.69E-08,0.43398327,433.9832699,4720.188859,704.1881022,120.844674,24,167,2022
2,PSEMEN,Old,6/23/2022,mature,20,2,10744,6/23/2022,0.01193,-0.0002,0.01414,0.00784,5,0,NA,NA,52.16836601,335.9226653,64.92063875,2,0,24,0.997319996,29.87,2.3,1.19E-05,1.41E-05,7.84E-06,2.99E-05,68.701,6.87E-05,8.762882549,0.1141177,0.012175421,1.22E-08,0.643920229,643.9202293,5642.597395,517.4358598,52.16836601,25,174,2022
2,PSEMEN,Old,6/30/2022,mature,20,2,10756,6/30/2022,0.01225,-0.00039,0.01467,0.00629,5,0,NA,1.289999962,94.75357412,469.7033647,71.1217113,2,0,24.5,0.997200012,35.43,2.3,1.22E-05,1.47E-05,6.29E-06,3.54E-05,81.489,8.15E-05,12.95532605,0.077188331,0.012688859,1.27E-08,0.495710438,495.7104385,6422.090453,660.4219107,94.75357412,26,181,2022
2,PSEMEN,Old,7/6/2022,mature,20,2,10792,6/7/2022,0.01379,-0.00056,0.01407,0.00743,5,0,NA,NA,85.59892062,441.3837266,95.78314208,2,0,25.5,0.996940017,25.78,2.3,1.38E-05,1.41E-05,7.43E-06,2.58E-05,59.294,5.93E-05,7.980349685,0.125307792,0.014409231,1.44E-08,0.51564169,515.6416896,4115.001051,460.8156686,85.59892062,27,187,2022
2,PSEMEN,Old,7/14/2022,mature,20,2,10839,7/14/2022,0.00986,-0.0011,0.01193,0.00414,5,0,NA,NA,138.1642507,519.684639,73.42746665,2,0,26,0.996810019,21.4,2.3,9.86E-06,1.19E-05,4.14E-06,2.14E-05,49.22,4.92E-05,11.88888929,0.084112147,0.011006675,1.10E-08,0.376135387,376.1353873,4471.831976,707.7523748,138.1642507,28,195,2022
2,PSEMEN,Old,7/20/2022,mature,20,2,10851,7/20/2022,0.00941,-0.00084,0.01193,0.00381,5,0,NA,NA,146.981644,544.0246657,68.96552228,2,0,26,0.996810019,NA,2.3,9.41E-06,1.19E-05,3.81E-06,NA,NA,NA,NA,NA,0.010293651,1.03E-08,0.370131049,370.1310487,NA,788.8357076,NA,29,201,2022
2,PSEMEN,Old,7/27/2022,mature,20,2,10804,7/27/2022,0.01177,-0.00079,0.01426,0.0053,5,0,NA,NA,122.0754735,512.8038225,72.2098222,2,0,27,0.99654001,24.44,2.3,1.18E-05,1.43E-05,5.30E-06,2.44E-05,56.212,5.62E-05,10.60603805,0.094285915,0.012616911,1.26E-08,0.420071136,420.0711359,4455.290401,710.1579908,122.0754735,30,208,2022
2,PSEMEN,Old,8/3/2022,mature,20,2,10877,3/8/2022,0.00897,-0.00083,0.01106,0.00392,5,0,NA,NA,128.8265241,513.1208957,70.72828509,2,0,26,0.996810019,20.7,2.3,8.97E-06,1.11E-05,3.92E-06,2.07E-05,47.61,4.76E-05,12.14540802,0.082335645,0.009841735,9.84E-09,0.398303753,398.3037532,4837.561741,725.4818847,128.8265241,31,215,2022
2,PSEMEN,Old,8/10/2022,mature,20,2,10901,10/8/2022,0.00905,-0.00087,0.0109,0.00388,5,0,NA,NA,133.247436,518.8915393,73.64672912,2,0,26.5,0.996680021,17.32,2.3,9.05E-06,1.09E-05,3.88E-06,1.73E-05,39.836,3.98E-05,10.26701038,0.097399337,0.009963547,9.96E-09,0.38941955,389.4195502,3998.174357,704.5683434,133.247436,32,222,2022
2,PSEMEN,Old,8/18/2022,mature,20,2,10925,8/18/2022,0.0086,-0.00081,0.00921,0.00385,5,0,NA,NA,123.3766322,502.6415765,88.61941154,2,0,26,0.996810019,22.71,2.3,8.60E-06,9.21E-06,3.85E-06,2.27E-05,52.233,5.22E-05,13.56701306,0.073708192,0.009450074,9.45E-09,0.407404211,407.4042109,5527.25805,567.1912821,123.3766322,33,230,2022
2,PSEMEN,Old,8/25/2022,mature,20,2,10949,8/25/2022,0.01075,-0.00041,0.0133,0.00472,5,0,NA,NA,127.7542409,538.171789,70.27972622,2,0,25,0.997070014,21.59,2.3,1.08E-05,1.33E-05,4.72E-06,2.16E-05,49.657,4.97E-05,10.52055066,0.095052059,0.011204601,1.12E-08,0.421255524,421.255524,4431.840014,765.7568092,127.7542409,34,237,2022
2,PSEMEN,Old,9/1/2022,mature,20,2,10973,9/1/2022,0.01062,-0.00039,0.01328,0.00453,5,0,NA,NA,134.4370808,550.8597948,69.60000119,2,0,25.5,0.996940017,19.65,2.3,1.06E-05,1.33E-05,4.53E-06,1.97E-05,45.195,4.52E-05,9.976821116,0.100232327,0.011055445,1.11E-08,0.40975286,409.7528596,4088.031071,791.4652089,134.4370808,35,244,2022
2,PSEMEN,Old,9/20/2022,mature,20,2,10997,9/20/2022,0.012,-0.0013,0.0155,0.00519,5,0,NA,NA,131.2138776,510.1199229,66.05237917,2,0,24,0.997319996,29.15,2.3,1.20E-05,1.55E-05,5.19E-06,2.92E-05,67.045,6.70E-05,12.91811191,0.077410693,0.013349802,1.33E-08,0.388769803,388.7698026,5022.171718,772.2960616,131.2138776,38,263,2022
2,PSEMEN,Old,10/12/2022,mature,20,2,11033,10/12/2022,0.0141,-0.00195,0.01502,0.00684,5,0,NA,NA,106.1403568,451.1511703,88.75306152,2,0,19,0.998430014,25.77,2.3,1.41E-05,1.50E-05,6.84E-06,2.58E-05,59.271,5.93E-05,8.665350967,0.115402135,0.016092168,1.61E-08,0.425051502,425.051502,3683.220356,508.3218117,106.1403568,41,285,2022
2,PSEMEN,Old,10/31/2022,mature,20,2,11045,10/31/2022,0.01298,-0.00082,0.01375,0.00586,5,0,NA,NA,121.5017116,514.2856095,90.24081358,2,0,21.79999924,0.997839987,22.28,2.3,1.30E-05,1.37E-05,5.86E-06,2.23E-05,51.244,5.12E-05,8.744710021,0.11435485,0.013844448,1.38E-08,0.423274384,423.2743842,3701.411663,569.9035604,121.5017116,44,304,2022
2,PSEMEN,Old,11/28/2022,mature,20,2,11069,11/28/2022,0.01004,-0.00061,0.01218,0.00452,5,0,NA,NA,122.1238976,516.9827824,72.06266804,2,0,18.70000076,0.998489976,20.86,2.3,1.00E-05,1.22E-05,4.52E-06,2.09E-05,47.978,4.80E-05,10.61460187,0.094209845,0.010677338,1.07E-08,0.423326475,423.3264747,4493.441918,717.4072186,122.1238976,48,332,2022
3,PSEMEN,New,6/16/2021,mature,20,2,10421,6/16/2021,0.00733,-0.00117,0.00834,0.00198,5,0,NA,NA,270.2020276,626.7426784,84.11949366,3,0,26,0.996810019,16.247,2.3,7.33E-06,8.34E-06,1.98E-06,1.62E-05,37.3681,3.74E-05,18.87277832,0.052986369,0.008536199,8.54E-09,0.231953362,231.9533621,4377.60432,745.0623525,270.2020276,24,167,2021
3,PSEMEN,New,6/22/2021,mature,20,2,10457,6/22/2021,0.0107,-0.00213,0.01126,0.00296,5,0,NA,NA,261.4865073,600.7153464,93.25301686,3,0,26,0.996810019,25.169,2.3,1.07E-05,1.13E-05,2.96E-06,2.52E-05,57.8887,5.79E-05,19.55699355,0.051132604,0.012884639,1.29E-08,0.229730925,229.7309254,4492.846027,644.1779222,261.4865073,25,173,2021
3,PSEMEN,New,10/13/2021,mature,20,2,10541,10/13/2021,0.0118,-0.00117,0.01238,0.00474,5,0,NA,NA,148.9451691,542.5637598,92.40838054,3,0,22,0.997799993,24.98,2.3,1.18E-05,1.24E-05,4.74E-06,2.50E-05,57.454,5.75E-05,12.12109763,0.082500779,0.013012296,1.30E-08,0.364270829,364.2708293,4415.361938,587.1369638,148.9451691,41,286,2021
3,PSEMEN,New,6/23/2022,mature,20,2,10733,6/23/2022,0.00777,-0.00153,0.00937,0.00171,5,0,NA,NA,354.3859711,649.1820223,79.11227087,3,0,24,0.997319996,26.97,2.3,7.77E-06,9.37E-06,1.71E-06,2.70E-05,62.031,6.20E-05,36.27543897,0.027566861,0.009334824,9.33E-09,0.183185025,183.1850254,6645.117119,820.5832233,354.3859711,25,174,2022
3,PSEMEN,New,6/30/2022,mature,20,2,10769,6/30/2022,0.01094,-0.00133,0.01265,0.00294,5,0,NA,1.190000057,272.1088532,649.4861929,82.38929418,3,0,24.5,0.997200012,28.72,2.3,1.09E-05,1.26E-05,2.94E-06,2.87E-05,66.056,6.61E-05,22.46802694,0.044507691,0.012317429,1.23E-08,0.238686173,238.6861725,5362.80724,788.3138208,272.1088532,26,181,2022
3,PSEMEN,New,7/6/2022,mature,20,2,10781,6/7/2022,0.01011,-0.00126,0.01122,0.00319,5,0,NA,NA,216.9278968,606.0382482,86.17684123,3,0,26,0.996810019,25.49,2.3,1.01E-05,1.12E-05,3.19E-06,2.55E-05,58.627,5.86E-05,18.37836947,0.054411791,0.011418421,1.14E-08,0.279373125,279.373125,5134.422545,703.2495501,216.9278968,27,187,2022
3,PSEMEN,New,7/14/2022,mature,20,2,10829,7/14/2022,0.01021,-0.00149,0.01271,0.00362,5,0,NA,NA,182.0441913,560.8593337,72.49724612,3,0,26,0.996810019,25.46,2.3,1.02E-05,1.27E-05,3.62E-06,2.55E-05,58.558,5.86E-05,16.17624269,0.061819053,0.011749827,1.17E-08,0.308089655,308.0896552,4983.733144,773.6284669,182.0441913,28,195,2022
3,PSEMEN,New,7/20/2022,mature,20,2,10864,7/20/2022,0.0086,-0.0012,0.00907,0.00302,5,0,NA,NA,184.7682267,566.9732147,92.23141474,3,0,26,0.996810019,19.3,2.3,8.60E-06,9.07E-06,3.02E-06,1.93E-05,44.39,4.44E-05,14.69867576,0.06803334,0.009841735,9.84E-09,0.306856463,306.8564629,4510.383412,614.7289579,184.7682267,29,201,2022
3,PSEMEN,New,7/27/2022,mature,20,2,10817,7/27/2022,0.01544,-0.00142,0.01606,0.00593,5,0,NA,NA,160.3709993,561.5126738,93.87956519,3,0,27,0.99654001,32.66,2.3,1.54E-05,1.61E-05,5.93E-06,3.27E-05,75.118,7.51E-05,12.66745366,0.078942464,0.016936394,1.69E-08,0.350133556,350.1335556,4435.300523,598.1202327,160.3709993,30,208,2022
3,PSEMEN,New,8/3/2022,mature,20,2,10890,3/8/2022,0.0153,-0.00292,0.02005,0.00581,5,0,NA,NA,163.3390719,518.6474491,66.64325716,3,0,26,0.996810019,47.8,2.3,1.53E-05,2.01E-05,5.81E-06,4.78E-05,109.94,0.00010994,18.92254732,0.052847007,0.018297593,1.83E-08,0.317528102,317.5281018,6008.440469,778.2444485,163.3390719,31,215,2022
3,PSEMEN,New,8/10/2022,mature,20,2,10914,10/8/2022,0.01381,-0.00173,0.0147,0.00531,5,0,NA,NA,160.0753407,544.5849325,90.52183421,3,0,26.5,0.996680021,26.91,2.3,1.38E-05,1.47E-05,5.31E-06,2.69E-05,61.893,6.19E-05,11.65593238,0.085793223,0.015608218,1.56E-08,0.340205401,340.2054009,3965.410987,601.6061619,160.0753407,32,222,2022
3,PSEMEN,New,8/18/2022,mature,20,2,10938,8/18/2022,0.01267,-0.00148,0.01357,0.00485,5,0,NA,NA,161.2371074,550.3065923,89.67889558,3,0,26,0.996810019,32.77,2.3,1.27E-05,1.36E-05,4.85E-06,3.28E-05,75.371,7.54E-05,15.54041191,0.064348359,0.01421026,1.42E-08,0.341302686,341.302686,5303.984461,613.6411346,161.2371074,33,230,2022
3,PSEMEN,New,8/25/2022,mature,20,2,10962,8/25/2022,0.01441,-0.00134,0.01503,0.00548,5,0,NA,NA,162.9562185,564.7272209,93.5078531,3,0,25,0.997070014,28.26,2.3,1.44E-05,1.50E-05,5.48E-06,2.83E-05,64.998,6.50E-05,11.8609493,0.084310284,0.015812945,1.58E-08,0.346551518,346.5515178,4110.429781,603.9356077,162.9562185,34,237,2022
3,PSEMEN,New,9/1/2022,mature,20,2,10986,9/1/2022,0.01557,-0.00161,0.01667,0.00615,5,0,NA,NA,153.170737,546.0581052,89.5437263,3,0,25.5,0.996940017,29.1,2.3,1.56E-05,1.67E-05,6.15E-06,2.91E-05,66.93,6.69E-05,10.88292719,0.091887043,0.017250912,1.73E-08,0.356502899,356.5028994,3879.795002,609.8228517,153.170737,35,244,2022
3,PSEMEN,New,9/20/2022,mature,20,2,11010,9/20/2022,0.0166,-0.00222,0.01808,0.00624,5,0,NA,NA,166.0256361,548.4246165,87.49999902,3,0,24,0.997319996,35.74,2.3,1.66E-05,1.81E-05,6.24E-06,3.57E-05,82.202,8.22E-05,13.1733974,0.075910562,0.018890472,1.89E-08,0.330325254,330.3252542,4351.505939,626.7709973,166.0256361,38,263,2022
3,PSEMEN,New,10/31/2022,mature,20,2,11058,10/31/2022,0.01764,-0.00111,0.021229999,0.00683,5,0,NA,NA,158.2723366,574.6823903,75.06945064,3,0,21.79999924,0.997839987,30.03,2.3,1.76E-05,2.12E-05,6.83E-06,3.00E-05,69.069,6.91E-05,10.11259173,0.098886618,0.018810391,1.88E-08,0.363097191,363.0971905,3671.853534,765.5342958,158.2723366,44,304,2022
3,PSEMEN,New,11/28/2022,mature,20,2,11082,11/28/2022,0.01146,-0.00039,0.01345,0.00458,5,0,NA,NA,150.2183372,579.1041623,77.56481839,3,0,18.70000076,0.998489976,19.71,2.3,1.15E-05,1.35E-05,4.58E-06,1.97E-05,45.333,4.53E-05,9.898035043,0.101030154,0.011880419,1.19E-08,0.385508298,385.508298,3815.774691,746.6067404,150.2183372,48,332,2022
3,PSEMEN,Old,4/1/2021,mature,20,2,10264,1/4/2021,0.01429,-0.00098,0.01692,0.00622,5,0,NA,NA,129.7427753,526.7694028,75.42056176,3,0,22,0.997799993,20.027,2.3,1.43E-05,1.69E-05,6.22E-06,2.00E-05,46.0621,4.61E-05,7.405482476,0.135035091,0.015319797,1.53E-08,0.406010604,406.010604,3006.704283,698.4426932,129.7427753,13,91,2021
3,PSEMEN,Old,4/6/2021,mature,20,2,10276,6/4/2021,0.01212,-0.00083,0.0144,0.00562,5,0,NA,NA,115.6583664,500.0580263,74.03189387,3,0,24,0.997319996,19.657,2.3,1.21E-05,1.44E-05,5.62E-06,1.97E-05,45.2111,4.52E-05,8.044679783,0.124305756,0.012998492,1.30E-08,0.432357856,432.3578558,3478.180457,675.4629663,115.6583664,14,96,2021
3,PSEMEN,Old,4/13/2021,mature,20,2,10287,4/13/2021,0.01615,-0.0015,0.017139999,0.00745,5,0,NA,NA,116.7785202,491.1973097,89.78328487,3,0,23,0.997560024,25.854,2.3,1.61E-05,1.71E-05,7.45E-06,2.59E-05,59.4642,5.95E-05,7.981771901,0.125285464,0.017711823,1.77E-08,0.42062299,420.6229903,3357.316807,547.0921569,116.7785202,15,103,2021
3,PSEMEN,Old,4/21/2021,mature,20,2,10323,4/21/2021,0.0127,-0.00118,0.01342,0.00604,5,0,NA,NA,110.2649019,478.4257967,90.24390367,3,0,20.5,0.998130023,17.585,2.3,1.27E-05,1.34E-05,6.04E-06,1.76E-05,40.4455,4.04E-05,6.696274955,0.149336759,0.013920654,1.39E-08,0.433887658,433.887658,2905.431034,530.1474972,110.2649019,16,111,2021
3,PSEMEN,Old,4/27/2021,mature,20,2,10311,4/27/2021,0.01382,-0.00016,0.01417,0.00682,5,0,NA,NA,102.6393027,499.2530271,95.23809101,3,0,20.5,0.998130023,23.161,2.3,1.38E-05,1.42E-05,6.82E-06,2.32E-05,53.2703,5.33E-05,7.810894684,0.128026307,0.014020947,1.40E-08,0.486415076,486.4150765,3799.336816,524.2157017,102.6393027,17,117,2021
3,PSEMEN,Old,4/30/2021,mature,20,2,10360,4/30/2021,0.01552,-0.00165,0.017039999,0.00782,5,0,NA,NA,98.46547336,446.6714922,83.51410454,3,0,25,0.997070014,34.793,2.3,1.55E-05,1.70E-05,7.82E-06,3.48E-05,80.0239,8.00E-05,10.23323537,0.097720805,0.01723862,1.72E-08,0.453632606,453.6326057,4642.129223,534.8455745,98.46547336,18,120,2021
3,PSEMEN,Old,5/5/2021,mature,20,2,10384,5/5/2021,0.01388,-0.0111,0.01516,0.00708,5,0,NA,NA,96.04520703,271.2676181,84.15842212,3,0,23,0.997560024,33.69,2.3,1.39E-05,1.52E-05,7.08E-06,3.37E-05,77.487,7.75E-05,10.94449169,0.091370164,0.025067498,2.51E-08,0.28243744,282.4374405,3091.134147,322.3297339,96.04520703,18,125,2021
3,PSEMEN,Old,5/10/2021,mature,20,2,10396,10/5/2021,0.01337,-0.00114,0.01426,0.0072,5,0,NA,NA,85.69444522,423.9353617,87.39377019,3,0,21,0.998019993,25.477,2.3,1.34E-05,1.43E-05,7.20E-06,2.55E-05,58.5971,5.86E-05,8.138486251,0.122872973,0.014554106,1.46E-08,0.494705767,494.7057668,4026.156076,485.0864779,85.69444522,19,130,2021
3,PSEMEN,Old,5/14/2021,mature,20,2,10408,5/14/2021,0.017200001,-0.0002,0.021059999,0.00916,5,0,NA,NA,87.7729342,460.4006612,67.56303469,3,0,23.5,0.997439981,36.663,2.3,1.72E-05,2.11E-05,9.16E-06,3.67E-05,84.3249,8.43E-05,9.20577521,0.108627462,0.017463052,1.75E-08,0.52453602,524.5360196,4828.760747,681.4386939,87.7729342,20,134,2021
3,PSEMEN,Old,5/19/2021,mature,20,2,10517,5/19/2021,0.01021,-0.00076,0.01086,0.00549,5,0,NA,NA,85.97450229,428.7625274,87.89571997,3,0,23,0.997560024,17.899,2.3,1.02E-05,1.09E-05,5.49E-06,1.79E-05,41.1677,4.12E-05,7.498670454,0.133356974,0.011008425,1.10E-08,0.498708948,498.7089478,3739.65398,487.8081977,85.97450229,20,139,2021
3,PSEMEN,Old,5/24/2021,mature,20,2,10529,5/24/2021,0.01022,-0.00171,0.01244,0.00501,5,0,NA,NA,103.9920092,435.0849605,70.12112772,3,0,24,0.997319996,25.874,2.3,1.02E-05,1.24E-05,5.01E-06,2.59E-05,59.5102,5.95E-05,11.87828352,0.084187248,0.011974672,1.20E-08,0.418383058,418.3830575,4969.672721,620.4762739,103.9920092,21,144,2021
3,PSEMEN,Old,5/27/2021,mature,20,2,10372,5/27/2021,0.00992,-0.00084,0.01049,0.00551,5,0,NA,NA,80.03629792,408.2198555,88.55421433,3,0,25,0.997070014,22.308,2.3,9.92E-06,1.05E-05,5.51E-06,2.23E-05,51.3084,5.13E-05,9.31186925,0.107389824,0.010803002,1.08E-08,0.5100434,510.0434003,4749.457457,460.9829793,80.03629792,21,147,2021
3,PSEMEN,Old,6/1/2021,mature,20,2,10505,1/6/2021,0.017480001,-0.00166,0.018069999,0.00911,5,0,NA,NA,91.87706787,435.449663,93.41519549,3,0,26,0.996810019,37.125,2.3,1.75E-05,1.81E-05,9.11E-06,3.71E-05,85.3875,8.54E-05,9.372941838,0.106690089,0.019221512,1.92E-08,0.473948145,473.9481455,4442.28844,466.1443577,91.87706787,22,152,2021
3,PSEMEN,Old,6/4/2021,mature,20,2,10469,4/6/2021,0.016589999,-0.00069,0.020129999,0.00855,5,0,NA,NA,94.03506979,463.4861484,69.43004902,3,0,24.5,0.997200012,29.436,2.3,1.66E-05,2.01E-05,8.55E-06,2.94E-05,67.7028,6.77E-05,7.918455791,0.126287249,0.017346794,1.73E-08,0.492886467,492.8864674,3902.899827,667.5584347,94.03506979,23,155,2021
3,PSEMEN,Old,6/9/2021,mature,20,2,10481,9/6/2021,0.00937,-0.00108,0.00972,0.00461,5,0,NA,NA,103.2537904,453.803102,93.15067869,3,0,24,0.997319996,22.578,2.3,9.37E-06,9.72E-06,4.61E-06,2.26E-05,51.9294,5.19E-05,11.2645115,0.088774378,0.01048913,1.05E-08,0.439502593,439.5025935,4950.782181,487.1710098,103.2537904,23,160,2021
3,PSEMEN,Old,6/16/2021,mature,20,2,10433,6/16/2021,0.01218,-0.0013,0.01266,0.006,5,0,NA,NA,102.9999918,456.5128134,92.7927933,3,0,26,0.996810019,23.566,2.3,1.22E-05,1.27E-05,6.00E-06,2.36E-05,54.2018,5.42E-05,9.033633255,0.110697432,0.013537407,1.35E-08,0.443216343,443.2163425,4003.85404,491.9701166,102.9999918,24,167,2021
3,PSEMEN,Old,6/22/2021,mature,20,2,10445,6/22/2021,0.018209999,-0.00019,0.02172,0.00984,5,0,NA,NA,85.06096187,452.9622447,70.45454189,3,0,26,0.996810019,32.487,2.3,1.82E-05,2.17E-05,9.84E-06,3.25E-05,74.7201,7.47E-05,7.593505773,0.131691478,0.018478359,1.85E-08,0.532514829,532.5148294,4043.654509,642.9141863,85.06096187,25,173,2021
3,PSEMEN,Old,10/13/2021,mature,20,2,10561,10/13/2021,0.01065,-0.00134,0.01128,0.00488,5,0,NA,NA,118.237701,479.6701044,90.156241,3,0,22,0.997799993,22.359,2.3,1.06E-05,1.13E-05,4.88E-06,2.24E-05,51.4257,5.14E-05,10.53805348,0.094894185,0.012029101,1.20E-08,0.405682868,405.6828679,4275.107831,532.0431499,118.237701,41,286,2021
3,PSEMEN,Old,3/16/2022,mature,20,2,10581,3/16/2022,0.01213,-0.00164,0.01424,0.00508,5,0,NA,NA,138.7795201,510.4310133,76.96505878,3,0,21,0.998019993,30.81,2.3,1.21E-05,1.42E-05,5.08E-06,3.08E-05,70.863,7.09E-05,13.94940936,0.071687623,0.013811856,1.38E-08,0.367799946,367.7999459,5130.592144,663.1983674,138.7795201,11,75,2022
3,PSEMEN,Old,3/30/2022,mature,20,2,10593,3/30/2022,0.01087,-0.00119,0.01354,0.00494,5,0,NA,NA,120.0404975,489.9918431,68.953495,3,0,23,0.997560024,23.26,2.3,1.09E-05,1.35E-05,4.94E-06,2.33E-05,53.498,5.35E-05,10.82955488,0.092339899,0.012102243,1.21E-08,0.4081888,408.1888003,4420.502804,710.6120481,120.0404975,13,89,2022
3,PSEMEN,Old,4/13/2022,mature,20,2,10605,4/13/2022,0.01176,-0.00034,0.01472,0.00539,5,0,NA,NA,118.1818182,524.7350702,68.2743826,3,0,22,0.997799993,24.773,2.3,1.18E-05,1.47E-05,5.39E-06,2.48E-05,56.9779,5.70E-05,10.57103884,0.094598082,0.012139459,1.21E-08,0.444006598,444.0065979,4693.610989,768.5680196,118.1818182,15,103,2022
3,PSEMEN,Old,4/20/2022,mature,20,2,10616,4/20/2022,0.01088,-0.0005,0.01288,0.00519,5,0,NA,NA,109.6339131,498.0747198,73.99219457,3,0,24.5,0.997200012,21.438,2.3,1.09E-05,1.29E-05,5.19E-06,2.14E-05,49.3074,4.93E-05,9.500462541,0.105258033,0.011423989,1.14E-08,0.454307167,454.3071674,4316.128182,673.1449482,109.6339131,16,110,2022
3,PSEMEN,Old,4/27/2022,mature,20,2,10628,4/27/2022,0.00618,-0.00028,0.00744,0.0034,5,0,NA,NA,81.76470423,428.8384487,68.81188418,3,0,23,0.997560024,15.761,2.3,6.18E-06,7.44E-06,3.40E-06,1.58E-05,36.2503,3.63E-05,10.6618528,0.093792328,0.006482628,6.48E-09,0.524478684,524.4786844,5591.914577,623.2040494,81.76470423,17,117,2022
3,PSEMEN,Old,5/4/2022,mature,20,2,10640,4/5/2022,0.01535,-0.00079,0.019339999,0.00798,5,0,NA,NA,92.35588425,454.9259922,64.87676453,3,0,24,0.997319996,31.923,2.3,1.54E-05,1.93E-05,7.98E-06,3.19E-05,73.4229,7.34E-05,9.200864399,0.10868544,0.016200437,1.62E-08,0.492579312,492.5793124,4532.155584,701.2155977,92.35588425,18,124,2022
3,PSEMEN,Old,5/11/2022,mature,20,2,10653,11/5/2022,0.01196,-0.00045,0.01491,0.00638,5,0,NA,NA,87.46080745,447.9599678,65.41617235,3,0,24,0.997319996,24.086,2.3,1.20E-05,1.49E-05,6.38E-06,2.41E-05,55.3978,5.54E-05,8.683040546,0.115167031,0.01245647,1.25E-08,0.512183643,512.1836426,4447.311517,684.7847431,87.46080745,19,131,2022
3,PSEMEN,Old,5/18/2022,mature,20,2,10665,5/18/2022,0.00847,-0.00037,0.00904,0.00475,5,0,NA,NA,78.31579032,419.2446069,86.71328345,3,0,24,0.997319996,15.54,2.3,8.47E-06,9.04E-06,4.75E-06,1.55E-05,35.742,3.57E-05,7.524631821,0.132896868,0.008873102,8.87E-09,0.535325772,535.3257718,4028.129318,483.4837181,78.31579032,20,138,2022
3,PSEMEN,Old,5/26/2022,mature,20,2,10677,5/26/2022,0.00866,-0.00027,0.0094,0.00494,5,0,NA,NA,75.30364369,415.0192952,83.40807058,3,0,24,0.997319996,19.956,2.3,8.66E-06,9.40E-06,4.94E-06,2.00E-05,45.8988,4.59E-05,9.291255254,0.107628084,0.008963439,8.96E-09,0.551127773,551.1277733,5120.668826,497.5769039,75.30364369,21,146,2022
3,PSEMEN,Old,6/1/2022,mature,20,2,10689,1/6/2022,0.01118,0.00013,0.01307,0.00628,5,0,NA,NA,78.02548784,441.7846692,72.16495107,3,0,24,0.997319996,21.563,2.3,1.12E-05,1.31E-05,6.28E-06,2.16E-05,49.5949,4.96E-05,7.897277251,0.12662592,0.011091377,1.11E-08,0.566205616,566.2056164,4471.482479,612.1873051,78.02548784,22,152,2022
3,PSEMEN,Old,6/8/2022,mature,20,2,10701,8/6/2022,0.01504,-0.00063,0.01546,0.00826,5,0,NA,NA,82.08233366,431.0598077,94.16666171,3,0,24,0.997319996,25.05,2.3,1.50E-05,1.55E-05,8.26E-06,2.51E-05,57.615,5.76E-05,6.975181965,0.143365435,0.015728677,1.57E-08,0.525155427,525.1554272,3663.054475,457.7626517,82.08233366,23,159,2022
3,PSEMEN,Old,6/16/2022,mature,20,2,10713,6/16/2022,0.01093,-0.00038,0.01306,0.00548,5,0,NA,NA,99.45255906,480.076794,71.8997371,3,0,24,0.997319996,23.28,2.3,1.09E-05,1.31E-05,5.48E-06,2.33E-05,53.544,5.35E-05,9.770803244,0.102345731,0.011352351,1.14E-08,0.482719409,482.7194086,4716.556257,667.7031285,99.45255906,24,167,2022
3,PSEMEN,Old,6/23/2022,mature,20,2,10745,6/23/2022,0.01373,-0.00104,0.0144,0.00667,5,0,NA,NA,105.8470721,476.2127334,91.33247085,3,0,24,0.997319996,29.07,2.3,1.37E-05,1.44E-05,6.67E-06,2.91E-05,66.861,6.69E-05,10.02413788,0.099759202,0.014825307,1.48E-08,0.449906374,449.9063738,4509.923617,521.4057268,105.8470721,25,174,2022
3,PSEMEN,Old,6/30/2022,mature,20,2,10757,6/30/2022,0.01189,-0.00036,0.01425,0.00604,5,0,NA,1.269999981,96.85430376,475.7121763,71.25456466,3,0,24.5,0.997200012,21.92,2.3,1.19E-05,1.43E-05,6.04E-06,2.19E-05,50.416,5.04E-05,8.347020018,0.119803235,0.012297352,1.23E-08,0.49116266,491.1626599,4099.744569,667.6234408,96.85430376,26,181,2022
3,PSEMEN,Old,7/6/2022,mature,20,2,10793,6/7/2022,0.01339,-0.0005,0.016550001,0.00746,5,0,NA,NA,79.49061649,425.1709235,65.23651801,3,0,25.5,0.996940017,29.5,2.3,1.34E-05,1.66E-05,7.46E-06,2.95E-05,67.85,6.79E-05,9.095174271,0.109948416,0.013947332,1.39E-08,0.534869325,534.8693252,4864.729719,651.7376103,79.49061649,27,187,2022
3,PSEMEN,Old,7/14/2022,mature,20,2,10840,7/14/2022,0.01155,-0.00079,0.01194,0.00509,5,0,NA,NA,126.9155146,521.2808319,94.30657319,3,0,26,0.996810019,26.11,2.3,1.15E-05,1.19E-05,5.09E-06,2.61E-05,60.053,6.01E-05,11.79823158,0.084758465,0.012392552,1.24E-08,0.410730572,410.730572,4845.894524,552.751324,126.9155146,28,195,2022
3,PSEMEN,Old,7/20/2022,mature,20,2,10852,7/20/2022,0.01272,-0.0012,0.01599,0.00579,5,0,NA,NA,119.6891248,495.733667,67.94117548,3,0,26,0.996810019,NA,2.3,1.27E-05,1.60E-05,5.79E-06,NA,NA,NA,NA,NA,0.013979281,1.40E-08,0.414184398,414.1843985,NA,729.6512954,NA,29,201,2022
3,PSEMEN,Old,7/27/2022,mature,20,2,10805,7/27/2022,0.01362,-0.0009,0.01422,0.0059,5,0,NA,NA,130.8474546,529.2822035,92.78846261,3,0,27,0.99654001,27.23,2.3,1.36E-05,1.42E-05,5.90E-06,2.72E-05,62.629,6.26E-05,10.61508435,0.094205563,0.014585792,1.46E-08,0.404503242,404.5032415,4293.836095,570.4181195,130.8474546,30,208,2022
3,PSEMEN,Old,8/3/2022,mature,20,2,10878,3/8/2022,0.00899,-0.00084,0.01116,0.00401,5,0,NA,NA,124.1895374,504.4640824,69.65034831,3,0,26,0.996810019,26.42,2.3,8.99E-06,1.12E-05,4.01E-06,2.64E-05,60.766,6.08E-05,15.15361671,0.065990847,0.009871863,9.87E-09,0.406204998,406.2049975,6155.474536,724.2807748,124.1895374,31,215,2022
3,PSEMEN,Old,8/10/2022,mature,20,2,10902,10/8/2022,0.00855,-0.00055,0.00916,0.00384,5,0,NA,NA,122.6562654,515.3202848,88.53384355,3,0,26.5,0.996680021,18.54,2.3,8.55E-06,9.16E-06,3.84E-06,1.85E-05,42.642,4.26E-05,11.10468778,0.090052059,0.009139947,9.14E-09,0.42013371,420.1337102,4665.45337,582.0602203,122.6562654,32,222,2022
3,PSEMEN,Old,8/18/2022,mature,20,2,10926,8/18/2022,0.0086,-0.00081,0.00905,0.00372,5,0,NA,NA,131.1828085,516.3980881,91.55722099,3,0,26,0.996810019,22.89,2.3,8.60E-06,9.05E-06,3.72E-06,2.29E-05,52.647,5.26E-05,14.15241966,0.070659295,0.009450074,9.45E-09,0.393647705,393.647705,5571.067228,564.0167783,131.1828085,33,230,2022
3,PSEMEN,Old,8/25/2022,mature,20,2,10950,8/25/2022,0.01072,-0.00058,0.01312,0.00466,5,0,NA,NA,130.0429068,534.148445,71.63119935,3,0,25,0.997070014,23.9,2.3,1.07E-05,1.31E-05,4.66E-06,2.39E-05,54.97,5.50E-05,11.7961371,0.084773515,0.01134516,1.13E-08,0.41074783,410.7478303,4845.237965,745.6924494,130.0429068,34,237,2022
3,PSEMEN,Old,9/1/2022,mature,20,2,10974,9/1/2022,0.01264,-0.00117,0.0137,0.00545,5,0,NA,NA,131.926609,518.4970974,87.15151885,3,0,25.5,0.996940017,24.44,2.3,1.26E-05,1.37E-05,5.45E-06,2.44E-05,56.212,5.62E-05,10.31412834,0.096954388,0.013867002,1.39E-08,0.393019351,393.0193506,4053.651983,594.9375343,131.926609,35,244,2022
3,PSEMEN,Old,9/20/2022,mature,20,2,10998,9/20/2022,0.01018,-0.00123,0.01143,0.0045,5,0,NA,NA,126.2222368,495.9518558,81.96248611,3,0,24,0.997319996,23.39,2.3,1.02E-05,1.14E-05,4.50E-06,2.34E-05,53.797,5.38E-05,11.9548894,0.083647783,0.011452725,1.15E-08,0.392919585,392.9195849,4697.309871,605.0961597,126.2222368,38,263,2022
3,PSEMEN,Old,10/12/2022,mature,20,2,11034,10/12/2022,0.0083,-0.00078,0.00871,0.00355,5,0,NA,NA,133.8028117,521.7569507,92.05426579,3,0,19,0.998430014,19.03,2.3,8.30E-06,8.71E-06,3.55E-06,1.90E-05,43.769,4.38E-05,12.32929569,0.081107634,0.009103856,9.10E-09,0.389944676,389.9446756,4807.743307,566.7928001,133.8028117,41,285,2022
3,PSEMEN,Old,10/31/2022,mature,20,2,11046,10/31/2022,0.01059,-0.0005,0.01117,0.00479,5,0,NA,NA,121.0855896,521.3146083,90.90909423,3,0,21.79999924,0.997839987,18.38,2.3,1.06E-05,1.12E-05,4.79E-06,1.84E-05,42.274,4.23E-05,8.825469449,0.11330842,0.011125719,1.11E-08,0.43053397,430.5339703,3799.664488,573.4460482,121.0855896,44,304,2022
3,PSEMEN,Old,11/28/2022,mature,20,2,11070,11/28/2022,0.00936,-0.00058,0.00989,0.00416,5,0,NA,NA,124.9999888,521.7993623,90.75042328,3,0,18.70000076,0.998489976,17.29,2.3,9.36E-06,9.89E-06,4.16E-06,1.73E-05,39.767,3.98E-05,9.559374974,0.10460935,0.009965516,9.97E-09,0.417439507,417.4395073,3990.460969,574.9828413,124.9999888,48,332,2022
4,PSEMEN,New,6/16/2021,mature,20,2,10422,6/16/2021,0.01024,-0.00182,0.01126,0.00235,5,0,NA,NA,335.7446761,651.4545168,88.55218512,4,0,26,0.996810019,25.719,2.3,1.02E-05,1.13E-05,2.35E-06,2.57E-05,59.1537,5.92E-05,25.1717876,0.039727016,0.01211136,1.21E-08,0.194032716,194.0327156,4884.150336,735.673,335.7446761,24,167,2021
4,PSEMEN,New,6/22/2021,mature,20,2,10458,6/22/2021,0.00638,-0.00192,0.00707,0.00151,5,0,NA,NA,322.516574,584.2588329,87.58993372,4,0,26,0.996810019,20.038,2.3,6.38E-06,7.07E-06,1.51E-06,2.00E-05,46.0874,4.61E-05,30.5214575,0.032763835,0.008335347,8.34E-09,0.181156225,181.1562251,5529.151857,667.0387887,322.516574,25,173,2021
4,PSEMEN,New,10/13/2021,mature,20,2,10542,10/13/2021,0.00952,-0.0016,0.01025,0.00371,5,0,NA,NA,156.6037641,520.7836777,88.83791417,4,0,22,0.997799993,19.327,2.3,9.52E-06,1.03E-05,3.71E-06,1.93E-05,44.4521,4.45E-05,11.98169786,0.083460626,0.011156263,1.12E-08,0.332548621,332.548621,3984.497252,586.2178131,156.6037641,41,286,2021
4,PSEMEN,New,6/23/2022,mature,20,2,10734,6/23/2022,0.00403,0,0.00526,0.00106,5,0,NA,NA,280.1886609,734.2233689,70.71428423,4,0,24,0.997319996,15.84,2.3,4.03E-06,5.26E-06,1.06E-06,1.58E-05,36.432,3.64E-05,34.36981007,0.029095302,0.00404509,4.05E-09,0.262046055,262.0460552,9006.473585,1038.295695,280.1886609,25,174,2022
4,PSEMEN,New,6/30/2022,mature,20,2,10770,6/30/2022,0.015659999,-0.00251,0.017790001,0.00414,5,0,NA,1.309999943,278.2608608,631.5707918,84.3955925,4,0,24.5,0.997200012,30.01,2.3,1.57E-05,1.78E-05,4.14E-06,3.00E-05,69.023,6.90E-05,16.67222279,0.059980005,0.018240234,1.82E-08,0.22697077,226.9707697,3784.107086,748.3457051,278.2608608,26,181,2022
4,PSEMEN,New,7/6/2022,mature,20,2,10782,6/7/2022,0.01157,-0.00165,0.01253,0.00362,5,0,NA,NA,219.6132542,598.8114255,89.22559063,4,0,26,0.996810019,22.27,2.3,1.16E-05,1.25E-05,3.62E-06,2.23E-05,51.221,5.12E-05,14.14944716,0.070674139,0.0132763,1.33E-08,0.272666336,272.6663363,3858.077991,671.1207191,219.6132542,27,187,2022
4,PSEMEN,New,7/14/2022,mature,20,2,10830,7/14/2022,0.0149,-0.00177,0.01867,0.00553,5,0,NA,NA,169.4394087,559.7039689,71.30897778,4,0,26,0.996810019,27.33,2.3,1.49E-05,1.87E-05,5.53E-06,2.73E-05,62.859,6.29E-05,11.36690737,0.087974677,0.016740992,1.67E-08,0.330326898,330.3268979,3754.795427,784.8997228,169.4394087,28,195,2022
4,PSEMEN,New,7/20/2022,mature,20,2,10865,7/20/2022,0.01119,-0.00123,0.01197,0.00382,5,0,NA,NA,192.9319382,590.8813714,90.42944396,4,0,26,0.996810019,25.83,2.3,1.12E-05,1.20E-05,3.82E-06,2.58E-05,59.409,5.94E-05,15.55209431,0.064300022,0.012472893,1.25E-08,0.306264158,306.264158,4763.049032,653.4170128,192.9319382,29,201,2022
4,PSEMEN,New,7/27/2022,mature,20,2,10818,7/27/2022,0.01691,-0.00134,0.01757,0.0063,5,0,NA,NA,168.4126945,578.7474931,94.14374125,4,0,27,0.99654001,33.34,2.3,1.69E-05,1.76E-05,6.30E-06,3.33E-05,76.682,7.67E-05,12.17174602,0.082157482,0.018332693,1.83E-08,0.343648373,343.6483726,4182.800777,614.7487718,168.4126945,30,208,2022
4,PSEMEN,New,8/3/2022,mature,20,2,10891,3/8/2022,0.01192,-0.00116,0.0126,0.00477,5,0,NA,NA,149.8951872,544.3180267,91.31545864,4,0,26,0.996810019,30.03,2.3,1.19E-05,1.26E-05,4.77E-06,3.00E-05,69.069,6.91E-05,14.47987422,0.069061373,0.013135703,1.31E-08,0.363132436,363.1324355,5258.111824,596.0853012,149.8951872,31,215,2022
4,PSEMEN,New,8/10/2022,mature,20,2,10915,10/8/2022,0.01443,-0.00116,0.01515,0.00541,5,0,NA,NA,166.7282786,576.0472648,92.60780405,4,0,26.5,0.996680021,25,2.3,1.44E-05,1.52E-05,5.41E-06,2.50E-05,57.5,5.75E-05,10.62846538,0.09408696,0.015658437,1.57E-08,0.345500633,345.5006329,3672.141561,622.0288568,166.7282786,32,222,2022
4,PSEMEN,New,8/18/2022,mature,20,2,10939,8/18/2022,0.01107,-0.00145,0.01195,0.00434,5,0,NA,NA,155.0691255,535.2604373,88.43626599,4,0,26,0.996810019,24.5,2.3,1.11E-05,1.20E-05,4.34E-06,2.45E-05,56.35,5.64E-05,12.98387101,0.077018633,0.012573319,1.26E-08,0.345175377,345.1753771,4481.712562,605.2499292,155.0691255,33,230,2022
4,PSEMEN,New,8/25/2022,mature,20,2,10963,8/25/2022,0.01739,-0.00134,0.018920001,0.00651,5,0,NA,NA,167.127483,578.5739964,87.67122573,4,0,25,0.997070014,33.75,2.3,1.74E-05,1.89E-05,6.51E-06,3.38E-05,77.625,7.76E-05,11.92396275,0.083864737,0.018804854,1.88E-08,0.346187208,346.1872079,4127.923581,659.9360184,167.127483,34,237,2022
4,PSEMEN,New,9/1/2022,mature,20,2,10987,9/1/2022,0.0093,-0.00083,0.00998,0.0036,5,0,NA,NA,158.3333387,560.3721294,89.34169869,4,0,25.5,0.996940017,29.1,2.3,9.30E-06,9.98E-06,3.60E-06,2.91E-05,66.93,6.69E-05,18.59166699,0.053787538,0.010171812,1.02E-08,0.353919234,353.9192341,6579.948419,627.2234999,158.3333387,35,244,2022
4,PSEMEN,New,9/20/2022,mature,20,2,11011,9/20/2022,0.016550001,-0.00184,0.018239999,0.00626,5,0,NA,NA,164.3770017,557.4558263,85.89316719,4,0,24,0.997319996,35.53,2.3,1.66E-05,1.82E-05,6.26E-06,3.55E-05,81.719,8.17E-05,13.054153,0.076603974,0.018458863,1.85E-08,0.339132481,339.1324814,4427.08747,649.0106775,164.3770017,38,263,2022
4,PSEMEN,New,10/31/2022,mature,20,2,11059,10/31/2022,0.01184,-0.0016,0.01382,0.0052,5,0,NA,NA,127.6923036,492.4614756,77.03016032,4,0,21.79999924,0.997839987,24.12,2.3,1.18E-05,1.38E-05,5.20E-06,2.41E-05,55.476,5.55E-05,10.66846151,0.093734228,0.013483288,1.35E-08,0.385662606,385.6626063,4114.426751,639.309945,127.6923036,44,304,2022
4,PSEMEN,New,11/28/2022,mature,20,2,11083,11/28/2022,0.018409999,-0.00199,0.022709999,0.00738,5,0,NA,NA,149.4579873,539.3018833,71.95042192,4,0,18.70000076,0.998489976,41.03,2.3,1.84E-05,2.27E-05,7.38E-06,4.10E-05,94.369,9.44E-05,12.78712763,0.078203646,0.020452365,2.05E-08,0.360838458,360.8384583,4614.087302,749.5465195,149.4579873,48,332,2022
4,PSEMEN,Old,4/1/2021,mature,20,2,10265,1/4/2021,0.01442,-0.00078,0.01476,0.00635,5,0,NA,NA,127.0866154,529.1952984,95.95719615,4,0,22,0.997799993,19.18,2.3,1.44E-05,1.48E-05,6.35E-06,1.92E-05,44.114,4.41E-05,6.947086698,0.143945231,0.015249569,1.52E-08,0.416405221,416.405221,2892.803153,551.4909977,127.0866154,13,91,2021
4,PSEMEN,Old,4/6/2021,mature,20,2,10277,6/4/2021,0.01101,-0.001,0.01132,0.00526,5,0,NA,NA,109.3155806,476.9815987,94.88448756,4,0,24,0.997319996,15.171,2.3,1.10E-05,1.13E-05,5.26E-06,1.52E-05,34.8933,3.49E-05,6.633707218,0.150745272,0.012054972,1.21E-08,0.436334491,436.3344909,2894.515362,502.6971331,109.3155806,14,96,2021
4,PSEMEN,Old,4/13/2021,mature,20,2,10288,4/13/2021,0.01667,-0.00185,0.02052,0.00769,5,0,NA,NA,116.7750333,483.188733,69.99220571,4,0,23,0.997560024,26.12,2.3,1.67E-05,2.05E-05,7.69E-06,2.61E-05,60.076,6.01E-05,7.812223787,0.128004526,0.01858487,1.86E-08,0.413777433,413.777433,3232.521889,690.3464866,116.7750333,15,103,2021
4,PSEMEN,Old,4/21/2021,mature,20,2,10324,4/21/2021,0.01468,-0.00144,0.01558,0.00692,5,0,NA,NA,112.1387264,479.9837166,89.60738679,4,0,20.5,0.998130023,22.333,2.3,1.47E-05,1.56E-05,6.92E-06,2.23E-05,51.3659,5.14E-05,7.422817841,0.134719728,0.016167215,1.62E-08,0.42802672,428.0267201,3177.164401,535.6519521,112.1387264,16,111,2021
4,PSEMEN,Old,4/27/2021,mature,20,2,10312,4/27/2021,0.01511,-0.00102,0.01572,0.00756,5,0,NA,NA,99.86773002,466.7049647,92.52450485,4,0,20.5,0.998130023,26.431,2.3,1.51E-05,1.57E-05,7.56E-06,2.64E-05,60.7913,6.08E-05,8.041177436,0.124359897,0.016177244,1.62E-08,0.467323104,467.3231037,3757.82791,504.4122802,99.86773002,17,117,2021
4,PSEMEN,Old,4/30/2021,mature,20,2,10361,4/30/2021,0.01363,-0.00154,0.01451,0.00676,5,0,NA,NA,101.6272245,451.0648382,88.64515945,4,0,25,0.997070014,21.842,2.3,1.36E-05,1.45E-05,6.76E-06,2.18E-05,50.2366,5.02E-05,7.43144994,0.134563242,0.015230627,1.52E-08,0.443842535,443.8425352,3298.393497,508.8431686,101.6272245,18,120,2021
4,PSEMEN,Old,5/5/2021,mature,20,2,10385,5/5/2021,0.015699999,-0.0015,0.018999999,0.00845,5,0,NA,NA,85.798818,420.0403439,68.72037864,4,0,23,0.997560024,31.705,2.3,1.57E-05,1.90E-05,8.45E-06,3.17E-05,72.9215,7.29E-05,8.629763706,0.115878028,0.017260246,1.73E-08,0.489564289,489.5642888,4224.823837,611.2311256,85.798818,18,125,2021
4,PSEMEN,Old,5/10/2021,mature,20,2,10397,10/5/2021,0.01575,-0.0018,0.01976,0.00791,5,0,NA,NA,99.11504341,445.3698676,66.16034153,4,0,21,0.998019993,28.871,2.3,1.58E-05,1.98E-05,7.91E-06,2.89E-05,66.4033,6.64E-05,8.394854444,0.119120588,0.017603346,1.76E-08,0.449346385,449.3463846,3772.197523,673.1674253,99.11504341,19,130,2021
4,PSEMEN,Old,5/14/2021,mature,20,2,10409,5/14/2021,0.01846,-0.00065,0.01942,0.00943,5,0,NA,NA,95.75822549,470.8214008,90.39039196,4,0,23.5,0.997439981,38.63,2.3,1.85E-05,1.94E-05,9.43E-06,3.86E-05,88.849,8.88E-05,9.421951592,0.106135124,0.019179248,1.92E-08,0.491677259,491.6772587,4632.55916,520.8754942,95.75822549,20,134,2021
4,PSEMEN,Old,5/19/2021,mature,20,2,10518,5/19/2021,0.01315,-0.00174,0.01364,0.00698,5,0,NA,NA,88.39541394,412.9256932,92.64264898,4,0,23,0.997560024,22.755,2.3,1.32E-05,1.36E-05,6.98E-06,2.28E-05,52.3365,5.23E-05,7.498065834,0.133367727,0.014942156,1.49E-08,0.467134742,467.1347423,3502.607086,445.7187891,88.39541394,20,139,2021
4,PSEMEN,Old,5/24/2021,mature,20,2,10530,5/24/2021,0.01431,-0.00151,0.01451,0.00704,5,0,NA,NA,103.2670505,457.8305318,97.3226284,4,0,24,0.997319996,29.624,2.3,1.43E-05,1.45E-05,7.04E-06,2.96E-05,68.1352,6.81E-05,9.678295379,0.10332398,0.015879239,1.59E-08,0.443346197,443.3461967,4290.835364,470.4255725,103.2670505,21,144,2021
4,PSEMEN,Old,5/27/2021,mature,20,2,10373,5/27/2021,0.016729999,-0.00114,0.02022,0.00837,5,0,NA,NA,99.88051921,465.9609436,70.54851597,4,0,25,0.997070014,29.578,2.3,1.67E-05,2.02E-05,8.37E-06,2.96E-05,68.0294,6.80E-05,8.127765891,0.12303504,0.017941416,1.79E-08,0.466518354,466.518354,3791.751879,660.4829842,99.88051921,21,147,2021
4,PSEMEN,Old,6/1/2021,mature,20,2,10506,1/6/2021,0.02124,0,0.02502,0.01167,5,0,NA,NA,82.00513991,448.6542938,71.68539323,4,0,26,0.996810019,39.881,2.3,2.12E-05,2.50E-05,1.17E-05,3.99E-05,91.7263,9.17E-05,7.860008623,0.127226324,0.021330454,2.13E-08,0.547105085,547.1050847,4300.250718,625.8657079,82.00513991,22,152,2021
4,PSEMEN,Old,6/4/2021,mature,20,2,10470,4/6/2021,0.01808,-0.0007,0.02177,0.00996,5,0,NA,NA,81.52609541,430.7099534,68.75528699,4,0,24.5,0.997200012,31.683,2.3,1.81E-05,2.18E-05,9.96E-06,3.17E-05,72.8709,7.29E-05,7.316355125,0.136680079,0.018852593,1.89E-08,0.528309285,528.3092847,3865.29854,626.4390307,81.52609541,23,155,2021
4,PSEMEN,Old,6/9/2021,mature,20,2,10482,9/6/2021,0.0153,-0.00132,0.01856,0.00757,5,0,NA,NA,102.1136102,463.3672006,70.33667227,4,0,24,0.997319996,33.712,2.3,1.53E-05,1.86E-05,7.57E-06,3.37E-05,77.5376,7.75E-05,10.24274782,0.097630052,0.016682234,1.67E-08,0.453776151,453.7761512,4647.914591,658.7846505,102.1136102,23,160,2021
4,PSEMEN,Old,6/16/2021,mature,20,2,10434,6/16/2021,0.01223,-0.00098,0.01264,0.00587,5,0,NA,NA,108.3475379,479.4118027,93.94387234,4,0,26,0.996810019,23.104,2.3,1.22E-05,1.26E-05,5.87E-06,2.31E-05,53.1392,5.31E-05,9.052674627,0.110464591,0.013266257,1.33E-08,0.442475971,442.4759711,4005.590849,510.3172679,108.3475379,24,167,2021
4,PSEMEN,Old,6/22/2021,mature,20,2,10446,6/22/2021,0.01422,-0.00118,0.01481,0.00666,5,0,NA,NA,113.5135186,488.8273437,92.76074362,4,0,26,0.996810019,24.37,2.3,1.42E-05,1.48E-05,6.66E-06,2.44E-05,56.051,5.61E-05,8.416066122,0.118820359,0.015465584,1.55E-08,0.430633603,430.6336033,3624.240793,526.9765254,113.5135186,25,173,2021
4,PSEMEN,Old,10/13/2021,mature,20,2,10562,10/13/2021,0.01342,-0.00093,0.0141,0.00611,5,0,NA,NA,119.6399318,507.7518332,91.4893555,4,0,22,0.997799993,24.733,2.3,1.34E-05,1.41E-05,6.11E-06,2.47E-05,56.8859,5.69E-05,9.310294662,0.107407986,0.014396797,1.44E-08,0.424399964,424.3999636,3951.288764,554.9845995,119.6399318,41,286,2021
4,PSEMEN,Old,3/16/2022,mature,20,2,10582,3/16/2022,0.01071,-0.00133,0.01305,0.00466,5,0,NA,NA,129.8283229,500.9689075,72.10965319,4,0,21,0.998019993,25.41,2.3,1.07E-05,1.31E-05,4.66E-06,2.54E-05,58.443,5.84E-05,12.54141606,0.079735813,0.012076598,1.21E-08,0.38587027,385.8702699,4839.359673,694.7320995,129.8283229,11,75,2022
4,PSEMEN,Old,3/30/2022,mature,20,2,10594,3/30/2022,0.01104,-0.00061,0.01128,0.00543,5,0,NA,NA,103.3149253,479.8642513,95.89743671,4,0,23,0.997560024,20.55,2.3,1.10E-05,1.13E-05,5.43E-06,2.06E-05,47.265,4.73E-05,8.704420045,0.114884162,0.011690807,1.17E-08,0.464467518,464.4675182,4042.920224,500.393199,103.3149253,13,89,2022
4,PSEMEN,Old,4/13/2022,mature,20,2,10606,4/13/2022,0.01192,-0.0006,0.01298,0.00571,5,0,NA,NA,108.7565686,494.3941257,85.41953648,4,0,22,0.997799993,24.393,2.3,1.19E-05,1.30E-05,5.71E-06,2.44E-05,56.1039,5.61E-05,9.825551367,0.101775459,0.012560829,1.26E-08,0.454587834,454.5878335,4466.57608,578.783433,108.7565686,15,103,2022
4,PSEMEN,Old,4/20/2022,mature,20,2,10617,4/20/2022,0.0128,-0.0013,0.01299,0.00617,5,0,NA,NA,107.455426,468.4021723,97.21407543,4,0,24.5,0.997200012,27.502,2.3,1.28E-05,1.30E-05,6.17E-06,2.75E-05,63.2546,6.33E-05,10.25196119,0.097542312,0.014154503,1.42E-08,0.435903689,435.9036887,4468.867763,481.8254664,107.455426,16,110,2022
4,PSEMEN,Old,4/27/2022,mature,20,2,10629,4/27/2022,0.01013,-0.0048,0.01067,0.00479,5,0,NA,NA,111.4822543,356.4206761,90.81633518,4,0,23,0.997560024,21.056,2.3,1.01E-05,1.07E-05,4.79E-06,2.11E-05,48.4288,4.84E-05,10.11039634,0.098908091,0.014982296,1.50E-08,0.319710684,319.7106837,3232.401715,392.463179,111.4822543,17,117,2022
4,PSEMEN,Old,5/4/2022,mature,20,2,10641,4/5/2022,0.00586,-0.00092,0.00609,0.00289,5,0,NA,NA,102.7681712,436.4189211,92.8125033,4,0,24,0.997319996,17.855,2.3,5.86E-06,6.09E-06,2.89E-06,1.79E-05,41.0665,4.11E-05,14.20986215,0.070373659,0.006805388,6.81E-09,0.424663521,424.6635208,6034.409912,470.2156558,102.7681712,18,124,2022
4,PSEMEN,Old,5/11/2022,mature,20,2,10654,11/5/2022,0.0106,-0.00067,0.01246,0.00568,5,0,NA,NA,86.61971467,434.9286175,72.56636858,4,0,24,0.997319996,21.312,2.3,1.06E-05,1.25E-05,5.68E-06,2.13E-05,49.0176,4.90E-05,8.62985924,0.115876745,0.011312201,1.13E-08,0.502112724,502.1127239,4333.162217,599.3528765,86.61971467,19,131,2022
4,PSEMEN,Old,5/18/2022,mature,20,2,10666,5/18/2022,0.01018,-0.00039,0.01275,0.00513,5,0,NA,NA,98.44055207,475.9849404,66.27297102,4,0,24,0.997319996,23.315,2.3,1.02E-05,1.27E-05,5.13E-06,2.33E-05,53.6245,5.36E-05,10.45311902,0.095665227,0.01060958,1.06E-08,0.48352528,483.5252799,5054.347144,718.2188049,98.44055207,20,138,2022
4,PSEMEN,Old,5/26/2022,mature,20,2,10678,5/26/2022,0.00638,-0.00028,0.0073,0.00322,5,0,NA,NA,98.13664628,472.7044182,77.45098045,4,0,24,0.997319996,13.013,2.3,6.38E-06,7.30E-06,3.22E-06,1.30E-05,29.9299,2.99E-05,9.294999794,0.107584725,0.006684939,6.68E-09,0.481679818,481.6798176,4477.213799,610.327223,98.13664628,21,146,2022
4,PSEMEN,Old,6/1/2022,mature,20,2,10690,1/6/2022,0.01028,-0.00094,0.0121,0.00503,5,0,NA,NA,104.3737536,466.168846,74.25742666,4,0,24,0.997319996,20.371,2.3,1.03E-05,1.21E-05,5.03E-06,2.04E-05,46.8533,4.69E-05,9.314771156,0.107356368,0.011262014,1.13E-08,0.446634159,446.6341591,4160.295064,627.7740382,104.3737536,22,152,2022
4,PSEMEN,Old,6/8/2022,mature,20,2,10702,8/6/2022,0.01463,-0.0002,0.017899999,0.00784,5,0,NA,NA,86.60714201,456.1476361,67.49503464,4,0,24,0.997319996,25.07,2.3,1.46E-05,1.79E-05,7.84E-06,2.51E-05,57.661,5.77E-05,7.354719301,0.13596712,0.014885531,1.49E-08,0.526685933,526.6859327,3873.627215,675.8239899,86.60714201,23,159,2022
4,PSEMEN,Old,6/16/2022,mature,20,2,10714,6/16/2022,0.00883,-0.0005,0.00915,0.00467,5,0,NA,NA,89.07921616,444.2101308,92.85713024,4,0,24,0.997319996,19.87,2.3,8.83E-06,9.15E-06,4.67E-06,1.99E-05,45.701,4.57E-05,9.786081015,0.102185951,0.009364936,9.36E-09,0.498668625,498.6686247,4880.011876,478.3802059,89.07921616,24,167,2022
4,PSEMEN,Old,6/23/2022,mature,20,2,10746,6/23/2022,0.00916,-0.00023,0.01082,0.00462,5,0,NA,NA,98.26840516,481.6893929,73.22580064,4,0,24,0.997319996,24.98,2.3,9.16E-06,1.08E-05,4.62E-06,2.50E-05,57.454,5.75E-05,12.4359313,0.080412152,0.009425161,9.43E-09,0.490177295,490.1772946,6095.810948,657.8137606,98.26840516,25,174,2022
4,PSEMEN,Old,6/30/2022,mature,20,2,10758,6/30/2022,0.01098,-0.00026,0.01305,0.00574,5,0,NA,1.210000038,91.28919708,464.3970631,71.68262209,4,0,24.5,0.997200012,30.17,2.3,1.10E-05,1.31E-05,5.74E-06,3.02E-05,69.391,6.94E-05,12.08902453,0.08271966,0.011283448,1.13E-08,0.508709765,508.7097646,6149.804868,647.8516683,91.28919708,26,181,2022
4,PSEMEN,Old,7/6/2022,mature,20,2,10794,6/7/2022,0.01011,-0.00083,0.01233,0.00472,5,0,NA,NA,114.1949146,490.6621453,70.82785702,4,0,25.5,0.996940017,20.01,2.3,1.01E-05,1.23E-05,4.72E-06,2.00E-05,46.023,4.60E-05,9.750635419,0.102557419,0.010985156,1.10E-08,0.429670747,429.6707468,4189.562829,692.7530578,114.1949146,27,187,2022
4,PSEMEN,Old,7/14/2022,mature,20,2,10841,7/14/2022,0.00882,-0.00088,0.01064,0.00401,5,0,NA,NA,119.9501382,493.7734928,72.54902209,4,0,26,0.996810019,21.19,2.3,8.82E-06,1.06E-05,4.01E-06,2.12E-05,48.737,4.87E-05,12.15386594,0.082278347,0.009741309,9.74E-09,0.411648982,411.648982,5003.126236,680.606683,119.9501382,28,195,2022
4,PSEMEN,Old,7/20/2022,mature,20,2,10853,7/20/2022,0.01465,-0.00168,0.018230001,0.00594,5,0,NA,NA,146.6329985,531.1123266,70.87062555,4,0,26,0.996810019,NA,2.3,1.47E-05,1.82E-05,5.94E-06,NA,NA,NA,NA,NA,0.016399544,1.64E-08,0.362205189,362.2051889,NA,749.4110888,NA,29,201,2022
4,PSEMEN,Old,7/27/2022,mature,20,2,10806,7/27/2022,0.01122,-0.00045,0.0132,0.00479,5,0,NA,NA,134.2379832,548.500099,76.45659657,4,0,27,0.99654001,21.2,2.3,1.12E-05,1.32E-05,4.79E-06,2.12E-05,48.76,4.88E-05,10.17954039,0.098236262,0.011722878,1.17E-08,0.408602734,408.6027341,4159.388257,717.4006216,134.2379832,30,208,2022
4,PSEMEN,Old,8/3/2022,mature,20,2,10879,3/8/2022,0.01302,-0.00126,0.016319999,0.00583,5,0,NA,NA,123.3276171,501.366246,68.54147506,4,0,26,0.996810019,30.8,2.3,1.30E-05,1.63E-05,5.83E-06,3.08E-05,70.84,7.08E-05,12.15094307,0.082298139,0.014340814,1.43E-08,0.406532017,406.532017,4939.747365,731.4786347,123.3276171,31,215,2022
4,PSEMEN,Old,8/10/2022,mature,20,2,10903,10/8/2022,0.01222,-0.00107,0.01292,0.00512,5,0,NA,NA,138.6718794,531.9013233,91.02564409,4,0,26.5,0.996680021,28.89,2.3,1.22E-05,1.29E-05,5.12E-06,2.89E-05,66.447,6.64E-05,12.97793002,0.077053891,0.013348341,1.33E-08,0.383568273,383.5682732,4977.922113,584.3422792,138.6718794,32,222,2022
4,PSEMEN,Old,8/18/2022,mature,20,2,10927,8/18/2022,0.00708,-0.00088,0.00778,0.00305,5,0,NA,NA,132.1311485,504.1344618,85.20084177,4,0,26,0.996810019,17.48,2.3,7.08E-06,7.78E-06,3.05E-06,1.75E-05,40.204,4.02E-05,13.1816396,0.075863097,0.007993899,7.99E-09,0.38154097,381.5409696,5029.335519,591.7012688,132.1311485,33,230,2022
4,PSEMEN,Old,8/25/2022,mature,20,2,10951,8/25/2022,0.01103,-0.00108,0.01362,0.00479,5,0,NA,NA,130.2713853,513.2255071,70.66817014,4,0,25,0.997070014,23.62,2.3,1.10E-05,1.36E-05,4.79E-06,2.36E-05,54.326,5.43E-05,11.34154453,0.088171412,0.012158398,1.22E-08,0.393966392,393.966392,4468.187645,726.2470588,130.2713853,34,237,2022
4,PSEMEN,Old,9/1/2022,mature,20,2,10975,9/1/2022,0.01647,-0.0013,0.02077,0.00698,5,0,NA,NA,135.9598853,531.8508954,68.81798351,4,0,25.5,0.996940017,28.15,2.3,1.65E-05,2.08E-05,6.98E-06,2.82E-05,64.745,6.47E-05,9.275787881,0.107807554,0.017843347,1.78E-08,0.391182218,391.1822181,3628.523279,772.8370816,135.9598853,35,244,2022
4,PSEMEN,Old,9/20/2022,mature,20,2,10999,9/20/2022,0.0088,-0.00115,0.0097,0.00371,5,0,NA,NA,137.1967593,509.6493789,84.97495322,4,0,24,0.997319996,20.12,2.3,8.80E-06,9.70E-06,3.71E-06,2.01E-05,46.276,4.63E-05,12.4733151,0.080171149,0.009987258,9.99E-09,0.371473328,371.4733275,4633.503976,599.7642359,137.1967593,38,263,2022
4,PSEMEN,Old,10/12/2022,mature,20,2,11035,10/12/2022,0.01147,-0.00122,0.0121,0.00512,5,0,NA,NA,124.0234482,499.0828102,90.97421678,4,0,19,0.998430014,28.84,2.3,1.15E-05,1.21E-05,5.12E-06,2.88E-05,66.332,6.63E-05,12.95546908,0.077187479,0.01272334,1.27E-08,0.40241006,402.4100598,5213.410856,548.598084,124.0234482,41,285,2022
4,PSEMEN,Old,10/31/2022,mature,20,2,11047,10/31/2022,0.00927,-0.00019,0.00974,0.00432,5,0,NA,NA,114.5833479,521.5759351,91.3284243,4,0,21.79999924,0.997839987,22.05,2.3,9.27E-06,9.74E-06,4.32E-06,2.21E-05,50.715,5.07E-05,11.73958379,0.085181896,0.009490469,9.49E-09,0.455193516,455.1935162,5343.782061,571.0992378,114.5833479,44,304,2022
4,PSEMEN,Old,11/28/2022,mature,20,2,11071,11/28/2022,0.01012,-0.00079,0.01227,0.00448,5,0,NA,NA,125.8928457,515.633277,72.40051152,4,0,18.70000076,0.998489976,24.52,2.3,1.01E-05,1.23E-05,4.48E-06,2.45E-05,56.396,5.64E-05,12.58839252,0.07943826,0.010938006,1.09E-08,0.409581061,409.5810607,5155.967403,712.195627,125.8928457,48,332,2022
5,PSEMEN,New,6/16/2021,mature,20,2,10423,6/16/2021,0.00929,-0.00207,0.01276,0.00221,5,0,NA,NA,320.3619979,620.5965291,67.10900663,5,0,26,0.996810019,25.676,2.3,9.29E-06,1.28E-05,2.21E-06,2.57E-05,59.0548,5.91E-05,26.72162818,0.037422869,0.011408379,1.14E-08,0.193717274,193.7172743,5176.440966,924.7589262,320.3619979,24,167,2021
5,PSEMEN,New,6/22/2021,mature,20,2,10459,6/22/2021,0.00471,-0.00068,0.00669,0.00117,5,0,NA,NA,302.5641222,653.986693,64.13043316,5,0,26,0.996810019,15.246,2.3,4.71E-06,6.69E-06,1.17E-06,1.52E-05,35.0658,3.51E-05,29.97077064,0.033365842,0.005412954,5.41E-09,0.216148141,216.1481406,6478.126036,1019.775886,302.5641222,25,173,2021
5,PSEMEN,New,10/13/2021,mature,20,2,10543,10/13/2021,0.01054,-0.00134,0.01305,0.00435,5,0,NA,NA,142.2988509,519.3501241,71.14942546,5,0,22,0.997799993,29.394,2.3,1.05E-05,1.31E-05,4.35E-06,2.94E-05,67.6062,6.76E-05,15.54165495,0.064343212,0.011918742,1.19E-08,0.36497141,364.9714098,5672.259738,729.9428221,142.2988509,41,286,2021
5,PSEMEN,New,6/23/2022,mature,20,2,10735,6/23/2022,0.00582,-3.00E-05,0.00896,0.00132,5,0,NA,NA,340.9090837,766.3611017,58.90052253,5,0,24,0.997319996,17.89,2.3,5.82E-06,8.96E-06,1.32E-06,1.79E-05,41.147,4.11E-05,31.17196877,0.032080104,0.005871906,5.87E-09,0.224799257,224.7992574,7007.43555,1301.110871,340.9090837,25,174,2022
5,PSEMEN,New,6/30/2022,mature,20,2,10771,6/30/2022,0.00946,-0.00128,0.0114,0.00239,5,0,NA,1.190000057,295.8159068,655.7520107,78.46837028,5,0,24.5,0.997200012,24.29,2.3,9.46E-06,1.14E-05,2.39E-06,2.43E-05,55.867,5.59E-05,23.37531344,0.042780175,0.010781515,1.08E-08,0.221675712,221.6757121,5181.739196,835.6896013,295.8159068,26,181,2022
5,PSEMEN,New,7/6/2022,mature,20,2,10783,6/7/2022,0.01038,-0.00178,0.01426,0.00312,5,0,NA,NA,232.6923028,594.5076507,65.17055765,5,0,26,0.996810019,18.15,2.3,1.04E-05,1.43E-05,3.12E-06,1.82E-05,41.745,4.17E-05,13.37980766,0.07473949,0.012211786,1.22E-08,0.255490894,255.4908943,3418.419054,912.2334872,232.6923028,27,187,2022
5,PSEMEN,New,7/14/2022,mature,20,2,10831,7/14/2022,0.01061,-0.00175,0.01159,0.00403,5,0,NA,NA,163.275443,530.1049244,87.03703738,5,0,26,0.996810019,23.94,2.3,1.06E-05,1.16E-05,4.03E-06,2.39E-05,55.062,5.51E-05,13.66302746,0.073190221,0.012412637,1.24E-08,0.324669119,324.6691192,4435.962935,609.0567192,163.275443,28,195,2022
5,PSEMEN,New,7/20/2022,mature,20,2,10866,7/20/2022,0.01012,-0.00144,0.01078,0.00358,5,0,NA,NA,182.681556,563.3448295,90.83332835,5,0,26,0.996810019,21.84,2.3,1.01E-05,1.08E-05,3.58E-06,2.18E-05,50.232,5.02E-05,14.03128484,0.071269311,0.01160923,1.16E-08,0.308375311,308.3753106,4326.901927,620.1961766,182.681556,29,201,2022
5,PSEMEN,New,7/27/2022,mature,20,2,10819,7/27/2022,0.01623,-0.00181,0.01694,0.00572,5,0,NA,NA,183.7412727,579.9663614,93.67201989,5,0,27,0.99654001,28.87,2.3,1.62E-05,1.69E-05,5.72E-06,2.89E-05,66.401,6.64E-05,11.60856687,0.086143278,0.018121741,1.81E-08,0.315642959,315.6429594,3664.162217,619.1457834,183.7412727,30,208,2022
5,PSEMEN,New,8/3/2022,mature,20,2,10892,3/8/2022,0.01148,-0.00124,0.01222,0.0046,5,0,NA,NA,149.565209,538.5868228,90.28871306,5,0,26,0.996810019,31.99,2.3,1.15E-05,1.22E-05,4.60E-06,3.20E-05,73.577,7.36E-05,15.99499965,0.062519539,0.01277417,1.28E-08,0.360101664,360.1016636,5759.826163,596.5162251,149.565209,31,215,2022
5,PSEMEN,New,8/10/2022,mature,20,2,10916,10/8/2022,0.01208,-0.00121,0.01277,0.00464,5,0,NA,NA,160.3448262,557.3726437,91.51291348,5,0,26.5,0.996680021,27.72,2.3,1.21E-05,1.28E-05,4.64E-06,2.77E-05,63.756,6.38E-05,13.74051742,0.072777463,0.013348341,1.33E-08,0.347608748,347.6087476,4776.324063,609.0644724,160.3448262,32,222,2022
5,PSEMEN,New,8/18/2022,mature,20,2,10940,8/18/2022,0.01075,-0.00152,0.0113,0.00415,5,0,NA,NA,159.0361574,535.6163108,92.30769281,5,0,26,0.996810019,29.43,2.3,1.08E-05,1.13E-05,4.15E-06,2.94E-05,67.689,6.77E-05,16.31060266,0.061309813,0.012322254,1.23E-08,0.336789033,336.7890333,5493.231833,580.2510002,159.0361574,33,230,2022
5,PSEMEN,New,8/25/2022,mature,20,2,10964,8/25/2022,0.016759999,-0.0026,0.017929999,0.00617,5,0,NA,NA,171.6369406,544.8267184,90.05101922,5,0,25,0.997070014,33.34,2.3,1.68E-05,1.79E-05,6.17E-06,3.33E-05,76.682,7.67E-05,12.42820107,0.080462168,0.019437371,1.94E-08,0.317429758,317.4297583,3945.080811,605.0200466,171.6369406,34,237,2022
5,PSEMEN,New,9/1/2022,mature,20,2,10988,9/1/2022,0.01409,-0.00223,0.01531,0.00557,5,0,NA,NA,152.9622913,519.9128387,87.47433245,5,0,25.5,0.996940017,29.28,2.3,1.41E-05,1.53E-05,5.57E-06,2.93E-05,67.344,6.73E-05,12.09048466,0.08270967,0.016387362,1.64E-08,0.339896076,339.896076,4109.508393,594.3604531,152.9622913,35,244,2022
5,PSEMEN,New,9/20/2022,mature,20,2,11012,9/20/2022,0.01544,-0.00154,0.01657,0.00605,5,0,NA,NA,155.2066166,550.9405277,89.25855746,5,0,24,0.997319996,31.83,2.3,1.54E-05,1.66E-05,6.05E-06,3.18E-05,73.209,7.32E-05,12.10066122,0.082640112,0.017043582,1.70E-08,0.354972326,354.9723257,4295.399787,617.2411289,155.2066166,38,263,2022
5,PSEMEN,New,10/31/2022,mature,20,2,11060,10/31/2022,0.019169999,-0.0008,0.022639999,0.00837,5,0,NA,NA,129.0322512,539.0749329,75.68325111,5,0,21.79999924,0.997839987,33.97,2.3,1.92E-05,2.26E-05,8.37E-06,3.40E-05,78.131,7.81E-05,9.33464762,0.107127772,0.020034319,2.00E-08,0.417783104,417.7831036,3899.857974,712.2777166,129.0322512,44,304,2022
5,PSEMEN,New,11/28/2022,mature,20,2,11084,11/28/2022,0.0142,-0.00148,0.01534,0.00573,5,0,NA,NA,147.8185068,538.7955063,88.13735447,5,0,18.70000076,0.998489976,21.84,2.3,1.42E-05,1.53E-05,5.73E-06,2.18E-05,50.232,5.02E-05,8.766492362,0.114070709,0.01572025,1.57E-08,0.364498014,364.4980141,3195.368964,611.3134545,147.8185068,48,332,2022
5,PSEMEN,Old,4/1/2021,mature,20,2,10266,1/4/2021,0.00796,-0.00091,0.00819,0.00355,5,0,NA,NA,124.2253528,495.5654262,95.04309625,5,0,22,0.997799993,12.339,2.3,7.96E-06,8.19E-06,3.55E-06,1.23E-05,28.3797,2.84E-05,7.994281638,0.125089413,0.008898926,8.90E-09,0.398924548,398.9245484,3189.115184,521.4112816,124.2253528,13,91,2021
5,PSEMEN,Old,4/6/2021,mature,20,2,10278,6/4/2021,0.01368,-0.00136,0.01433,0.0059,5,0,NA,NA,131.8643956,515.3574422,92.28944403,5,0,24,0.997319996,25.552,2.3,1.37E-05,1.43E-05,5.90E-06,2.56E-05,58.7696,5.88E-05,9.960948778,0.100392043,0.015096318,1.51E-08,0.390823782,390.8237816,3892.975855,558.4142885,131.8643956,14,96,2021
5,PSEMEN,Old,4/13/2021,mature,20,2,10289,4/13/2021,0.01234,-0.00132,0.01277,0.00603,5,0,NA,NA,104.643454,460.3202827,93.62017792,5,0,23,0.997560024,21.18,2.3,1.23E-05,1.28E-05,6.03E-06,2.12E-05,48.714,4.87E-05,8.078607213,0.123783713,0.013707847,1.37E-08,0.439894018,439.8940181,3553.730896,491.6891774,104.643454,15,103,2021
5,PSEMEN,Old,4/21/2021,mature,20,2,10325,4/21/2021,0.01598,-0.00129,0.019470001,0.00791,5,0,NA,NA,102.0227478,465.9196238,69.8096815,5,0,20.5,0.998130023,26.99,2.3,1.60E-05,1.95E-05,7.91E-06,2.70E-05,62.077,6.21E-05,7.847913874,0.127422397,0.017320583,1.73E-08,0.45668208,456.6820797,3584.001762,667.4140517,102.0227478,16,111,2021
5,PSEMEN,Old,4/27/2021,mature,20,2,10313,4/27/2021,0.01477,-0.00114,0.01523,0.00748,5,0,NA,NA,97.45989243,456.864248,94.0645189,5,0,20.5,0.998130023,29.319,2.3,1.48E-05,1.52E-05,7.48E-06,2.93E-05,67.4337,6.74E-05,9.015200359,0.110923769,0.0159566,1.60E-08,0.468771546,468.7715459,4226.069443,485.6924304,97.45989243,17,117,2021
5,PSEMEN,Old,4/30/2021,mature,20,2,10362,4/30/2021,0.0163,-0.0017,0.01843,0.00742,5,0,NA,NA,119.6765487,491.369577,80.6539517,5,0,25,0.997070014,29.313,2.3,1.63E-05,1.84E-05,7.42E-06,2.93E-05,67.4199,6.74E-05,9.086239703,0.110056529,0.018071937,1.81E-08,0.410581337,410.5813374,3730.640472,609.2318686,119.6765487,18,120,2021
5,PSEMEN,Old,5/5/2021,mature,20,2,10386,5/5/2021,0.01401,-0.00119,0.017419999,0.00708,5,0,NA,NA,97.8813595,454.3296696,67.02128081,5,0,23,0.997560024,32.054,2.3,1.40E-05,1.74E-05,7.08E-06,3.21E-05,73.7242,7.37E-05,10.41302275,0.096033594,0.015253241,1.53E-08,0.464163636,464.1636357,4833.346422,677.8886707,97.8813595,18,125,2021
5,PSEMEN,Old,5/10/2021,mature,20,2,10398,10/5/2021,0.01516,-0.00098,0.016140001,0.00778,5,0,NA,NA,94.85860866,455.8633868,88.27750179,5,0,21,0.998019993,35.264,2.3,1.52E-05,1.61E-05,7.78E-06,3.53E-05,81.1072,8.11E-05,10.42508984,0.095922435,0.01618906,1.62E-08,0.480571438,480.571438,5010.000493,516.3981508,94.85860866,19,130,2021
5,PSEMEN,Old,5/14/2021,mature,20,2,10410,5/14/2021,0.01107,-0.00088,0.01154,0.00611,5,0,NA,NA,81.17839743,413.5641557,91.34437777,5,0,23.5,0.997439981,30.756,2.3,1.11E-05,1.15E-05,6.11E-06,3.08E-05,70.7388,7.07E-05,11.57754509,0.086374097,0.011993303,1.20E-08,0.509451002,509.4510021,5898.191896,452.7527208,81.17839743,20,134,2021
5,PSEMEN,Old,5/19/2021,mature,20,2,10519,5/19/2021,0.01211,-0.0011,0.01289,0.00637,5,0,NA,NA,90.10988071,433.0025893,88.0368041,5,0,23,0.997560024,28.052,2.3,1.21E-05,1.29E-05,6.37E-06,2.81E-05,64.5196,6.45E-05,10.1286655,0.09872969,0.013256271,1.33E-08,0.480527291,480.5272913,4867.100426,491.8426944,90.10988071,20,139,2021
5,PSEMEN,Old,5/24/2021,mature,20,2,10531,5/24/2021,0.019640001,-0.00259,0.020090001,0.00942,5,0,NA,NA,108.4925743,458.0240193,95.78256666,5,0,24,0.997319996,46.779,2.3,1.96E-05,2.01E-05,9.42E-06,4.68E-05,107.5917,0.000107592,11.42162418,0.087553222,0.022313242,2.23E-08,0.422170835,422.1708353,4821.876748,478.1914238,108.4925743,21,144,2021
5,PSEMEN,Old,5/27/2021,mature,20,2,10374,5/27/2021,0.01726,-0.00088,0.019950001,0.009,5,0,NA,NA,91.77778725,453.5347756,75.4337879,5,0,25,0.997070014,38.21,2.3,1.73E-05,2.00E-05,9.00E-06,3.82E-05,87.883,8.79E-05,9.764778198,0.10240888,0.018212496,1.82E-08,0.494166194,494.1661936,4825.423037,601.2355845,91.77778725,21,147,2021
5,PSEMEN,Old,6/1/2021,mature,20,2,10507,1/6/2021,0.018409999,0.00021,0.01922,0.01019,5,0,NA,NA,80.66731503,449.733066,91.02988906,5,0,26,0.996810019,40.916,2.3,1.84E-05,1.92E-05,1.02E-05,4.09E-05,94.1068,9.41E-05,9.235211149,0.108281228,0.018277507,1.83E-08,0.557515861,557.515861,5148.776582,494.0498892,80.66731503,22,152,2021
5,PSEMEN,Old,6/4/2021,mature,20,2,10471,4/6/2021,0.017650001,-0.00126,0.01849,0.00966,5,0,NA,NA,82.71222344,420.900815,90.48698785,5,0,24.5,0.997200012,39.328,2.3,1.77E-05,1.85E-05,9.66E-06,3.93E-05,90.4544,9.05E-05,9.363809542,0.106794141,0.018983097,1.90E-08,0.508873772,508.873772,4764.997124,465.1506532,82.71222344,23,155,2021
5,PSEMEN,Old,6/9/2021,mature,20,2,10483,9/6/2021,0.01681,-0.00093,0.02021,0.00824,5,0,NA,NA,104.0048451,481.2868495,71.59565598,5,0,24,0.997319996,36.143,2.3,1.68E-05,2.02E-05,8.24E-06,3.61E-05,83.1289,8.31E-05,10.08845832,0.099123173,0.017806428,1.78E-08,0.462754237,462.7542365,4668.477043,672.2291219,104.0048451,23,160,2021
5,PSEMEN,Old,6/16/2021,mature,20,2,10435,6/16/2021,0.01732,-0.00122,0.017750001,0.00831,5,0,NA,NA,108.4235713,483.9153967,95.44490532,5,0,26,0.996810019,35.365,2.3,1.73E-05,1.78E-05,8.31E-06,3.54E-05,81.3395,8.13E-05,9.788146326,0.10216439,0.018618956,1.86E-08,0.446319335,446.3193351,4368.639268,507.0101909,108.4235713,24,167,2021
5,PSEMEN,Old,6/22/2021,mature,20,2,10447,6/22/2021,0.014,-0.0014,0.01464,0.00663,5,0,NA,NA,111.161388,476.541994,92.00999596,5,0,26,0.996810019,32.043,2.3,1.40E-05,1.46E-05,6.63E-06,3.20E-05,73.6989,7.37E-05,11.11597253,0.08996064,0.015465584,1.55E-08,0.428693812,428.6938123,4765.34866,517.9241549,111.161388,25,173,2021
5,PSEMEN,Old,10/13/2021,mature,20,2,10563,10/13/2021,0.01178,-0.00125,0.01251,0.00517,5,0,NA,NA,127.8530132,505.6419492,90.05450267,5,0,22,0.997799993,25.93,2.3,1.18E-05,1.25E-05,5.17E-06,2.59E-05,59.639,5.96E-05,11.53559042,0.086688237,0.013072492,1.31E-08,0.395486949,395.4869488,4562.175175,561.4843614,127.8530132,41,286,2021
5,PSEMEN,Old,3/16/2022,mature,20,2,10583,3/16/2022,0.01377,-0.0014,0.01421,0.00578,5,0,NA,NA,138.2353048,525.101312,94.78055007,5,0,21,0.998019993,26.32,2.3,1.38E-05,1.42E-05,5.78E-06,2.63E-05,60.536,6.05E-05,10.47335681,0.095480372,0.015216112,1.52E-08,0.37986051,379.8605097,3978.414495,554.0180043,138.2353048,11,75,2022
5,PSEMEN,Old,3/30/2022,mature,20,2,10595,3/30/2022,0.00879,-0.00089,0.00932,0.00393,5,0,NA,NA,123.6641239,500.3136579,90.16697888,5,0,23,0.997560024,26.05,2.3,8.79E-06,9.32E-06,3.93E-06,2.61E-05,59.915,5.99E-05,15.2455466,0.065592925,0.009713906,9.71E-09,0.404574622,404.5746216,6167.961206,554.8745939,123.6641239,13,89,2022
5,PSEMEN,Old,4/13/2022,mature,20,2,10607,4/13/2022,0.01054,-0.00034,0.01293,0.00525,5,0,NA,NA,100.7619106,484.6328158,68.88020894,5,0,22,0.997799993,23.607,2.3,1.05E-05,1.29E-05,5.25E-06,2.36E-05,54.2961,5.43E-05,10.34211443,0.096692026,0.010915481,1.09E-08,0.480968282,480.9682816,4974.22886,703.5879003,100.7619106,15,103,2022
5,PSEMEN,Old,4/20/2022,mature,20,2,10618,4/20/2022,0.01135,-0.0003,0.0117,0.00559,5,0,NA,NA,103.041143,492.5167972,94.27169502,5,0,24.5,0.997200012,19.306,2.3,1.14E-05,1.17E-05,5.59E-06,1.93E-05,44.4038,4.44E-05,7.943434435,0.125890131,0.011695032,1.17E-08,0.477980716,477.9807157,3796.808511,522.4439818,103.041143,16,110,2022
5,PSEMEN,Old,4/27/2022,mature,20,2,10630,4/27/2022,0.01348,-0.0008,0.01411,0.00653,5,0,NA,NA,106.4318593,484.9958854,91.68865862,5,0,23,0.997560024,30.029,2.3,1.35E-05,1.41E-05,6.53E-06,3.00E-05,69.0667,6.91E-05,10.57683018,0.094546285,0.014330019,1.43E-08,0.455686767,455.6867674,4819.72142,528.9595166,106.4318593,17,117,2022
5,PSEMEN,Old,5/4/2022,mature,20,2,10642,4/5/2022,0.01015,-0.00021,0.01274,0.00534,5,0,NA,NA,90.07490955,462.5536762,65.00000409,5,0,24,0.997319996,24.717,2.3,1.02E-05,1.27E-05,5.34E-06,2.47E-05,56.8491,5.68E-05,10.64589858,0.093932888,0.010398793,1.04E-08,0.513521119,513.5211188,5466.893665,711.6209955,90.07490955,18,124,2022
5,PSEMEN,Old,5/11/2022,mature,20,2,10655,11/5/2022,0.00944,-0.00021,0.01196,0.00549,5,0,NA,NA,71.94900457,407.7994281,61.05100978,5,0,24,0.997319996,20.996,2.3,9.44E-06,1.20E-05,5.49E-06,2.10E-05,48.2908,4.83E-05,8.796138603,0.113686249,0.009686135,9.69E-09,0.566789555,566.789555,4985.559304,667.9650829,71.94900457,19,131,2022
5,PSEMEN,Old,5/18/2022,mature,20,2,10667,5/18/2022,0.01142,-0.00051,0.01391,0.00603,5,0,NA,NA,89.38641285,450.1167347,68.4010185,5,0,24,0.997319996,26.196,2.3,1.14E-05,1.39E-05,6.03E-06,2.62E-05,60.2508,6.03E-05,9.991841103,0.100081656,0.011974672,1.20E-08,0.503562842,503.5628417,5031.519609,658.0556029,89.38641285,20,138,2022
5,PSEMEN,Old,5/26/2022,mature,20,2,10679,5/26/2022,0.015799999,-0.00107,0.01668,0.00814,5,0,NA,NA,94.10319467,452.3665611,89.69553825,5,0,24,0.997319996,25.984,2.3,1.58E-05,1.67E-05,8.14E-06,2.60E-05,59.7632,5.98E-05,7.341916838,0.136204212,0.016933169,1.69E-08,0.480713319,480.7133191,3529.356983,504.3356336,94.10319467,21,146,2022
5,PSEMEN,Old,6/1/2022,mature,20,2,10691,1/6/2022,0.01037,-0.00012,0.01172,0.00501,5,0,NA,NA,106.9860347,509.0566585,79.88078099,5,0,24,0.997319996,23.088,2.3,1.04E-05,1.17E-05,5.01E-06,2.31E-05,53.1024,5.31E-05,10.59928151,0.094346018,0.01052928,1.05E-08,0.475816003,475.8160035,5043.307609,637.2705076,106.9860347,22,152,2022
5,PSEMEN,Old,6/8/2022,mature,20,2,10703,8/6/2022,0.01463,-0.00028,0.01515,0.00764,5,0,NA,NA,91.49214882,467.063947,93.07589603,5,0,24,0.997319996,22.96,2.3,1.46E-05,1.52E-05,7.64E-06,2.30E-05,52.808,5.28E-05,6.912041915,0.144675049,0.014965831,1.50E-08,0.51049621,510.4962102,3528.571161,501.8097777,91.49214882,23,159,2022
5,PSEMEN,Old,6/16/2022,mature,20,2,10715,6/16/2022,0.01049,-0.00046,0.01082,0.00559,5,0,NA,NA,87.65652758,445.8191948,93.69024533,5,0,24,0.997319996,24.26,2.3,1.05E-05,1.08E-05,5.59E-06,2.43E-05,55.798,5.58E-05,9.981752792,0.100182806,0.010991003,1.10E-08,0.508597822,508.5978219,5076.697783,475.8437692,87.65652758,24,167,2022
5,PSEMEN,Old,6/23/2022,mature,20,2,10747,6/23/2022,0.00843,-0.00055,0.00911,0.00374,5,0,NA,NA,125.4010757,520.3233603,87.33706516,5,0,24,0.997319996,15.03,2.3,8.43E-06,9.11E-06,3.74E-06,1.50E-05,34.569,3.46E-05,9.243047948,0.10818942,0.009013626,9.01E-09,0.41492736,414.9273599,3835.193392,595.7646497,125.4010757,25,174,2022
5,PSEMEN,Old,6/30/2022,mature,20,2,10759,6/30/2022,0.01,-0.00064,0.01198,0.00513,5,0,NA,1.279999971,94.93177154,455.9443314,71.09488797,5,0,24.5,0.997200012,21.73,2.3,1.00E-05,1.20E-05,5.13E-06,2.17E-05,49.979,5.00E-05,9.742495228,0.102643109,0.010681128,1.07E-08,0.480286334,480.2863345,4679.187379,641.318025,94.93177154,26,181,2022
5,PSEMEN,Old,7/6/2022,mature,20,2,10795,6/7/2022,0.0111,-0.00053,0.01335,0.00554,5,0,NA,NA,100.3610136,476.1087813,71.19078179,5,0,25.5,0.996940017,23.15,2.3,1.11E-05,1.33E-05,5.54E-06,2.32E-05,53.245,5.32E-05,9.611011161,0.104047325,0.011678004,1.17E-08,0.474396155,474.3961546,4559.426661,668.7786948,100.3610136,27,187,2022
5,PSEMEN,Old,7/14/2022,mature,20,2,10842,7/14/2022,0.01406,-0.00195,0.016930001,0.00616,5,0,NA,NA,128.2467572,491.3491103,73.35189752,5,0,26,0.996810019,25.31,2.3,1.41E-05,1.69E-05,6.16E-06,2.53E-05,58.213,5.82E-05,9.450162532,0.105818286,0.016078181,1.61E-08,0.383127907,383.1279075,3620.620943,669.8519423,128.2467572,28,195,2022
5,PSEMEN,Old,7/20/2022,mature,20,2,10854,7/20/2022,0.01119,-0.00077,0.01391,0.00481,5,0,NA,NA,132.6403402,531.1826947,70.1098889,5,0,26,0.996810019,NA,2.3,1.12E-05,1.39E-05,4.81E-06,NA,NA,NA,NA,NA,0.012010934,1.20E-08,0.400468447,400.4684475,NA,757.6430415,NA,29,201,2022
5,PSEMEN,Old,7/27/2022,mature,20,2,10807,7/27/2022,0.0115,-0.00119,0.01194,0.00495,5,0,NA,NA,132.323234,513.8262554,93.70529835,5,0,27,0.99654001,21.89,2.3,1.15E-05,1.19E-05,4.95E-06,2.19E-05,50.347,5.03E-05,10.17111117,0.098317675,0.0127475,1.27E-08,0.388311442,388.3114421,3949.558822,548.3427986,132.323234,30,208,2022
5,PSEMEN,Old,8/3/2022,mature,20,2,10880,3/8/2022,0.00899,-0.00092,0.00959,0.00418,5,0,NA,NA,115.071762,483.3100364,88.9094281,5,0,26,0.996810019,20.61,2.3,8.99E-06,9.59E-06,4.18E-06,2.06E-05,47.403,4.74E-05,11.34043018,0.088180076,0.009952203,9.95E-09,0.420007489,420.0074895,4763.065784,543.5981838,115.071762,31,215,2022
5,PSEMEN,Old,8/10/2022,mature,20,2,10904,10/8/2022,0.01381,-0.00098,0.01454,0.00595,5,0,NA,NA,132.1008414,529.1174341,91.50175173,5,0,26.5,0.996680021,32.25,2.3,1.38E-05,1.45E-05,5.95E-06,3.23E-05,74.175,7.42E-05,12.46638627,0.080215708,0.014854925,1.49E-08,0.400540549,400.5405493,4993.293187,578.2593492,132.1008414,32,222,2022
5,PSEMEN,Old,8/18/2022,mature,20,2,10928,8/18/2022,0.00704,-0.00082,0.00773,0.00309,5,0,NA,NA,127.831716,500.4134312,85.12930806,5,0,26,0.996810019,16.94,2.3,7.04E-06,7.73E-06,3.09E-06,1.69E-05,38.962,3.90E-05,12.60906144,0.079308044,0.007893473,7.89E-09,0.391462658,391.4626582,4935.976683,587.8274387,127.831716,33,230,2022
5,PSEMEN,Old,8/25/2022,mature,20,2,10952,8/25/2022,0.01151,-0.00084,0.01423,0.00488,5,0,NA,NA,135.8606528,534.705155,70.90908837,5,0,25,0.997070014,26.33,2.3,1.15E-05,1.42E-05,4.88E-06,2.63E-05,60.559,6.06E-05,12.40963139,0.080582571,0.012399357,1.24E-08,0.393568806,393.568806,4884.043864,754.0713995,135.8606528,34,237,2022
5,PSEMEN,Old,9/1/2022,mature,20,2,10976,9/1/2022,0.01043,-0.00129,0.0113,0.00455,5,0,NA,NA,129.2307552,499.6441434,87.11110299,5,0,25.5,0.996940017,21.18,2.3,1.04E-05,1.13E-05,4.55E-06,2.12E-05,48.714,4.87E-05,10.70637319,0.093402311,0.011768375,1.18E-08,0.386629417,386.6294174,4139.399055,573.5711365,129.2307552,35,244,2022
5,PSEMEN,Old,9/20/2022,mature,20,2,11000,9/20/2022,0.00992,-0.00111,0.01275,0.0044,5,0,NA,NA,125.4545489,498.5863451,66.1077876,5,0,24,0.997319996,22.92,2.3,9.92E-06,1.27E-05,4.40E-06,2.29E-05,52.716,5.27E-05,11.98090916,0.08346612,0.011071302,1.11E-08,0.397423891,397.4238912,4761.49949,754.2021345,125.4545489,38,263,2022
5,PSEMEN,Old,10/12/2022,mature,20,2,11036,10/12/2022,0.0122,-0.00099,0.0129,0.00587,5,0,NA,NA,107.8364528,478.6514705,90.0426653,5,0,19,0.998430014,25.76,2.3,1.22E-05,1.29E-05,5.87E-06,2.58E-05,59.248,5.92E-05,10.09335606,0.099075074,0.013224654,1.32E-08,0.443867959,443.8679587,4480.117433,531.5829656,107.8364528,41,285,2022
5,PSEMEN,Old,10/31/2022,mature,20,2,11048,10/31/2022,0.01003,-0.00015,0.0105,0.00481,5,0,NA,NA,108.5239059,511.1238854,91.73988897,5,0,21.79999924,0.997839987,17.48,2.3,1.00E-05,1.05E-05,4.81E-06,1.75E-05,40.204,4.02E-05,8.358420239,0.119639833,0.010212788,1.02E-08,0.470978145,470.9781455,3936.633308,557.1446523,108.5239059,44,304,2022
5,PSEMEN,Old,11/28/2022,mature,20,2,11072,11/28/2022,0.01134,-0.00062,0.01276,0.00474,5,0,NA,NA,139.2405123,550.4265395,82.29425843,5,0,18.70000076,0.998489976,22.7,2.3,1.13E-05,1.28E-05,4.74E-06,2.27E-05,52.21,5.22E-05,11.01476846,0.090787201,0.011990701,1.20E-08,0.395306327,395.3063266,4354.207543,668.8516915,139.2405123,48,332,2022
6,PSEMEN,New,6/16/2021,mature,20,2,10424,6/16/2021,0.00688,-0.00059,0.00784,0.00174,5,0,NA,NA,295.4022905,685.1677605,84.26229005,6,0,26,0.996810019,16.881,2.3,6.88E-06,7.84E-06,1.74E-06,1.69E-05,38.8263,3.88E-05,22.3139658,0.044814983,0.007501812,7.50E-09,0.231943953,231.9439526,5175.589515,813.1368849,295.4022905,24,167,2021
6,PSEMEN,New,6/22/2021,mature,20,2,10460,6/22/2021,0.01068,-0.00181,0.01206,0.00273,5,0,NA,NA,291.2087927,633.8100166,85.20900968,6,0,26,0.996810019,25.786,2.3,1.07E-05,1.21E-05,2.73E-06,2.58E-05,59.3078,5.93E-05,21.72446834,0.046031046,0.012543191,1.25E-08,0.217647968,217.6479676,4728.286366,743.8298121,291.2087927,25,173,2021
6,PSEMEN,New,10/13/2021,mature,20,2,10544,10/13/2021,0.00992,-0.00122,0.01054,0.00402,5,0,NA,NA,146.7661792,527.9014598,90.49079698,6,0,22,0.997799993,24.395,2.3,9.92E-06,1.05E-05,4.02E-06,2.44E-05,56.1085,5.61E-05,13.95733874,0.071646896,0.011176329,1.12E-08,0.35968878,359.6887802,5020.297955,583.3758541,146.7661792,41,286,2021
6,PSEMEN,New,6/23/2022,mature,20,2,10736,6/23/2022,0.00757,-0.00061,0.01104,0.00196,5,0,NA,NA,286.2244801,683.260574,61.7841381,6,0,24,0.997319996,23.79,2.3,7.57E-06,1.10E-05,1.96E-06,2.38E-05,54.717,5.47E-05,27.9168364,0.035820678,0.00821063,8.21E-09,0.238714926,238.7149261,6664.165711,1105.883476,286.2244801,25,174,2022
6,PSEMEN,New,6/30/2022,mature,20,2,10772,6/30/2022,0.01042,-0.00131,0.01156,0.00282,5,0,NA,1.059999943,269.5035456,645.4165165,86.95652823,6,0,24.5,0.997200012,25.3,2.3,1.04E-05,1.16E-05,2.82E-06,2.53E-05,58.19,5.82E-05,20.63475139,0.048461936,0.011775342,1.18E-08,0.239483496,239.4834957,4941.682429,742.2289386,269.5035456,26,181,2022
6,PSEMEN,New,7/6/2022,mature,20,2,10784,6/7/2022,0.016419999,-0.00214,0.018409999,0.00495,5,0,NA,NA,231.7171594,615.3749938,85.21545381,6,0,26,0.996810019,36.69,2.3,1.64E-05,1.84E-05,4.95E-06,3.67E-05,84.387,8.44E-05,17.04787888,0.058658324,0.01863904,1.86E-08,0.265571617,265.571617,4527.432663,722.1401357,231.7171594,27,187,2022
6,PSEMEN,New,7/14/2022,mature,20,2,10832,7/14/2022,0.00907,-0.00073,0.0097,0.00327,5,0,NA,NA,177.3700219,589.3269681,90.20216832,6,0,26,0.996810019,16.65,2.3,9.07E-06,9.70E-06,3.27E-06,1.67E-05,38.295,3.83E-05,11.71100922,0.085389737,0.009841735,9.84E-09,0.332258488,332.258488,3891.082317,653.3401348,177.3700219,28,195,2022
6,PSEMEN,New,7/20/2022,mature,20,2,10867,7/20/2022,0.01643,-0.00203,0.0175,0.00621,5,0,NA,NA,164.5732754,551.2817435,90.52258455,6,0,26,0.996810019,36.74,2.3,1.64E-05,1.75E-05,6.21E-06,3.67E-05,84.502,8.45E-05,13.60740787,0.073489382,0.018538615,1.85E-08,0.334976477,334.9764771,4558.161413,608.9991202,164.5732754,29,201,2022
6,PSEMEN,New,7/27/2022,mature,20,2,10820,7/27/2022,0.0164,-0.00141,0.019889999,0.00575,5,0,NA,NA,185.2173921,595.2813816,75.31825102,6,0,27,0.99654001,29.87,2.3,1.64E-05,1.99E-05,5.75E-06,2.99E-05,68.701,6.87E-05,11.94799998,0.083696016,0.017890699,1.79E-08,0.321396051,321.3960509,3840.039993,790.3547593,185.2173921,30,208,2022
6,PSEMEN,New,8/3/2022,mature,20,2,10893,3/8/2022,0.01486,-0.00217,0.01571,0.00592,5,0,NA,NA,151.0135252,522.7298413,91.31767636,6,0,26,0.996810019,37.98,2.3,1.49E-05,1.57E-05,5.92E-06,3.80E-05,87.354,8.74E-05,14.75574347,0.067770221,0.017102525,1.71E-08,0.346147713,346.1477127,5107.666636,572.4300728,151.0135252,31,215,2022
6,PSEMEN,New,8/10/2022,mature,20,2,10917,10/8/2022,0.01822,-0.00122,0.02241,0.00704,5,0,NA,NA,158.8068157,572.5893135,72.73910306,6,0,26.5,0.996680021,40.34,2.3,1.82E-05,2.24E-05,7.04E-06,4.03E-05,92.782,9.28E-05,13.17926126,0.075876787,0.019525338,1.95E-08,0.360557136,360.5571364,4751.876752,787.1822574,158.8068157,32,222,2022
6,PSEMEN,New,8/18/2022,mature,20,2,10941,8/18/2022,0.0153,-0.00157,0.01616,0.00585,5,0,NA,NA,161.5384701,557.7905385,91.65858384,6,0,26,0.996810019,30.79,2.3,1.53E-05,1.62E-05,5.85E-06,3.08E-05,70.817,7.08E-05,12.10547041,0.082607281,0.016941844,1.69E-08,0.345298897,345.2988969,4180.005454,608.5524292,161.5384701,33,230,2022
6,PSEMEN,New,8/25/2022,mature,20,2,10965,8/25/2022,0.01559,-0.00135,0.01974,0.00572,5,0,NA,NA,172.5524573,580.3253738,70.39942776,6,0,25,0.997070014,34.54,2.3,1.56E-05,1.97E-05,5.72E-06,3.45E-05,79.442,7.94E-05,13.88846207,0.072002213,0.017007701,1.70E-08,0.336318245,336.3182447,4670.943008,824.3325155,172.5524573,34,237,2022
6,PSEMEN,New,9/1/2022,mature,20,2,10989,9/1/2022,0.00939,0.00143,0.00998,0.00361,5,0,NA,NA,160.1108093,723.1458226,90.73784291,6,0,25.5,0.996940017,19.92,2.3,9.39E-06,9.98E-06,3.61E-06,1.99E-05,45.816,4.58E-05,12.69141269,0.078793435,0.007992855,7.99E-09,0.451653359,451.6533587,5732.118969,796.9616639,160.1108093,35,244,2022
6,PSEMEN,New,9/20/2022,mature,20,2,11013,9/20/2022,0.016419999,-0.0022,0.01915,0.00633,5,0,NA,NA,159.3996824,539.8688792,78.70514273,6,0,24,0.997319996,31.07,2.3,1.64E-05,1.92E-05,6.33E-06,3.11E-05,71.461,7.15E-05,11.28925791,0.088579782,0.018689722,1.87E-08,0.338688822,338.6888223,3823.545271,685.9385048,159.3996824,38,263,2022
6,PSEMEN,New,10/31/2022,mature,20,2,11061,10/31/2022,0.01494,-0.00136,0.0185,0.00613,5,0,NA,NA,143.7194106,538.7555523,71.22069473,6,0,21.79999924,0.997839987,31.83,2.3,1.49E-05,1.85E-05,6.13E-06,3.18E-05,73.209,7.32E-05,11.9427404,0.083732876,0.0163525,1.64E-08,0.374866237,374.8662373,4476.930204,756.4592768,143.7194106,44,304,2022
6,PSEMEN,New,11/28/2022,mature,20,2,11085,11/28/2022,0.01556,-0.00121,0.01643,0.00636,5,0,NA,NA,144.6540913,547.1940566,91.36048011,6,0,18.70000076,0.998489976,26.7,2.3,1.56E-05,1.64E-05,6.36E-06,2.67E-05,61.41,6.14E-05,9.655660378,0.103566194,0.016813048,1.68E-08,0.378277627,378.277627,3652.520246,598.9395589,144.6540913,48,332,2022
6,PSEMEN,Old,4/1/2021,mature,20,2,10267,1/4/2021,0.00929,-0.00113,0.00942,0.00412,5,0,NA,NA,125.4854377,494.5484633,97.54717742,6,0,22,0.997799993,15.14,2.3,9.29E-06,9.42E-06,4.12E-06,1.51E-05,34.822,3.48E-05,8.451941394,0.118316012,0.010453981,1.05E-08,0.39410825,394.1082497,3330.979835,506.9838783,125.4854377,13,91,2021
6,PSEMEN,Old,4/6/2021,mature,20,2,10279,6/4/2021,0.00931,-0.00116,0.00956,0.00414,5,0,NA,NA,124.8792261,491.9496616,95.38744478,6,0,24,0.997319996,15.745,2.3,9.31E-06,9.56E-06,4.14E-06,1.57E-05,36.2135,3.62E-05,8.74722252,0.114322003,0.010509205,1.05E-08,0.39394035,393.9403502,3445.883909,515.7383791,124.8792261,14,96,2021
6,PSEMEN,Old,4/13/2021,mature,20,2,10290,4/13/2021,0.01307,-0.00119,0.0136,0.00619,5,0,NA,NA,111.1470133,480.7843931,92.84750554,6,0,23,0.997560024,16.155,2.3,1.31E-05,1.36E-05,6.19E-06,1.62E-05,37.1565,3.72E-05,6.002665491,0.166592658,0.014309949,1.43E-08,0.432566186,432.5661857,2596.550101,517.8215508,111.1470133,15,103,2021
6,PSEMEN,Old,4/21/2021,mature,20,2,10326,4/21/2021,0.01551,-0.00108,0.018820001,0.0075,5,0,NA,NA,106.8000085,481.4109593,70.75971522,6,0,20.5,0.998130023,28.678,2.3,1.55E-05,1.88E-05,7.50E-06,2.87E-05,65.9594,6.60E-05,8.794586863,0.113706308,0.016638592,1.66E-08,0.450759306,450.759306,3964.241726,680.346095,106.8000085,16,111,2021
6,PSEMEN,Old,4/27/2021,mature,20,2,10314,4/27/2021,0.01138,-0.00046,0.01189,0.0061,5,0,NA,NA,86.5573813,444.6436103,91.19171493,6,0,20.5,0.998130023,22.571,2.3,1.14E-05,1.19E-05,6.10E-06,2.26E-05,51.9133,5.19E-05,8.510377213,0.117503605,0.011874679,1.19E-08,0.513698097,513.698097,4371.764478,487.5921137,86.5573813,17,117,2021
6,PSEMEN,Old,4/30/2021,mature,20,2,10363,4/30/2021,0.017759999,-0.00066,0.02146,0.00888,5,0,NA,NA,100,480.1657114,70.58822789,6,0,25,0.997070014,32.431,2.3,1.78E-05,2.15E-05,8.88E-06,3.24E-05,74.5913,7.46E-05,8.399921521,0.119048731,0.018493614,1.85E-08,0.480165738,480.1657385,4033.354293,680.2348291,100,18,120,2021
6,PSEMEN,Old,5/5/2021,mature,20,2,10387,5/5/2021,0.017750001,-0.00113,0.018650001,0.01152,5,0,NA,NA,54.07986382,328.8270342,87.37727573,6,0,23,0.997560024,33.437,2.3,1.78E-05,1.87E-05,1.15E-05,3.34E-05,76.9051,7.69E-05,6.675789829,0.149795009,0.018946132,1.89E-08,0.608039663,608.039663,4059.145153,376.3301516,54.07986382,18,125,2021
6,PSEMEN,Old,5/10/2021,mature,20,2,10399,10/5/2021,0.0099,-0.00071,0.0117,0.00534,5,0,NA,NA,85.39325225,428.4807654,71.69811528,6,0,21,0.998019993,20.4,2.3,9.90E-06,1.17E-05,5.34E-06,2.04E-05,46.92,4.69E-05,8.786516609,0.113810745,0.010642251,1.06E-08,0.501773547,501.7735471,4408.841755,597.6178923,85.39325225,19,130,2021
6,PSEMEN,Old,5/14/2021,mature,20,2,10411,5/14/2021,0.01367,-0.00123,0.01431,0.00718,5,0,NA,NA,90.38997056,433.9978111,91.02384022,6,0,23.5,0.997439981,32.279,2.3,1.37E-05,1.43E-05,7.18E-06,3.23E-05,74.2417,7.42E-05,10.34006936,0.09671115,0.014953992,1.50E-08,0.480139341,480.1393406,4964.674115,476.7957604,90.38997056,20,134,2021
6,PSEMEN,Old,5/19/2021,mature,20,2,10520,5/19/2021,0.01232,-0.00146,0.01473,0.00592,5,0,NA,NA,108.108107,462.8200823,72.64471984,6,0,23,0.997560024,32.593,2.3,1.23E-05,1.47E-05,5.92E-06,3.26E-05,74.9639,7.50E-05,12.66282114,0.078971344,0.013828268,1.38E-08,0.428108581,428.1085807,5421.062382,637.1007877,108.108107,20,139,2021
6,PSEMEN,Old,5/24/2021,mature,20,2,10532,5/24/2021,0.01715,-0.00128,0.017990001,0.00943,5,0,NA,NA,81.86638829,417.3196031,90.1869075,6,0,24,0.997319996,29.468,2.3,1.71E-05,1.80E-05,9.43E-06,2.95E-05,67.7764,6.78E-05,7.187317357,0.13913397,0.018499012,1.85E-08,0.509756961,509.7569607,3663.784967,462.7274786,81.86638829,21,144,2021
6,PSEMEN,Old,5/27/2021,mature,20,2,10375,5/27/2021,0.01479,-0.00125,0.01533,0.00717,5,0,NA,NA,106.2761529,473.1713258,93.3823594,6,0,25,0.997070014,34.386,2.3,1.48E-05,1.53E-05,7.17E-06,3.44E-05,79.0878,7.91E-05,11.03037639,0.090658738,0.016104104,1.61E-08,0.445228131,445.2281309,4911.033833,506.703117,106.2761529,21,147,2021
6,PSEMEN,Old,6/1/2021,mature,20,2,10508,1/6/2021,0.019880001,-0.00138,0.02045,0.01044,5,0,NA,NA,90.42145467,442.1433917,94.30570177,6,0,26,0.996810019,44.437,2.3,1.99E-05,2.04E-05,1.04E-05,4.44E-05,102.2051,0.000102205,9.789760224,0.102147548,0.02135054,2.14E-08,0.488980596,488.9805959,4787.003046,468.8405721,90.42145467,22,152,2021
6,PSEMEN,Old,6/4/2021,mature,20,2,10472,4/6/2021,0.01185,-0.00146,0.01441,0.00579,5,0,NA,NA,104.6632239,453.5436432,70.30162641,6,0,24.5,0.997200012,26.208,2.3,1.19E-05,1.44E-05,5.79E-06,2.62E-05,60.2784,6.03E-05,10.41077747,0.096054306,0.013361449,1.34E-08,0.43333623,433.3362303,4511.366807,645.1396168,104.6632239,23,155,2021
6,PSEMEN,Old,6/9/2021,mature,20,2,10484,9/6/2021,0.01565,-0.00206,0.01969,0.00763,5,0,NA,NA,105.1114108,451.1621221,66.50083564,6,0,24,0.997319996,32.392,2.3,1.57E-05,1.97E-05,7.63E-06,3.24E-05,74.5016,7.45E-05,9.76429896,0.102413906,0.017776316,1.78E-08,0.429222801,429.2228007,4191.059567,678.4307562,105.1114108,23,160,2021
6,PSEMEN,Old,6/16/2021,mature,20,2,10436,6/16/2021,0.01264,-0.00095,0.01301,0.00624,5,0,NA,NA,102.5641072,468.9374684,94.53471839,6,0,26,0.996810019,27.19,2.3,1.26E-05,1.30E-05,6.24E-06,2.72E-05,62.537,6.25E-05,10.0219551,0.09978093,0.013647875,1.36E-08,0.457214021,457.2140213,4582.178292,496.0478821,102.5641072,24,167,2021
6,PSEMEN,Old,6/22/2021,mature,20,2,10448,6/22/2021,0.01086,-0.0005,0.01183,0.00564,5,0,NA,NA,92.55318446,457.5584295,84.32955759,6,0,26,0.996810019,21.871,2.3,1.09E-05,1.18E-05,5.64E-06,2.19E-05,50.3033,5.03E-05,8.919024657,0.112119883,0.011408379,1.14E-08,0.494373496,494.3734964,4409.329553,542.5836949,92.55318446,25,173,2021
6,PSEMEN,Old,10/13/2021,mature,20,2,10564,10/13/2021,0.01373,-0.00116,0.016960001,0.00622,5,0,NA,NA,120.739551,502.7259109,69.92550634,6,0,22,0.997799993,29.579,2.3,1.37E-05,1.70E-05,6.22E-06,2.96E-05,68.0317,6.80E-05,10.93757259,0.091427965,0.014938558,1.49E-08,0.416372191,416.372191,4554.101034,718.9449704,120.739551,41,286,2021
6,PSEMEN,Old,3/16/2022,mature,20,2,10584,3/16/2022,0.01127,-0.00119,0.01323,0.00474,5,0,NA,NA,137.7637176,522.4888578,76.914016,6,0,21,0.998019993,23.83,2.3,1.13E-05,1.32E-05,4.74E-06,2.38E-05,54.809,5.48E-05,11.56308073,0.086482143,0.012497874,1.25E-08,0.379264495,379.2644954,4385.46589,679.3155331,137.7637176,11,75,2022
6,PSEMEN,Old,3/30/2022,mature,20,2,10596,3/30/2022,0.00772,-0.00073,0.00788,0.00351,5,0,NA,NA,119.9430261,496.4858091,96.33866658,6,0,23,0.997560024,21.71,2.3,7.72E-06,7.88E-06,3.51E-06,2.17E-05,49.933,4.99E-05,14.22592612,0.070294193,0.008479598,8.48E-09,0.413934716,413.9347156,5888.604506,515.3546616,119.9430261,13,89,2022
6,PSEMEN,Old,4/13/2022,mature,20,2,10608,4/13/2022,0.00845,-0.00039,0.00901,0.00437,5,0,NA,NA,93.36382615,460.0381856,87.93102272,6,0,22,0.997799993,20.333,2.3,8.45E-06,9.01E-06,4.37E-06,2.03E-05,46.7659,4.68E-05,10.70157842,0.093444159,0.008868828,8.87E-09,0.492737029,492.7370293,5273.064445,523.1807517,93.36382615,15,103,2022
6,PSEMEN,Old,4/20/2022,mature,20,2,10619,4/20/2022,0.016109999,-0.00128,0.01884,0.00731,5,0,NA,NA,120.3830335,504.0894133,76.32263049,6,0,24.5,0.997200012,28.74,2.3,1.61E-05,1.88E-05,7.31E-06,2.87E-05,66.102,6.61E-05,9.042681527,0.110586666,0.017457219,1.75E-08,0.41873794,418.7379404,3786.513675,660.4717501,120.3830335,16,110,2022
6,PSEMEN,Old,4/27/2022,mature,20,2,10631,4/27/2022,0.01025,-0.00123,0.01073,0.00469,5,0,NA,NA,118.5501194,482.6300599,92.05298177,6,0,23,0.997560024,24.645,2.3,1.03E-05,1.07E-05,4.69E-06,2.46E-05,56.6835,5.67E-05,12.08603449,0.082740125,0.011520211,1.15E-08,0.407110589,407.1105886,4920.35232,524.295955,118.5501194,17,117,2022
6,PSEMEN,Old,5/4/2022,mature,20,2,10643,4/5/2022,0.00685,-0.00052,0.00804,0.00336,5,0,NA,NA,103.8690494,471.7748118,74.57265376,6,0,24,0.997319996,14.259,2.3,6.85E-06,8.04E-06,3.36E-06,1.43E-05,32.7957,3.28E-05,9.760625077,0.102452455,0.007397597,7.40E-09,0.454201534,454.2015341,4433.290846,632.637821,103.8690494,18,124,2022
6,PSEMEN,Old,5/11/2022,mature,20,2,10656,11/5/2022,0.00918,-0.0005,0.01098,0.00483,5,0,NA,NA,90.06211324,447.7037269,70.73171064,6,0,24,0.997319996,19.939,2.3,9.18E-06,1.10E-05,4.83E-06,1.99E-05,45.8597,4.59E-05,9.494761923,0.10532123,0.009716247,9.72E-09,0.497105514,497.1055142,4719.898464,632.9604118,90.06211324,19,131,2022
6,PSEMEN,Old,5/18/2022,mature,20,2,10668,5/18/2022,0.01277,-0.00029,0.01549,0.00658,5,0,NA,NA,94.07295257,472.1981591,69.47250142,6,0,24,0.997319996,25.269,2.3,1.28E-05,1.55E-05,6.58E-06,2.53E-05,58.1187,5.81E-05,8.832629432,0.113216569,0.013108904,1.31E-08,0.50194892,501.9489197,4433.528707,679.6907401,94.07295257,20,138,2022
6,PSEMEN,Old,5/26/2022,mature,20,2,10680,5/26/2022,0.013,-0.00056,0.015939999,0.00667,5,0,NA,NA,94.90255182,465.0726872,68.28479706,6,0,24,0.997319996,19.845,2.3,1.30E-05,1.59E-05,6.67E-06,1.98E-05,45.6435,4.56E-05,6.843103416,0.146132528,0.013610776,1.36E-08,0.490052886,490.0528865,3353.482529,681.0779372,94.90255182,21,146,2022
6,PSEMEN,Old,6/1/2022,mature,20,2,10692,1/6/2022,0.01305,-9.00E-05,0.01408,0.00683,5,0,NA,NA,91.06882085,471.5978796,85.79310496,6,0,24,0.997319996,28.616,2.3,1.31E-05,1.41E-05,6.83E-06,2.86E-05,65.8168,6.58E-05,9.636427733,0.103772895,0.013189203,1.32E-08,0.517847812,517.8478121,4990.202842,549.6920526,91.06882085,22,152,2022
6,PSEMEN,Old,6/8/2022,mature,20,2,10704,8/6/2022,0.0071,-0.00014,0.00763,0.00405,5,0,NA,NA,75.30863857,419.6991302,85.19553418,6,0,24,0.997319996,13.77,2.3,7.10E-06,7.63E-06,4.05E-06,1.38E-05,31.671,3.17E-05,7.819999797,0.127877241,0.00726711,7.27E-09,0.557305417,557.3054168,4358.128331,492.6304345,75.30863857,23,159,2022
6,PSEMEN,Old,6/16/2022,mature,20,2,10716,6/16/2022,0.00929,-0.0003,0.01103,0.00481,5,0,NA,NA,93.13930844,465.4105793,72.02573445,6,0,24,0.997319996,20.97,2.3,9.29E-06,1.10E-05,4.81E-06,2.10E-05,48.231,4.82E-05,10.02723526,0.099728387,0.00962591,9.63E-09,0.499693012,499.6930124,5010.539,646.1726255,93.13930844,24,167,2022
6,PSEMEN,Old,6/23/2022,mature,20,2,10748,6/23/2022,0.00995,-0.00035,0.012,0.00451,5,0,NA,NA,120.6208453,526.1850286,72.63017113,6,0,24,0.997319996,17.71,2.3,9.95E-06,1.20E-05,4.51E-06,1.77E-05,40.733,4.07E-05,9.031707553,0.110721034,0.010338569,1.03E-08,0.436230598,436.2305979,3939.907142,724.4716905,120.6208453,25,174,2022
6,PSEMEN,Old,6/30/2022,mature,20,2,10760,6/30/2022,0.01029,-0.00039,0.01062,0.00519,5,0,NA,1.330000043,98.2658917,475.6893258,93.92264843,6,0,24.5,0.997200012,24.16,2.3,1.03E-05,1.06E-05,5.19E-06,2.42E-05,55.568,5.56E-05,10.70674387,0.093399077,0.010721283,1.07E-08,0.484083854,484.0838544,5182.961944,506.4692422,98.2658917,26,181,2022
6,PSEMEN,Old,7/6/2022,mature,20,2,10796,6/7/2022,0.00939,-0.00054,0.00977,0.00491,5,0,NA,NA,91.24236247,449.3035778,92.18106826,6,0,25.5,0.996940017,20.13,2.3,9.39E-06,9.77E-06,4.91E-06,2.01E-05,46.299,4.63E-05,9.42953131,0.10604981,0.009970987,9.97E-09,0.492428696,492.4286965,4643.371828,487.4141581,91.24236247,27,187,2022
6,PSEMEN,Old,7/14/2022,mature,20,2,10843,7/14/2022,0.0122,-0.0008,0.01289,0.00648,5,0,NA,NA,88.27160183,438.1341205,89.23556722,6,0,26,0.996810019,23.51,2.3,1.22E-05,1.29E-05,6.48E-06,2.35E-05,54.073,5.41E-05,8.344598789,0.119837996,0.013055363,1.31E-08,0.496347754,496.3477539,4141.822936,490.9859758,88.27160183,28,195,2022
6,PSEMEN,Old,7/20/2022,mature,20,2,10855,7/20/2022,0.01073,-0.00069,0.01137,0.00524,5,0,NA,NA,104.7710022,478.6969581,89.55954068,6,0,26,0.996810019,NA,2.3,1.07E-05,1.14E-05,5.24E-06,NA,NA,NA,NA,NA,0.011468634,1.15E-08,0.456898351,456.8983508,NA,534.5013546,NA,29,201,2022
6,PSEMEN,Old,7/27/2022,mature,20,2,10808,7/27/2022,0.0133,-0.00118,0.01385,0.00543,5,0,NA,NA,144.9355432,541.0567009,93.46793341,6,0,27,0.99654001,28.47,2.3,1.33E-05,1.38E-05,5.43E-06,2.85E-05,65.481,6.55E-05,12.05911624,0.082924816,0.01454561,1.45E-08,0.3733085,373.3085,4501.770582,578.8687961,144.9355432,30,208,2022
6,PSEMEN,Old,8/3/2022,mature,20,2,10881,3/8/2022,0.01509,-0.00116,0.01571,0.0071,5,0,NA,NA,112.5352083,489.607223,92.79907002,6,0,26,0.996810019,32.62,2.3,1.51E-05,1.57E-05,7.10E-06,3.26E-05,75.026,7.50E-05,10.56704218,0.094633861,0.016319203,1.63E-08,0.435070253,435.0702535,4597.405788,527.5992775,112.5352083,31,215,2022
6,PSEMEN,Old,8/10/2022,mature,20,2,10905,10/8/2022,0.00648,-0.00049,0.00783,0.00262,5,0,NA,NA,147.3282505,551.3815515,74.08829815,6,0,26.5,0.996680021,18.23,2.3,6.48E-06,7.83E-06,2.62E-06,1.82E-05,41.929,4.19E-05,16.00343556,0.062486583,0.007000597,7.00E-09,0.374253793,374.253793,5989.346305,744.2221852,147.3282505,32,222,2022
6,PSEMEN,Old,8/18/2022,mature,20,2,10929,8/18/2022,0.00962,-0.00098,0.01186,0.00401,5,0,NA,NA,139.9002533,527.0009603,71.46496504,6,0,26,0.996810019,19.48,2.3,9.62E-06,1.19E-05,4.01E-06,1.95E-05,44.804,4.48E-05,11.17306789,0.089500933,0.010645142,1.06E-08,0.376697653,376.6976533,4208.868368,737.4256183,139.9002533,33,230,2022
6,PSEMEN,Old,8/25/2022,mature,20,2,10953,8/25/2022,0.01282,-0.00096,0.016100001,0.00535,5,0,NA,NA,139.6261549,539.9321306,69.48836605,6,0,25,0.997070014,32.68,2.3,1.28E-05,1.61E-05,5.35E-06,3.27E-05,75.164,7.52E-05,14.0493452,0.071177694,0.013835072,1.38E-08,0.386698395,386.6983948,5432.859546,777.0108311,139.6261549,34,237,2022
6,PSEMEN,Old,9/1/2022,mature,20,2,10977,9/1/2022,0.00617,-0.0011,0.00652,0.00263,5,0,NA,NA,134.6007583,484.9310112,91.00257359,6,0,25.5,0.996940017,12.73,2.3,6.17E-06,6.52E-06,2.63E-06,1.27E-05,29.279,2.93E-05,11.13269961,0.089825472,0.007300007,7.30E-09,0.360273607,360.273607,4010.817878,532.8761507,134.6007583,35,244,2022
6,PSEMEN,Old,9/20/2022,mature,20,2,11001,9/20/2022,0.01039,-0.00155,0.01347,0.00452,5,0,NA,NA,129.867268,489.7907727,65.58659953,6,0,24,0.997319996,23.31,2.3,1.04E-05,1.35E-05,4.52E-06,2.33E-05,53.613,5.36E-05,11.86128329,0.08430791,0.01198471,1.20E-08,0.377147224,377.1472238,4473.449853,746.7848252,129.867268,38,263,2022
6,PSEMEN,Old,10/12/2022,mature,20,2,11037,10/12/2022,0.01062,-0.00141,0.01108,0.00437,5,0,NA,NA,143.0205795,518.1730944,93.14456307,6,0,19,0.998430014,26.02,2.3,1.06E-05,1.11E-05,4.37E-06,2.60E-05,59.846,5.98E-05,13.69473617,0.073020757,0.012061606,1.21E-08,0.362306645,362.3066453,4961.694217,556.310618,143.0205795,41,285,2022
6,PSEMEN,Old,10/31/2022,mature,20,2,11049,10/31/2022,0.00948,-0.00081,0.01175,0.00412,5,0,NA,NA,130.0970666,519.2217066,70.24901407,6,0,21.79999924,0.997839987,21.49,2.3,9.48E-06,1.17E-05,4.12E-06,2.15E-05,49.427,4.94E-05,11.99684416,0.083355255,0.010323142,1.03E-08,0.399103281,399.1032811,4787.980282,739.1160054,130.0970666,44,304,2022
6,PSEMEN,Old,11/28/2022,mature,20,2,11073,11/28/2022,0.01179,-0.00038,0.01317,0.0051,5,0,NA,NA,131.1764603,548.3049002,82.89962495,6,0,18.70000076,0.998489976,20.87,2.3,1.18E-05,1.32E-05,5.10E-06,2.09E-05,48.001,4.80E-05,9.411960445,0.10624779,0.01220124,1.22E-08,0.417990297,417.9902974,3934.108314,661.4081795,131.1764603,48,332,2022
7,PSEMEN,New,6/16/2021,mature,20,2,10425,6/16/2021,0.00846,-0.0015,0.00961,0.00202,5,0,NA,NA,318.811886,643.8444235,84.84848615,7,0,26,0.996810019,24.66,2.3,8.46E-06,9.61E-06,2.02E-06,2.47E-05,56.718,5.67E-05,28.07821762,0.035614796,0.010002416,1.00E-08,0.2019512,201.9512001,5670.42969,758.8166304,318.811886,24,167,2021
7,PSEMEN,New,6/22/2021,mature,20,2,10461,6/22/2021,0.00838,-0.00114,0.00941,0.00247,5,0,NA,NA,239.2712438,618.1657421,85.15849006,7,0,26,0.996810019,20.63,2.3,8.38E-06,9.41E-06,2.47E-06,2.06E-05,47.449,4.74E-05,19.21012186,0.052055891,0.009560543,9.56E-09,0.258353537,258.3535374,4963.003094,725.9003086,239.2712438,25,173,2021
7,PSEMEN,New,10/13/2021,mature,20,2,10545,10/13/2021,0.00812,-0.00097,0.00896,0.0033,5,0,NA,NA,146.0606184,528.5294615,85.15901345,7,0,22,0.997799993,22.224,2.3,8.12E-06,8.96E-06,3.30E-06,2.22E-05,51.1152,5.11E-05,15.48945463,0.064560052,0.009119643,9.12E-09,0.361856256,361.8562561,5604.955809,620.6383095,146.0606184,41,286,2021
7,PSEMEN,New,6/23/2022,mature,20,2,10737,6/23/2022,0.0054,-0.00015,0.00767,0.00143,5,0,NA,NA,277.6224018,712.646802,63.62179544,7,0,24,0.997319996,12.97,2.3,5.40E-06,7.67E-06,1.43E-06,1.30E-05,29.831,2.98E-05,20.86083995,0.047936708,0.005570782,5.57E-09,0.256696449,256.6964494,5354.903204,1120.129976,277.6224018,25,174,2022
7,PSEMEN,New,6/30/2022,mature,20,2,10773,6/30/2022,0.01042,-0.00202,0.01444,0.00246,5,0,NA,1.070000052,323.577225,637.4075121,66.44407435,7,0,24.5,0.997200012,26.05,2.3,1.04E-05,1.44E-05,2.46E-06,2.61E-05,59.915,5.99E-05,24.35569002,0.041058167,0.012488086,1.25E-08,0.19698775,196.9877499,4797.772704,959.314308,323.577225,26,181,2022
7,PSEMEN,New,7/6/2022,mature,20,2,10785,6/7/2022,0.01084,-0.00134,0.0121,0.00351,5,0,NA,NA,208.8319032,599.2542046,85.33177784,7,0,26,0.996810019,21.47,2.3,1.08E-05,1.21E-05,3.51E-06,2.15E-05,49.381,4.94E-05,14.06866116,0.071079969,0.012231871,1.22E-08,0.28695529,286.9552901,4037.076819,702.2638222,208.8319032,27,187,2022
7,PSEMEN,New,7/14/2022,mature,20,2,10833,7/14/2022,0.01543,-0.00114,0.016489999,0.00593,5,0,NA,NA,160.2023561,570.8940281,89.96212357,7,0,26,0.996810019,28.69,2.3,1.54E-05,1.65E-05,5.93E-06,2.87E-05,65.987,6.60E-05,11.12765602,0.089866186,0.016640566,1.66E-08,0.356358065,356.3580652,3965.430047,634.5937662,160.2023561,28,195,2022
7,PSEMEN,New,7/20/2022,mature,20,2,10868,7/20/2022,0.01312,-0.00087,0.01392,0.00462,5,0,NA,NA,183.9827024,605.0003623,91.39785409,7,0,26,0.996810019,26.82,2.3,1.31E-05,1.39E-05,4.62E-06,2.68E-05,61.686,6.17E-05,13.35194866,0.074895435,0.014049579,1.40E-08,0.328835479,328.8354788,4390.594156,661.9415394,183.9827024,29,201,2022
7,PSEMEN,New,7/27/2022,mature,20,2,10821,7/27/2022,0.01743,-0.00188,0.017960001,0.00631,5,0,NA,NA,176.2282056,573.2698761,95.45063739,7,0,27,0.99654001,31.22,2.3,1.74E-05,1.80E-05,6.31E-06,3.12E-05,71.806,7.18E-05,11.37971459,0.087875666,0.019397496,1.94E-08,0.325299725,325.2997252,3701.818077,600.5930309,176.2282056,30,208,2022
7,PSEMEN,New,8/3/2022,mature,20,2,10894,3/8/2022,0.01554,-0.00122,0.016240001,0.00589,5,0,NA,NA,163.8370062,573.3340057,93.23670885,7,0,26,0.996810019,39.14,2.3,1.55E-05,1.62E-05,5.89E-06,3.91E-05,90.022,9.00E-05,15.28387059,0.065428452,0.016831375,1.68E-08,0.349941692,349.9416924,5348.463665,614.9230413,163.8370062,31,215,2022
7,PSEMEN,New,8/10/2022,mature,20,2,10918,10/8/2022,0.017200001,-0.00137,0.018139999,0.00649,5,0,NA,NA,165.0231191,574.2159786,91.9313405,7,0,26.5,0.996680021,35.8,2.3,1.72E-05,1.81E-05,6.49E-06,3.58E-05,82.34,8.23E-05,12.68721098,0.078819529,0.01865152,1.87E-08,0.347960917,347.9609173,4414.653721,624.6139515,165.0231191,32,222,2022
7,PSEMEN,New,8/18/2022,mature,20,2,10942,8/18/2022,0.01244,-0.00165,0.01334,0.0047,5,0,NA,NA,164.6808491,546.9962792,89.58332963,7,0,26,0.996810019,28.82,2.3,1.24E-05,1.33E-05,4.70E-06,2.88E-05,66.286,6.63E-05,14.10340446,0.070904866,0.014150005,1.42E-08,0.332155365,332.1553655,4684.521488,610.600523,164.6808491,33,230,2022
7,PSEMEN,New,8/25/2022,mature,20,2,10966,8/25/2022,0.01446,-0.00125,0.015799999,0.00532,5,0,NA,NA,171.8045154,579.4791586,87.21374881,7,0,25,0.997070014,31.11,2.3,1.45E-05,1.58E-05,5.32E-06,3.11E-05,71.553,7.16E-05,13.44981204,0.074350481,0.015772785,1.58E-08,0.337289834,337.2898344,4536.484822,664.4355581,171.8045154,34,237,2022
7,PSEMEN,New,9/1/2022,mature,20,2,10990,9/1/2022,0.0156,-0.00087,0.016580001,0.00625,5,0,NA,NA,149.5999895,565.3652473,90.51306,7,0,25.5,0.996940017,31.26,2.3,1.56E-05,1.66E-05,6.25E-06,3.13E-05,71.898,7.19E-05,11.50367983,0.086928706,0.016537981,1.65E-08,0.377917957,377.917957,4347.447358,624.6228415,149.5999895,35,244,2022
7,PSEMEN,New,9/20/2022,mature,20,2,11014,9/20/2022,0.01057,-0.00136,0.01371,0.00398,5,0,NA,NA,165.5778851,550.3282079,67.72867595,7,0,24,0.997319996,24.36,2.3,1.06E-05,1.37E-05,3.98E-06,2.44E-05,56.028,5.60E-05,14.0773868,0.071035911,0.011974672,1.20E-08,0.332368177,332.3681774,4678.875472,812.5483042,165.5778851,38,263,2022
7,PSEMEN,New,10/31/2022,mature,20,2,11062,10/31/2022,0.0153,-0.00138,0.01623,0.00657,5,0,NA,NA,132.8767065,521.7009718,90.37266979,7,0,21.79999924,0.997839987,28.64,2.3,1.53E-05,1.62E-05,6.57E-06,2.86E-05,65.872,6.59E-05,10.0261793,0.099738891,0.016733724,1.67E-08,0.392620327,392.6203268,3936.481886,577.2773705,132.8767065,44,304,2022
7,PSEMEN,New,11/28/2022,mature,20,2,11086,11/28/2022,0.00952,-0.00099,0.01028,0.00398,5,0,NA,NA,139.1959738,525.7673877,87.93650479,7,0,18.70000076,0.998489976,19.27,2.3,9.52E-06,1.03E-05,3.98E-06,1.93E-05,44.321,4.43E-05,11.13592954,0.089799419,0.010536979,1.05E-08,0.377717372,377.7173716,4206.23415,597.8943431,139.1959738,48,332,2022
7,PSEMEN,Old,4/1/2021,mature,20,2,10268,1/4/2021,0.01764,-0.0007,0.02083,0.00825,5,0,NA,NA,113.8181855,510.3314074,74.64229217,7,0,22,0.997799993,22.233,2.3,1.76E-05,2.08E-05,8.25E-06,2.22E-05,51.1359,5.11E-05,6.198290943,0.161334795,0.018399808,1.84E-08,0.448374232,448.3742323,2779.153899,683.7027542,113.8181855,13,91,2021
7,PSEMEN,Old,4/6/2021,mature,20,2,10280,6/4/2021,0.00645,-0.00051,0.00777,0.00289,5,0,NA,NA,123.1834073,509.5861239,72.9508244,7,0,24,0.997319996,13.838,2.3,6.45E-06,7.77E-06,2.89E-06,1.38E-05,31.8274,3.18E-05,11.01294161,0.090802261,0.006986062,6.99E-09,0.413680844,413.6808436,4555.842665,698.5337425,123.1834073,14,96,2021
7,PSEMEN,Old,4/13/2021,mature,20,2,10291,4/13/2021,0.021919999,-0.00163,0.02706,0.01068,5,0,NA,NA,105.2434332,475.6163963,68.62026266,7,0,23,0.997560024,31.04,2.3,2.19E-05,2.71E-05,1.07E-05,3.10E-05,71.392,7.14E-05,6.684644008,0.149596598,0.023632488,2.36E-08,0.451920251,451.9202512,3020.926056,693.1136342,105.2434332,15,103,2021
7,PSEMEN,Old,4/21/2021,mature,20,2,10327,4/21/2021,0.01213,-0.00058,0.01272,0.00651,5,0,NA,NA,86.32871437,440.8801649,90.49918967,7,0,20.5,0.998130023,24.93,2.3,1.21E-05,1.27E-05,6.51E-06,2.49E-05,57.339,5.73E-05,8.807833817,0.113535294,0.012747227,1.27E-08,0.5106993,510.6992996,4498.154819,487.1647652,86.32871437,16,111,2021
7,PSEMEN,Old,4/27/2021,mature,20,2,10315,4/27/2021,0.01316,-0.00083,0.01352,0.00639,5,0,NA,NA,105.9467786,482.5038159,94.95091192,7,0,20.5,0.998130023,19.819,2.3,1.32E-05,1.35E-05,6.39E-06,1.98E-05,45.5837,4.56E-05,7.13359912,0.140181693,0.014030976,1.40E-08,0.455420911,455.4209112,3248.790422,508.161329,105.9467786,17,117,2021
7,PSEMEN,Old,4/30/2021,mature,20,2,10364,4/30/2021,0.01178,-0.00113,0.01452,0.00545,5,0,NA,NA,116.1467922,488.3658412,69.79052326,7,0,25,0.997070014,21.97,2.3,1.18E-05,1.45E-05,5.45E-06,2.20E-05,50.531,5.05E-05,9.271743025,0.107854585,0.012961595,1.30E-08,0.420472953,420.4729529,3898.517125,699.7595352,116.1467922,18,120,2021
7,PSEMEN,Old,5/5/2021,mature,20,2,10388,5/5/2021,0.01311,-0.00033,0.01356,0.00735,5,0,NA,NA,78.36734086,427.0754811,92.75362025,7,0,23,0.997560024,27.512,2.3,1.31E-05,1.36E-05,7.35E-06,2.75E-05,63.2776,6.33E-05,8.609197177,0.116154849,0.013487077,1.35E-08,0.544966133,544.966133,4691.721049,460.4407677,78.36734086,18,125,2021
7,PSEMEN,Old,5/10/2021,mature,20,2,10400,10/5/2021,0.01442,-0.00124,0.017659999,0.00764,5,0,NA,NA,88.74345507,431.6381511,67.66467366,7,0,21,0.998019993,31.582,2.3,1.44E-05,1.77E-05,7.64E-06,3.16E-05,72.6386,7.26E-05,9.507670198,0.105178238,0.015707601,1.57E-08,0.486388715,486.3887148,4624.423494,637.9076817,88.74345507,19,130,2021
7,PSEMEN,Old,5/14/2021,mature,20,2,10412,5/14/2021,0.01385,-0.00115,0.01473,0.00777,5,0,NA,NA,78.24967452,403.8698405,87.35631907,7,0,23.5,0.997439981,31.808,2.3,1.38E-05,1.47E-05,7.77E-06,3.18E-05,73.1584,7.32E-05,9.415495464,0.1062079,0.015054355,1.51E-08,0.51612973,516.1297296,4859.617213,462.3247005,78.24967452,20,134,2021
7,PSEMEN,Old,5/19/2021,mature,20,2,10521,5/19/2021,0.01507,-0.00114,0.01544,0.00796,5,0,NA,NA,89.32160288,437.0871282,95.05346949,7,0,23,0.997560024,28.524,2.3,1.51E-05,1.54E-05,7.96E-06,2.85E-05,65.6052,6.56E-05,8.241859218,0.121331847,0.016266779,1.63E-08,0.489340877,489.3408774,4033.07874,459.832903,89.32160288,20,139,2021
7,PSEMEN,Old,5/24/2021,mature,20,2,10533,5/24/2021,0.0185,-0.00133,0.018990001,0.01022,5,0,NA,NA,81.01762214,415.991502,94.41276615,7,0,24,0.997319996,35.338,2.3,1.85E-05,1.90E-05,1.02E-05,3.53E-05,81.2774,8.13E-05,7.952779185,0.125742206,0.019904254,1.99E-08,0.513458076,513.4580757,4083.418485,440.6093783,81.01762214,21,144,2021
7,PSEMEN,Old,5/27/2021,mature,20,2,10376,5/27/2021,0.01491,-0.00087,0.01588,0.00747,5,0,NA,NA,99.59839675,469.6061216,88.46611777,7,0,25,0.997070014,30.318,2.3,1.49E-05,1.59E-05,7.47E-06,3.03E-05,69.7314,6.97E-05,9.334859351,0.107125342,0.015843065,1.58E-08,0.471499686,471.499686,4401.383194,530.8316149,99.59839675,21,147,2021
7,PSEMEN,Old,6/1/2021,mature,20,2,10509,1/6/2021,0.019950001,-0.00139,0.02062,0.01074,5,0,NA,NA,85.7541983,429.7537216,93.21863297,7,0,26,0.996810019,39.606,2.3,2.00E-05,2.06E-05,1.07E-05,3.96E-05,91.0938,9.11E-05,8.481731983,0.117900448,0.021430881,2.14E-08,0.501145983,501.1459827,4250.585928,461.0169747,85.7541983,22,152,2021
7,PSEMEN,Old,6/4/2021,mature,20,2,10473,4/6/2021,0.0138,-0.00094,0.017000001,0.00647,5,0,NA,NA,113.2921181,495.3714635,69.61062893,7,0,24.5,0.997200012,27.391,2.3,1.38E-05,1.70E-05,6.47E-06,2.74E-05,62.9993,6.30E-05,9.737140791,0.102699552,0.014796977,1.48E-08,0.437251482,437.2514817,4257.579224,711.6319319,113.2921181,23,155,2021
7,PSEMEN,Old,6/9/2021,mature,20,2,10485,9/6/2021,0.01186,-0.00133,0.01441,0.00619,5,0,NA,NA,91.59935015,428.2674441,68.97809896,7,0,24,0.997319996,27.832,2.3,1.19E-05,1.44E-05,6.19E-06,2.78E-05,64.0136,6.40E-05,10.34145379,0.096698203,0.01323939,1.32E-08,0.467544186,467.5441859,4835.086685,620.8745248,91.59935015,23,160,2021
7,PSEMEN,Old,6/16/2021,mature,20,2,10437,6/16/2021,0.01409,-0.00075,0.01712,0.00716,5,0,NA,NA,96.78770456,465.0008312,69.57831051,7,0,26,0.996810019,33.738,2.3,1.41E-05,1.71E-05,7.16E-06,3.37E-05,77.5974,7.76E-05,10.83762564,0.092271133,0.014903199,1.49E-08,0.480433772,480.4337723,5206.761493,668.3129093,96.78770456,24,167,2021
7,PSEMEN,Old,6/22/2021,mature,20,2,10449,6/22/2021,0.01265,-0.00169,0.01355,0.00644,5,0,NA,NA,96.42856601,431.2179645,87.34176768,7,0,26,0.996810019,30.15,2.3,1.26E-05,1.36E-05,6.44E-06,3.02E-05,69.345,6.93E-05,10.7678569,0.09286899,0.014401069,1.44E-08,0.447189012,447.1890116,4815.267434,493.7133469,96.42856601,25,173,2021
7,PSEMEN,Old,10/13/2021,mature,20,2,10565,10/13/2021,0.01126,-0.00106,0.01358,0.00484,5,0,NA,NA,132.6446261,519.4100456,73.45537779,7,0,22,0.997799993,22.863,2.3,1.13E-05,1.36E-05,4.84E-06,2.29E-05,52.5849,5.26E-05,10.86464861,0.092041633,0.012360177,1.24E-08,0.391580163,391.5801628,4254.380896,707.1096239,132.6446261,41,286,2021
7,PSEMEN,Old,3/16/2022,mature,20,2,10585,3/16/2022,0.00922,-0.00054,0.01086,0.00412,5,0,NA,NA,123.7864071,520.9574443,75.66766263,7,0,21,0.998019993,21.74,2.3,9.22E-06,1.09E-05,4.12E-06,2.17E-05,50.002,5.00E-05,12.13640726,0.082396708,0.009789667,9.79E-09,0.420851895,420.8518953,5107.630037,688.4809523,123.7864071,11,75,2022
7,PSEMEN,Old,3/30/2022,mature,20,2,10597,3/30/2022,0.00879,-0.00048,0.00911,0.00444,5,0,NA,NA,97.97298892,467.6177669,93.14775951,7,0,23,0.997560024,23.61,2.3,8.79E-06,9.11E-06,4.44E-06,2.36E-05,54.303,5.43E-05,12.23040591,0.081763435,0.00930247,9.30E-09,0.477292576,477.2925763,5837.481499,502.0171922,97.97298892,13,89,2022
7,PSEMEN,Old,4/13/2022,mature,20,2,10609,4/13/2022,0.01402,-0.00078,0.017340001,0.00701,5,0,NA,NA,100,472.1090554,67.86059265,7,0,22,0.997799993,28.307,2.3,1.40E-05,1.73E-05,7.01E-06,2.83E-05,65.1061,6.51E-05,9.287603653,0.1076704,0.014848264,1.48E-08,0.472109056,472.1090563,4384.761788,695.7042916,100,15,103,2022
7,PSEMEN,Old,4/20/2022,mature,20,2,10620,4/20/2022,0.01285,-0.00037,0.01285,0.00608,5,0,NA,NA,111.3486707,510.1309593,100,7,0,24.5,0.997200012,33.459,2.3,1.28E-05,1.28E-05,6.08E-06,3.35E-05,76.9557,7.70E-05,12.65718709,0.079006496,0.013271101,1.33E-08,0.458138318,458.1383178,5798.742772,510.1309593,111.3486707,16,110,2022
7,PSEMEN,Old,4/27/2022,mature,20,2,10632,4/27/2022,0.01061,-0.00105,0.01088,0.00505,5,0,NA,NA,110.0990226,475.1795161,95.36878696,7,0,23,0.997560024,29.94,2.3,1.06E-05,1.09E-05,5.05E-06,2.99E-05,68.862,6.89E-05,13.63604014,0.073335073,0.011700842,1.17E-08,0.43159288,431.5928797,5885.217504,498.2547553,110.0990226,17,117,2022
7,PSEMEN,Old,5/4/2022,mature,20,2,10644,4/5/2022,0.00906,-0.00032,0.00966,0.00499,5,0,NA,NA,81.56313448,432.283245,87.15203661,7,0,24,0.997319996,20.129,2.3,9.06E-06,9.66E-06,4.99E-06,2.01E-05,46.2967,4.63E-05,9.277896141,0.107783056,0.009415124,9.42E-09,0.529998346,529.9983462,4917.269396,496.0104913,81.56313448,18,124,2022
7,PSEMEN,Old,5/11/2022,mature,20,2,10657,11/5/2022,0.01162,-0.00033,0.0121,0.00619,5,0,NA,NA,87.72212946,452.6981538,91.87817355,7,0,24,0.997319996,21.273,2.3,1.16E-05,1.21E-05,6.19E-06,2.13E-05,48.9279,4.89E-05,7.904345589,0.126512687,0.011994747,1.20E-08,0.516059231,516.0592311,4079.11057,492.715665,87.72212946,19,131,2022
7,PSEMEN,Old,5/18/2022,mature,20,2,10669,5/18/2022,0.00867,0,0.01019,0.00467,5,0,NA,NA,85.65310589,459.6398813,72.46377606,7,0,24,0.997319996,18.434,2.3,8.67E-06,1.02E-05,4.67E-06,1.84E-05,42.3982,4.24E-05,9.078843354,0.110146189,0.008702465,8.70E-09,0.536629558,536.629558,4871.975673,634.3029667,85.65310589,20,138,2022
7,PSEMEN,Old,5/26/2022,mature,20,2,10681,5/26/2022,0.01117,-0.00028,0.01273,0.00473,5,0,NA,NA,136.1522084,560.3471561,80.50000151,7,0,24,0.997319996,23.818,2.3,1.12E-05,1.27E-05,4.73E-06,2.38E-05,54.7814,5.48E-05,11.58169094,0.086343178,0.011492875,1.15E-08,0.411559339,411.5593392,4766.553298,696.0834107,136.1522084,21,146,2022
7,PSEMEN,Old,6/1/2022,mature,20,2,10693,1/6/2022,0.01256,-0.00026,0.01491,0.00669,5,0,NA,NA,87.74289038,456.1701447,71.4111848,7,0,24,0.997319996,27.091,2.3,1.26E-05,1.49E-05,6.69E-06,2.71E-05,62.3093,6.23E-05,9.313796456,0.107367603,0.012868005,1.29E-08,0.519894113,519.8941131,4842.188191,638.7936931,87.74289038,22,152,2022
7,PSEMEN,Old,6/8/2022,mature,20,2,10705,8/6/2022,0.01232,-0.00021,0.01275,0.00673,5,0,NA,NA,83.06091687,444.4649633,92.8571423,7,0,24,0.997319996,19.47,2.3,1.23E-05,1.27E-05,6.73E-06,1.95E-05,44.781,4.48E-05,6.65393757,0.150286953,0.012576919,1.26E-08,0.535107207,535.1072073,3560.570036,478.6545787,83.06091687,23,159,2022
7,PSEMEN,Old,6/16/2022,mature,20,2,10717,6/16/2022,0.01088,-0.00059,0.01309,0.00604,5,0,NA,NA,80.13245288,420.3961774,68.65248648,7,0,24,0.997319996,24.41,2.3,1.09E-05,1.31E-05,6.04E-06,2.44E-05,56.143,5.61E-05,9.295198843,0.107582422,0.01151295,1.15E-08,0.524626626,524.6266256,4876.508731,612.3538985,80.13245288,24,167,2022
7,PSEMEN,Old,6/23/2022,mature,20,2,10749,6/23/2022,0.01196,-4.00E-05,0.01415,0.00625,5,0,NA,NA,91.35999394,474.0581906,72.27847653,7,0,24,0.997319996,27.54,2.3,1.20E-05,1.42E-05,6.25E-06,2.75E-05,63.342,6.33E-05,10.13471985,0.09867071,0.012044934,1.20E-08,0.518890331,518.8903315,5258.80831,655.8773972,91.35999394,25,174,2022
7,PSEMEN,Old,6/30/2022,mature,20,2,10761,6/30/2022,0.01189,-0.00025,0.01422,0.00601,5,0,NA,1.25999999,97.83692976,482.4842178,71.6199698,7,0,24.5,0.997200012,23.29,2.3,1.19E-05,1.42E-05,6.01E-06,2.33E-05,53.567,5.36E-05,8.912978179,0.112195944,0.012186927,1.22E-08,0.493151409,493.1514086,4395.447932,673.6727468,97.83692976,26,181,2022
7,PSEMEN,Old,7/6/2022,mature,20,2,10797,6/7/2022,0.00806,-0.00076,0.00855,0.00356,5,0,NA,NA,126.4044854,508.1068189,90.18035182,7,0,25.5,0.996940017,22.22,2.3,8.06E-06,8.55E-06,3.56E-06,2.22E-05,51.106,5.11E-05,14.35561758,0.069659142,0.008856405,8.86E-09,0.401968964,401.9689643,5770.512935,563.4340615,126.4044854,27,187,2022
7,PSEMEN,Old,7/14/2022,mature,20,2,10844,7/14/2022,0.00763,-0.00059,0.00804,0.0034,5,0,NA,NA,124.4117585,512.4163123,91.16379552,7,0,26,0.996810019,18.81,2.3,7.63E-06,8.04E-06,3.40E-06,1.88E-05,43.263,4.33E-05,12.7244116,0.078589096,0.008255006,8.26E-09,0.411871278,411.8712776,5240.819793,562.0831267,124.4117585,28,195,2022
7,PSEMEN,Old,7/20/2022,mature,20,2,10856,7/20/2022,0.01283,-0.00094,0.0134,0.00549,5,0,NA,NA,133.6976433,530.7824365,92.79394134,7,0,26,0.996810019,NA,2.3,1.28E-05,1.34E-05,5.49E-06,NA,NA,NA,NA,NA,0.013828642,1.38E-08,0.397002107,397.0021069,NA,572.0011768,NA,29,201,2022
7,PSEMEN,Old,7/27/2022,mature,20,2,10809,7/27/2022,0.01372,-0.00077,0.016559999,0.00576,5,0,NA,NA,138.1944437,546.8664658,73.70370885,7,0,27,0.99654001,22.97,2.3,1.37E-05,1.66E-05,5.76E-06,2.30E-05,52.831,5.28E-05,9.172048472,0.109026899,0.014555656,1.46E-08,0.395722468,395.7224679,3629.585676,741.9795751,138.1944437,30,208,2022
7,PSEMEN,Old,8/3/2022,mature,20,2,10882,3/8/2022,0.01165,-0.00083,0.01225,0.00484,5,0,NA,NA,140.7024712,543.3590737,91.90283477,7,0,26,0.996810019,27.55,2.3,1.16E-05,1.22E-05,4.84E-06,2.76E-05,63.365,6.34E-05,13.09194197,0.076382862,0.012533148,1.25E-08,0.386175915,386.1759145,5055.792836,591.2321149,140.7024712,31,215,2022
7,PSEMEN,Old,8/10/2022,mature,20,2,10906,10/8/2022,0.01259,-0.00093,0.01541,0.00558,5,0,NA,NA,125.6272428,516.2249959,71.31230973,7,0,26.5,0.996680021,27.36,2.3,1.26E-05,1.54E-05,5.58E-06,2.74E-05,62.928,6.29E-05,11.27741913,0.088672771,0.01357935,1.36E-08,0.410918037,410.9180369,4634.094892,723.8932491,125.6272428,32,222,2022
7,PSEMEN,Old,8/18/2022,mature,20,2,10930,8/18/2022,0.00809,-0.00103,0.00866,0.00378,5,0,NA,NA,114.0211602,470.5836441,88.31966885,7,0,26,0.996810019,17.31,2.3,8.09E-06,8.66E-06,3.78E-06,1.73E-05,39.813,3.98E-05,10.53253993,0.09494386,0.009158839,9.16E-09,0.41271606,412.71606,4346.948417,532.8186238,114.0211602,33,230,2022
7,PSEMEN,Old,8/25/2022,mature,20,2,10954,8/25/2022,0.01134,-0.0009,0.0121,0.00478,5,0,NA,NA,137.2384844,533.8143128,89.61748342,7,0,25,0.997070014,26.07,2.3,1.13E-05,1.21E-05,4.78E-06,2.61E-05,59.961,6.00E-05,12.54414206,0.079718485,0.012288917,1.23E-08,0.388968367,388.9683671,4879.274645,595.6586733,137.2384844,34,237,2022
7,PSEMEN,Old,9/1/2022,mature,20,2,10978,9/1/2022,0.008,-0.00094,0.00966,0.00359,5,0,NA,NA,122.8412303,491.2608896,72.65239485,7,0,25.5,0.996940017,17.67,2.3,8.00E-06,9.66E-06,3.59E-06,1.77E-05,40.641,4.06E-05,11.32061251,0.088334443,0.0089769,8.98E-09,0.399915319,399.9153185,4527.286286,676.1798983,122.8412303,35,244,2022
7,PSEMEN,Old,9/20/2022,mature,20,2,11002,9/20/2022,0.01249,-0.00179,0.016519999,0.00545,5,0,NA,NA,129.1743031,491.158025,63.59530422,7,0,24,0.997319996,26.4,2.3,1.25E-05,1.65E-05,5.45E-06,2.64E-05,60.72,6.07E-05,11.14128429,0.089756259,0.014333472,1.43E-08,0.380228882,380.2288815,4236.238212,772.3180681,129.1743031,38,263,2022
7,PSEMEN,Old,10/12/2022,mature,20,2,11038,10/12/2022,0.0104,-0.0008,0.01087,0.0046,5,0,NA,NA,126.0869521,516.5001537,92.50398244,7,0,19,0.998430014,15.44,2.3,1.04E-05,1.09E-05,4.60E-06,1.54E-05,35.512,3.55E-05,7.719999829,0.129533682,0.011229425,1.12E-08,0.409638059,409.6380586,3162.405809,558.3545055,126.0869521,41,285,2022
7,PSEMEN,Old,10/31/2022,mature,20,2,11050,10/31/2022,0.00782,-0.00029,0.00873,0.00353,5,0,NA,NA,121.5297369,527.27828,82.50000034,7,0,21.79999924,0.997839987,18.68,2.3,7.82E-06,8.73E-06,3.53E-06,1.87E-05,42.964,4.30E-05,12.17110446,0.082161812,0.008136121,8.14E-09,0.433867689,433.8676886,5280.649156,639.1251852,121.5297369,44,304,2022
7,PSEMEN,Old,11/28/2022,mature,20,2,11074,11/28/2022,0.01386,-0.00034,0.016179999,0.00575,5,0,NA,NA,141.043483,569.6644512,77.75647949,7,0,18.70000076,0.998489976,21.6,2.3,1.39E-05,1.62E-05,5.75E-06,2.16E-05,49.68,4.97E-05,8.639999983,0.115740741,0.014236451,1.42E-08,0.403892793,403.8927925,3489.633654,732.6263418,141.043483,48,332,2022
8,PSEMEN,New,6/16/2021,mature,20,2,10426,6/16/2021,0.00714,-0.0011,0.00931,0.00176,5,0,NA,NA,305.6818085,650.1438629,71.25827992,8,0,26,0.996810019,18.78,2.3,7.14E-06,9.31E-06,1.76E-06,1.88E-05,43.194,4.32E-05,24.54204526,0.0407464,0.008275091,8.28E-09,0.21268647,212.6864701,5219.761094,912.3765879,305.6818085,24,167,2021
8,PSEMEN,New,6/22/2021,mature,20,2,10462,6/22/2021,0.01192,-0.00157,0.01366,0.00349,5,0,NA,NA,241.547287,622.2573571,82.89086199,8,0,26,0.996810019,26.218,2.3,1.19E-05,1.37E-05,3.49E-06,2.62E-05,60.3014,6.03E-05,17.27833795,0.057875937,0.01354745,1.35E-08,0.257613065,257.613065,4451.125509,750.6947596,241.547287,25,173,2021
8,PSEMEN,New,10/13/2021,mature,20,2,10546,10/13/2021,0.00974,-0.00103,0.0105,0.00397,5,0,NA,NA,145.3400442,534.005989,88.36140565,8,0,22,0.997799993,21.259,2.3,9.74E-06,1.05E-05,3.97E-06,2.13E-05,48.8957,4.89E-05,12.31629735,0.081193233,0.010805122,1.08E-08,0.367418341,367.4183414,4525.233623,604.3430218,145.3400442,41,286,2021
8,PSEMEN,New,6/23/2022,mature,20,2,10738,6/23/2022,0.00417,-0.00017,0.00551,0.00082,5,0,NA,NA,408.5365863,769.00982,71.42857249,8,0,24,0.997319996,13.7,2.3,4.17E-06,5.51E-06,8.20E-07,1.37E-05,31.51,3.15E-05,38.42682853,0.026023485,0.004356251,4.36E-09,0.188235239,188.2352391,7233.283255,1076.613732,408.5365863,25,174,2022
8,PSEMEN,New,6/30/2022,mature,20,2,10774,6/30/2022,0.0082,-0.00085,0.01131,0.00212,5,0,NA,1.149999976,286.7924406,669.2362975,66.15886869,8,0,24.5,0.997200012,28.26,2.3,8.20E-06,1.13E-05,2.12E-06,2.83E-05,64.998,6.50E-05,30.65943284,0.032616389,0.009084982,9.08E-09,0.233352133,233.3521327,7154.444263,1011.559464,286.7924406,26,181,2022
8,PSEMEN,New,7/6/2022,mature,20,2,10786,6/7/2022,0.01103,-0.00106,0.012,0.00362,5,0,NA,NA,204.6961168,610.304119,88.42481623,8,0,26,0.996810019,21.67,2.3,1.10E-05,1.20E-05,3.62E-06,2.17E-05,49.841,4.98E-05,13.7682317,0.072630968,0.012141487,1.21E-08,0.298151279,298.1512792,4105.016085,690.1955187,204.6961168,27,187,2022
8,PSEMEN,New,7/14/2022,mature,20,2,10834,7/14/2022,0.01575,-0.00094,0.017000001,0.0063,5,0,NA,NA,150.0000037,563.8062475,88.31775174,8,0,26,0.996810019,30.03,2.3,1.58E-05,1.70E-05,6.30E-06,3.00E-05,69.069,6.91E-05,10.96333332,0.091213135,0.016761077,1.68E-08,0.375870828,375.8708276,4120.797111,638.3838316,150.0000037,28,195,2022
8,PSEMEN,New,7/20/2022,mature,20,2,10869,7/20/2022,0.01344,-0.00122,0.01671,0.00467,5,0,NA,NA,187.7944198,595.6896037,72.84052961,8,0,26,0.996810019,29.53,2.3,1.34E-05,1.67E-05,4.67E-06,2.95E-05,67.919,6.79E-05,14.54368256,0.068758376,0.014722432,1.47E-08,0.317203023,317.2030231,4613.300282,817.7996603,187.7944198,29,201,2022
8,PSEMEN,New,7/27/2022,mature,20,2,10822,7/27/2022,0.018139999,-0.00171,0.018920001,0.00568,5,0,NA,NA,219.3661891,624.8764193,94.10875195,8,0,27,0.99654001,36.8,2.3,1.81E-05,1.89E-05,5.68E-06,3.68E-05,84.64,8.46E-05,14.9014086,0.06710775,0.019939941,1.99E-08,0.2848554,284.8554004,4244.746598,663.9939499,219.3661891,30,208,2022
8,PSEMEN,New,8/3/2022,mature,20,2,10895,3/8/2022,0.01732,-0.00135,0.018069999,0.00647,5,0,NA,NA,167.6970616,578.6818011,93.53448537,8,0,26,0.996810019,46.83,2.3,1.73E-05,1.81E-05,6.47E-06,4.68E-05,107.709,0.000107709,16.64745001,0.06006926,0.018749509,1.87E-08,0.345075694,345.075694,5744.630384,618.68283,167.6970616,31,215,2022
8,PSEMEN,New,8/10/2022,mature,20,2,10919,10/8/2022,0.00785,-0.00099,0.00832,0.00288,5,0,NA,NA,172.56943,559.7599311,91.36028822,8,0,26.5,0.996680021,18.54,2.3,7.85E-06,8.32E-06,2.88E-06,1.85E-05,42.642,4.26E-05,14.80624978,0.067539047,0.008878806,8.88E-09,0.324367938,324.3679381,4802.672961,612.6950144,172.56943,32,222,2022
8,PSEMEN,New,8/18/2022,mature,20,2,10943,8/18/2022,0.0111,-0.00137,0.01204,0.00422,5,0,NA,NA,163.0331698,549.3844807,87.9795321,8,0,26,0.996810019,25.22,2.3,1.11E-05,1.20E-05,4.22E-06,2.52E-05,58.006,5.80E-05,13.74549762,0.072751095,0.012523106,1.25E-08,0.336977113,336.9771127,4631.918207,624.445786,163.0331698,33,230,2022
8,PSEMEN,New,8/25/2022,mature,20,2,10967,8/25/2022,0.015699999,-0.00168,0.017170001,0.00577,5,0,NA,NA,172.0970357,569.0720602,87.10525149,8,0,25,0.997070014,35.53,2.3,1.57E-05,1.72E-05,5.77E-06,3.55E-05,81.719,8.17E-05,14.1627379,0.070607817,0.017449458,1.74E-08,0.330669296,330.6692961,4683.182601,653.3154436,172.0970357,34,237,2022
8,PSEMEN,New,9/1/2022,mature,20,2,10991,9/1/2022,0.01001,-0.00049,0.01086,0.00392,5,0,NA,NA,155.3571479,577.61586,87.75216834,8,0,25.5,0.996940017,23.52,2.3,1.00E-05,1.09E-05,3.92E-06,2.35E-05,54.096,5.41E-05,13.79999984,0.072463769,0.010543339,1.05E-08,0.371798709,371.7987095,5130.822031,658.235427,155.3571479,35,244,2022
8,PSEMEN,New,9/20/2022,mature,20,2,11015,9/20/2022,0.01497,-0.0017,0.01754,0.00569,5,0,NA,NA,163.0931432,554.6118955,78.31223292,8,0,24,0.997319996,29.82,2.3,1.50E-05,1.75E-05,5.69E-06,2.98E-05,68.586,6.86E-05,12.05377852,0.082961538,0.016732421,1.67E-08,0.340058374,340.0583739,4098.988356,708.205953,163.0931432,38,263,2022
8,PSEMEN,New,10/31/2022,mature,20,2,11063,10/31/2022,0.01199,-0.00137,0.01288,0.00502,5,0,NA,NA,138.8446109,520.0316339,88.67683593,8,0,21.79999924,0.997839987,28.93,2.3,1.20E-05,1.29E-05,5.02E-06,2.89E-05,66.539,6.65E-05,13.25478077,0.075444477,0.01340303,1.34E-08,0.374542164,374.5421645,4964.4745,586.434584,138.8446109,44,304,2022
8,PSEMEN,New,11/28/2022,mature,20,2,11087,11/28/2022,0.016650001,-0.00121,0.020190001,0.00659,5,0,NA,NA,152.6555519,561.8276961,73.97058986,8,0,18.70000076,0.998489976,37.04,2.3,1.67E-05,2.02E-05,6.59E-06,3.70E-05,85.192,8.52E-05,12.92746608,0.07735468,0.017905847,1.79E-08,0.368036201,368.0362006,4757.775523,759.528479,152.6555519,48,332,2022
8,PSEMEN,Old,4/1/2021,mature,20,2,10269,1/4/2021,0.01292,-0.00073,0.01327,0.00592,5,0,NA,NA,118.2432409,511.1535858,95.23809071,8,0,22,0.997799993,20.98,2.3,1.29E-05,1.33E-05,5.92E-06,2.10E-05,48.254,4.83E-05,8.151013639,0.122684128,0.013694514,1.37E-08,0.432289895,432.2898954,3523.600858,536.7112906,118.2432409,13,91,2021
8,PSEMEN,Old,4/6/2021,mature,20,2,10281,6/4/2021,0.01383,-0.00149,0.01412,0.0065,5,0,NA,NA,112.7692203,476.6745826,96.19421522,8,0,24,0.997319996,26.625,2.3,1.38E-05,1.41E-05,6.50E-06,2.66E-05,61.2375,6.12E-05,9.421153652,0.106144113,0.015377366,1.54E-08,0.422699173,422.6991734,3982.314034,495.533522,112.7692203,14,96,2021
8,PSEMEN,Old,4/13/2021,mature,20,2,10292,4/13/2021,0.00855,-0.00114,0.0089,0.00405,5,0,NA,NA,111.1111149,462.7753223,92.78351693,8,0,23,0.997560024,17.056,2.3,8.55E-06,8.90E-06,4.05E-06,1.71E-05,39.2288,3.92E-05,9.686123206,0.103240479,0.009723941,9.72E-09,0.416497779,416.4977788,4034.24877,498.7688952,111.1111149,15,103,2021
8,PSEMEN,Old,4/21/2021,mature,20,2,10328,4/21/2021,0.01482,-0.00069,0.015629999,0.00788,5,0,NA,NA,88.07105849,446.1464865,89.54839621,8,0,20.5,0.998130023,27.722,2.3,1.48E-05,1.56E-05,7.88E-06,2.77E-05,63.7606,6.38E-05,8.091446292,0.1235873,0.015555428,1.56E-08,0.506575572,506.5755725,4098.929201,498.218288,88.07105849,16,111,2021
8,PSEMEN,Old,4/27/2021,mature,20,2,10316,4/27/2021,0.01403,-0.00122,0.017130001,0.00639,5,0,NA,NA,119.5618106,499.520519,71.13593819,8,0,20.5,0.998130023,20.857,2.3,1.40E-05,1.71E-05,6.39E-06,2.09E-05,47.9711,4.80E-05,7.50721413,0.133205205,0.015294667,1.53E-08,0.417792692,417.7926917,3136.459276,702.2055682,119.5618106,17,117,2021
8,PSEMEN,Old,4/30/2021,mature,20,2,10365,4/30/2021,0.01149,-0.00202,0.01454,0.00518,5,0,NA,NA,121.8146857,465.2022853,67.41453561,8,0,25,0.997070014,23.337,2.3,1.15E-05,1.45E-05,5.18E-06,2.33E-05,53.6751,5.37E-05,10.36198869,0.096506571,0.013563993,1.36E-08,0.381893455,381.8934552,3957.175436,690.0622856,121.8146857,18,120,2021
8,PSEMEN,Old,5/5/2021,mature,20,2,10389,5/5/2021,0.01485,-0.00078,0.01562,0.00808,5,0,NA,NA,83.7871264,431.6295083,89.78780049,8,0,23,0.997560024,32.189,2.3,1.48E-05,1.56E-05,8.08E-06,3.22E-05,74.0347,7.40E-05,9.16271033,0.109138013,0.015684748,1.57E-08,0.515150145,515.1501448,4720.171612,480.7217751,83.7871264,18,125,2021
8,PSEMEN,Old,5/10/2021,mature,20,2,10401,10/5/2021,0.01322,-0.0032,0.01368,0.00655,5,0,NA,NA,101.8320608,404.980929,93.54839005,8,0,21,0.998019993,23.266,2.3,1.32E-05,1.37E-05,6.55E-06,2.33E-05,53.5118,5.35E-05,8.169740397,0.12240291,0.016469911,1.65E-08,0.397694913,397.6949133,3249.064224,432.9106346,101.8320608,19,130,2021
8,PSEMEN,Old,5/14/2021,mature,20,2,10413,5/14/2021,0.01781,-0.00116,0.021749999,0.0093,5,0,NA,NA,91.50537679,446.9833504,68.35341786,8,0,23.5,0.997439981,32.625,2.3,1.78E-05,2.17E-05,9.30E-06,3.26E-05,75.0375,7.50E-05,8.068548357,0.123938031,0.019038741,1.90E-08,0.48847769,488.4776904,3941.30586,653.9297732,91.50537679,20,134,2021
8,PSEMEN,Old,5/19/2021,mature,20,2,10522,5/19/2021,0.01021,-0.00133,0.01061,0.00514,5,0,NA,NA,98.63813099,437.8078972,92.68738141,8,0,23,0.997560024,24.241,2.3,1.02E-05,1.06E-05,5.14E-06,2.42E-05,55.7543,5.58E-05,10.84714003,0.092190199,0.011580421,1.16E-08,0.443852585,443.8525851,4814.531175,472.3489763,98.63813099,20,139,2021
8,PSEMEN,Old,5/24/2021,mature,20,2,10534,5/24/2021,0.01126,-0.00085,0.01148,0.00619,5,0,NA,NA,81.90629842,417.1004105,95.84121319,8,0,24,0.997319996,19.03,2.3,1.13E-05,1.15E-05,6.19E-06,1.90E-05,43.769,4.38E-05,7.070920724,0.141424298,0.012155346,1.22E-08,0.509240942,509.2409423,3600.802372,435.1994269,81.90629842,21,144,2021
8,PSEMEN,Old,5/27/2021,mature,20,2,10377,5/27/2021,0.016759999,-0.00185,0.01811,0.00828,5,0,NA,NA,102.4154549,453.8551559,86.26652577,8,0,25,0.997070014,29.858,2.3,1.68E-05,1.81E-05,8.28E-06,2.99E-05,68.6734,6.87E-05,8.293889171,0.120570697,0.018684374,1.87E-08,0.443151059,443.1510594,3675.44563,526.1080724,102.4154549,21,147,2021
8,PSEMEN,Old,6/1/2021,mature,20,2,10510,1/6/2021,0.023490001,-0.00172,0.025520001,0.01231,5,0,NA,NA,90.82047324,441.5942117,84.63285376,8,0,26,0.996810019,37.891,2.3,2.35E-05,2.55E-05,1.23E-05,3.79E-05,87.1493,8.71E-05,7.07955313,0.141251853,0.025317362,2.53E-08,0.486227589,486.2275889,3442.274162,521.7763458,90.82047324,22,152,2021
8,PSEMEN,Old,6/4/2021,mature,20,2,10474,4/6/2021,0.01408,-0.0013,0.01708,0.00661,5,0,NA,NA,113.0105904,483.8255066,71.34670806,8,0,24.5,0.997200012,24.95,2.3,1.41E-05,1.71E-05,6.61E-06,2.50E-05,57.385,5.74E-05,8.681543063,0.115186896,0.015439451,1.54E-08,0.428124042,428.1240417,3716.777301,678.1329086,113.0105904,23,155,2021
8,PSEMEN,Old,6/9/2021,mature,20,2,10486,9/6/2021,0.01487,-0.00121,0.018130001,0.00758,5,0,NA,NA,96.17414405,451.6669309,69.09952236,8,0,24,0.997319996,37.213,2.3,1.49E-05,1.81E-05,7.58E-06,3.72E-05,85.5899,8.56E-05,11.29154357,0.088561851,0.016140212,1.61E-08,0.469634473,469.6344731,5302.898072,653.6469653,96.17414405,23,160,2021
8,PSEMEN,Old,6/16/2021,mature,20,2,10438,6/16/2021,0.01312,-0.00058,0.01578,0.00686,5,0,NA,NA,91.2536457,454.9966273,70.17937461,8,0,26,0.996810019,24.669,2.3,1.31E-05,1.58E-05,6.86E-06,2.47E-05,56.7387,5.67E-05,8.270947424,0.120905133,0.013758344,1.38E-08,0.498606523,498.6065231,4123.948314,648.3338301,91.2536457,24,167,2021
8,PSEMEN,Old,6/22/2021,mature,20,2,10450,6/22/2021,0.01259,-0.00162,0.01328,0.00646,5,0,NA,NA,94.89165229,429.5570316,89.88270934,8,0,26,0.996810019,26.626,2.3,1.26E-05,1.33E-05,6.46E-06,2.66E-05,61.2398,6.12E-05,9.479845451,0.105486952,0.014270516,1.43E-08,0.452681605,452.6816055,4291.351424,477.908415,94.89165229,25,173,2021
8,PSEMEN,Old,10/13/2021,mature,20,2,10566,10/13/2021,0.01325,-0.00085,0.01596,0.00565,5,0,NA,NA,134.5132641,537.2550341,73.71483473,8,0,22,0.997799993,25.937,2.3,1.32E-05,1.60E-05,5.65E-06,2.59E-05,59.6551,5.97E-05,10.55842444,0.094711101,0.014145981,1.41E-08,0.399406717,399.4067167,4217.105816,728.8289203,134.5132641,41,286,2021
8,PSEMEN,Old,3/16/2022,mature,20,2,10586,3/16/2022,0.01296,-0.0014,0.01536,0.00552,5,0,NA,NA,134.7826028,516.535742,75.60975841,8,0,21,0.998019993,25.04,2.3,1.30E-05,1.54E-05,5.52E-06,2.50E-05,57.592,5.76E-05,10.4333331,0.095846647,0.01440365,1.44E-08,0.383236201,383.2362014,3998.43106,683.160154,134.7826028,11,75,2022
8,PSEMEN,Old,3/30/2022,mature,20,2,10598,3/30/2022,0.01049,-0.00058,0.0126,0.00459,5,0,NA,NA,128.5403091,531.1116664,73.65793045,8,0,23,0.997560024,23.67,2.3,1.05E-05,1.26E-05,4.59E-06,2.37E-05,54.441,5.44E-05,11.86078425,0.084311457,0.011108775,1.11E-08,0.413186866,413.186866,4900.720194,721.0515734,128.5403091,13,89,2022
8,PSEMEN,Old,4/13/2022,mature,20,2,10610,4/13/2022,0.01339,-0.00161,0.01685,0.00653,5,0,NA,NA,105.0536017,455.8467786,66.47286675,8,0,22,0.997799993,25.165,2.3,1.34E-05,1.69E-05,6.53E-06,2.52E-05,57.8795,5.79E-05,8.863629543,0.1128206,0.015048916,1.50E-08,0.433918285,433.9182847,3846.090861,685.7636821,105.0536017,15,103,2022
8,PSEMEN,Old,4/20/2022,mature,20,2,10621,4/20/2022,0.01319,-0.00039,0.01319,0.00602,5,0,NA,NA,119.1029879,525.9492925,100,8,0,24.5,0.997200012,28.467,2.3,1.32E-05,1.32E-05,6.02E-06,2.85E-05,65.4741,6.55E-05,10.87609598,0.091944757,0.013632493,1.36E-08,0.441592017,441.5920173,4802.797214,525.9492925,119.1029879,16,110,2022
8,PSEMEN,Old,4/27/2022,mature,20,2,10633,4/27/2022,0.01095,-0.00079,0.01144,0.0055,5,0,NA,NA,99.09091063,462.6044986,91.75084893,8,0,23,0.997560024,21.604,2.3,1.10E-05,1.14E-05,5.50E-06,2.16E-05,49.6892,4.97E-05,9.034400049,0.110688036,0.011781122,1.18E-08,0.466848573,466.8485735,4217.696737,504.1964232,99.09091063,17,117,2022
8,PSEMEN,Old,5/4/2022,mature,20,2,10645,4/5/2022,0.01062,-0.00022,0.01175,0.00502,5,0,NA,NA,111.55378,514.677927,83.20951217,8,0,24,0.997319996,23.96,2.3,1.06E-05,1.17E-05,5.02E-06,2.40E-05,55.108,5.51E-05,10.97768915,0.091093853,0.010880591,1.09E-08,0.461372008,461.3720084,5064.798609,618.5325614,111.55378,18,124,2022
8,PSEMEN,Old,5/11/2022,mature,20,2,10658,11/5/2022,0.01023,-0.0002,0.01222,0.00511,5,0,NA,NA,100.1957053,489.0603826,72.01125525,8,0,24,0.997319996,21.189,2.3,1.02E-05,1.22E-05,5.11E-06,2.12E-05,48.7347,4.87E-05,9.537123671,0.104853416,0.010469055,1.05E-08,0.48810516,488.1051601,4655.119035,679.1443655,100.1957053,19,131,2022
8,PSEMEN,Old,5/18/2022,mature,20,2,10670,5/18/2022,0.00805,1.00E-04,0.00952,0.00433,5,0,NA,NA,85.91225091,466.1789373,71.67630888,8,0,24,0.997319996,20.992,2.3,8.05E-06,9.52E-06,4.33E-06,2.10E-05,48.2816,4.83E-05,11.15048522,0.089682196,0.007979769,7.98E-09,0.542622221,542.6222213,6050.500709,650.3947323,85.91225091,20,138,2022
8,PSEMEN,Old,5/26/2022,mature,20,2,10682,5/26/2022,0.01225,-0.00021,0.01337,0.00477,5,0,NA,NA,156.8134105,598.0814816,86.97674222,8,0,24,0.997319996,21.337,2.3,1.22E-05,1.34E-05,4.77E-06,2.13E-05,49.0751,4.91E-05,10.28828092,0.097197968,0.012506657,1.25E-08,0.381396887,381.396887,3923.918419,687.6338046,156.8134105,21,146,2022
8,PSEMEN,Old,6/1/2022,mature,20,2,10694,1/6/2022,0.01149,-0.00069,0.01396,0.00573,5,0,NA,NA,100.5235723,471.1422254,69.98785377,8,0,24,0.997319996,27.08,2.3,1.15E-05,1.40E-05,5.73E-06,2.71E-05,62.284,6.23E-05,10.8698083,0.091997943,0.012225608,1.22E-08,0.468688331,468.6883309,5094.552005,673.1771301,100.5235723,22,152,2022
8,PSEMEN,Old,6/8/2022,mature,20,2,10706,8/6/2022,0.01175,-0.00079,0.01214,0.00605,5,0,NA,NA,94.21487044,452.8497284,93.59604887,8,0,24,0.997319996,16.97,2.3,1.17E-05,1.21E-05,6.05E-06,1.70E-05,39.031,3.90E-05,6.451404994,0.155004995,0.012586956,1.26E-08,0.480656307,480.656307,3100.908578,483.8342365,94.21487044,23,159,2022
8,PSEMEN,Old,6/16/2022,mature,20,2,10718,6/16/2022,0.01206,-0.00055,0.01483,0.00636,5,0,NA,NA,89.62263571,450.3358914,67.29633751,8,0,24,0.997319996,25.44,2.3,1.21E-05,1.48E-05,6.36E-06,2.54E-05,58.512,5.85E-05,9.200000001,0.108695652,0.012657219,1.27E-08,0.502480065,502.4800647,4622.816733,669.1833583,89.62263571,24,167,2022
8,PSEMEN,Old,6/23/2022,mature,20,2,10750,6/23/2022,0.01216,-0.00041,0.01272,0.00598,5,0,NA,NA,103.3444916,489.812682,91.6914006,8,0,24,0.997319996,29.23,2.3,1.22E-05,1.27E-05,5.98E-06,2.92E-05,67.229,6.72E-05,11.24230788,0.088949708,0.012617069,1.26E-08,0.473961116,473.9611161,5328.416534,534.1969681,103.3444916,25,174,2022
8,PSEMEN,Old,6/30/2022,mature,20,2,10762,6/30/2022,0.00953,-2.00E-05,0.01015,0.00462,5,0,NA,1.200000048,106.2770741,512.1564527,88.78842695,8,0,24.5,0.997200012,22.5,2.3,9.53E-06,1.02E-05,4.62E-06,2.25E-05,51.75,5.18E-05,11.20129921,0.089275358,0.009586915,9.59E-09,0.481906847,481.9068468,5397.982319,576.8279384,106.2770741,26,181,2022
8,PSEMEN,Old,7/6/2022,mature,20,2,10798,6/7/2022,0.00904,-0.00075,0.00947,0.00395,5,0,NA,NA,128.8607684,517.781123,92.21014484,8,0,25.5,0.996940017,18.76,2.3,9.04E-06,9.47E-06,3.95E-06,1.88E-05,43.148,4.31E-05,10.92354483,0.091545374,0.009830409,9.83E-09,0.401814416,401.8144159,4389.237607,561.5229473,128.8607684,27,187,2022
8,PSEMEN,Old,7/14/2022,mature,20,2,10845,7/14/2022,0.00765,-0.00018,0.00942,0.00367,5,0,NA,NA,108.4468673,506.1458951,69.21739183,8,0,26,0.996810019,17.43,2.3,7.65E-06,9.42E-06,3.67E-06,1.74E-05,40.089,4.01E-05,10.92343323,0.09154631,0.007863345,7.86E-09,0.466722469,466.7224694,5098.211707,731.2409233,108.4468673,28,195,2022
8,PSEMEN,Old,7/20/2022,mature,20,2,10857,7/20/2022,0.01413,-0.00071,0.01725,0.00657,5,0,NA,NA,115.0684869,507.2736354,70.7865194,8,0,26,0.996810019,NA,2.3,1.41E-05,1.72E-05,6.57E-06,NA,NA,NA,NA,NA,0.014903199,1.49E-08,0.440844956,440.8449559,NA,716.6246338,NA,29,201,2022
8,PSEMEN,Old,7/27/2022,mature,20,2,10810,7/27/2022,0.01091,-0.00078,0.01311,0.0046,5,0,NA,NA,137.1739017,537.3428112,74.14806005,8,0,27,0.99654001,19.19,2.3,1.09E-05,1.31E-05,4.60E-06,1.92E-05,44.137,4.41E-05,9.594999787,0.104220951,0.011742969,1.17E-08,0.391723775,391.7237753,3758.589713,724.688968,137.1739017,30,208,2022
8,PSEMEN,Old,8/3/2022,mature,20,2,10883,3/8/2022,0.0115,-0.00085,0.0141,0.00495,5,0,NA,NA,132.323234,528.1153028,71.58469773,8,0,26,0.996810019,24.05,2.3,1.15E-05,1.41E-05,4.95E-06,2.41E-05,55.315,5.53E-05,11.17474754,0.08948748,0.012402595,1.24E-08,0.399110036,399.1100361,4459.953856,737.7488759,132.323234,31,215,2022
8,PSEMEN,Old,8/10/2022,mature,20,2,10907,10/8/2022,0.01118,-0.00162,0.01168,0.00473,5,0,NA,NA,136.3636364,501.7038624,92.80575453,8,0,26.5,0.996680021,26.02,2.3,1.12E-05,1.17E-05,4.73E-06,2.60E-05,59.846,5.98E-05,12.65243086,0.079036196,0.01285619,1.29E-08,0.367916164,367.9161639,4655.033849,540.5956397,136.3636364,32,222,2022
8,PSEMEN,Old,8/18/2022,mature,20,2,10931,8/18/2022,0.01015,-0.00101,0.01097,0.00447,5,0,NA,NA,127.0693592,506.8022822,87.38461988,8,0,26,0.996810019,24,2.3,1.02E-05,1.10E-05,4.47E-06,2.40E-05,55.2,5.52E-05,12.34899317,0.080978262,0.011207527,1.12E-08,0.398839108,398.8391077,4925.261261,579.9673706,127.0693592,33,230,2022
8,PSEMEN,Old,8/25/2022,mature,20,2,10955,8/25/2022,0.00984,-0.00071,0.01167,0.00396,5,0,NA,NA,148.4848663,555.1274386,76.26459804,8,0,25,0.997070014,22.68,2.3,9.84E-06,1.17E-05,3.96E-06,2.27E-05,52.164,5.22E-05,13.17272765,0.075914422,0.010592163,1.06E-08,0.373861317,373.8613167,4924.772972,727.8966295,148.4848663,34,237,2022
8,PSEMEN,Old,9/1/2022,mature,20,2,10979,9/1/2022,0.00808,-0.00015,0.00982,0.00366,5,0,NA,NA,120.7650332,534.8519128,71.75324489,8,0,25.5,0.996940017,17.32,2.3,8.08E-06,9.82E-06,3.66E-06,1.73E-05,39.836,3.98E-05,10.88415322,0.091876693,0.00826397,8.26E-09,0.442886416,442.8864162,4820.443479,745.4044951,120.7650332,35,244,2022
8,PSEMEN,Old,9/20/2022,mature,20,2,11003,9/20/2022,0.00973,-0.00122,0.01248,0.00425,5,0,NA,NA,128.9411652,498.5896182,66.58566159,8,0,24,0.997319996,19.38,2.3,9.73E-06,1.25E-05,4.25E-06,1.94E-05,44.574,4.46E-05,10.48799943,0.095347068,0.010991003,1.10E-08,0.386679918,386.6799182,4055.498975,748.7942694,128.9411652,38,263,2022
8,PSEMEN,Old,10/12/2022,mature,20,2,11039,10/12/2022,0.00795,-0.00066,0.0085,0.00352,5,0,NA,NA,125.8522842,513.1697918,88.95582432,8,0,19,0.998430014,23.28,2.3,7.95E-06,8.50E-06,3.52E-06,2.33E-05,53.544,5.35E-05,15.21136352,0.065740326,0.008632621,8.63E-09,0.407755664,407.7556638,6202.519326,576.8816103,125.8522842,41,285,2022
8,PSEMEN,Old,10/31/2022,mature,20,2,11051,10/31/2022,0.01176,-0.0009,0.01264,0.00521,5,0,NA,NA,125.7197684,515.7165283,88.15612175,8,0,21.79999924,0.997839987,27.03,2.3,1.18E-05,1.26E-05,5.21E-06,2.70E-05,62.169,6.22E-05,11.93262935,0.083803827,0.012700776,1.27E-08,0.410211163,410.211163,4894.897802,585.0036481,125.7197684,44,304,2022
8,PSEMEN,Old,11/28/2022,mature,20,2,11075,11/28/2022,0.00801,-0.00084,0.00924,0.00345,5,0,NA,NA,132.1739154,513.9349805,78.75648241,8,0,18.70000076,0.998489976,15.9,2.3,8.01E-06,9.24E-06,3.45E-06,1.59E-05,36.57,3.66E-05,10.60000012,0.094339622,0.008872718,8.87E-09,0.388832383,388.8323833,4121.62327,652.5621317,132.1739154,48,332,2022
9,PSEMEN,New,6/16/2021,mature,20,2,10427,6/16/2021,0.00597,-0.0008,0.00701,0.00137,5,0,NA,NA,335.766425,676.5868781,81.56028322,9,0,26,0.996810019,20.79,2.3,5.97E-06,7.01E-06,1.37E-06,2.08E-05,47.817,4.78E-05,34.90292087,0.028650897,0.006798831,6.80E-09,0.201505222,201.5052222,7033.120797,829.5543509,335.766425,24,167,2021
9,PSEMEN,New,6/22/2021,mature,20,2,10463,6/22/2021,0.00737,-0.00077,0.00862,0.00208,5,0,NA,NA,254.3269112,647.1212606,80.88684118,9,0,26,0.996810019,21.845,2.3,7.37E-06,8.62E-06,2.08E-06,2.18E-05,50.2435,5.02E-05,24.15552878,0.04139839,0.008174666,8.17E-09,0.254444658,254.444658,6146.24546,800.0328003,254.3269112,25,173,2021
9,PSEMEN,New,10/13/2021,mature,20,2,10547,10/13/2021,0.00913,-0.00129,0.01069,0.00386,5,0,NA,NA,136.5284976,504.1141921,77.1595929,9,0,22,0.997799993,23.156,2.3,9.13E-06,1.07E-05,3.86E-06,2.32E-05,53.2588,5.33E-05,13.79761638,0.072476287,0.010453981,1.05E-08,0.369237341,369.2373408,5094.595165,653.3396214,136.5284976,41,286,2021
9,PSEMEN,New,6/23/2022,mature,20,2,10739,6/23/2022,0.00716,-0.00077,0.00921,0.00139,5,0,NA,NA,415.1079199,724.9022297,73.7851685,9,0,24,0.997319996,15.67,2.3,7.16E-06,9.21E-06,1.39E-06,1.57E-05,36.041,3.60E-05,25.92877716,0.038567187,0.007959694,7.96E-09,0.174629826,174.6298256,4527.93779,982.4497855,415.1079199,25,174,2022
9,PSEMEN,New,6/30/2022,mature,20,2,10775,6/30/2022,0.00861,-0.00116,0.01186,0.00231,5,0,NA,1.120000005,272.7272856,642.3481595,65.96858595,9,0,24.5,0.997200012,32.28,2.3,8.61E-06,1.19E-05,2.31E-06,3.23E-05,74.244,7.42E-05,32.14026121,0.031113624,0.009807765,9.81E-09,0.235527655,235.5276554,7569.92011,973.7182482,272.7272856,26,181,2022
9,PSEMEN,New,7/6/2022,mature,20,2,10787,6/7/2022,0.01439,-0.00169,0.015790001,0.00391,5,0,NA,NA,268.030697,648.9775154,88.2154853,9,0,26,0.996810019,21,2.3,1.44E-05,1.58E-05,3.91E-06,2.10E-05,48.3,4.83E-05,12.35294127,0.08095238,0.01614848,1.61E-08,0.242128059,242.1280589,2990.993652,735.6730093,268.030697,27,187,2022
9,PSEMEN,New,7/14/2022,mature,20,2,10835,7/14/2022,0.01371,-0.0015,0.01428,0.00448,5,0,NA,NA,206.0267691,604.2642229,94.18367174,9,0,26,0.996810019,30.74,2.3,1.37E-05,1.43E-05,4.48E-06,3.07E-05,70.702,7.07E-05,15.78169601,0.063364546,0.015274774,1.53E-08,0.293294019,293.2940194,4628.67729,641.5806601,206.0267691,28,195,2022
9,PSEMEN,New,7/20/2022,mature,20,2,10870,7/20/2022,0.01405,-0.00207,0.01473,0.00491,5,0,NA,NA,186.1507121,564.5931027,93.07536045,9,0,26,0.996810019,27.29,2.3,1.41E-05,1.47E-05,4.91E-06,2.73E-05,62.767,6.28E-05,12.78350271,0.078225821,0.01618865,1.62E-08,0.303298919,303.2989187,3877.222588,606.5978149,186.1507121,29,201,2022
9,PSEMEN,New,7/27/2022,mature,20,2,10823,7/27/2022,0.01564,-0.00128,0.018540001,0.00572,5,0,NA,NA,173.4265817,583.6438755,77.37909134,9,0,27,0.99654001,22.95,2.3,1.56E-05,1.85E-05,5.72E-06,2.30E-05,52.785,5.28E-05,9.228147204,0.108364114,0.016996666,1.70E-08,0.336536583,336.5365832,3105.609038,754.2656102,173.4265817,30,208,2022
9,PSEMEN,New,8/3/2022,mature,20,2,10896,3/8/2022,0.01434,-0.00079,0.01505,0.00574,5,0,NA,NA,149.8257908,565.9967511,92.37379828,9,0,26,0.996810019,33.45,2.3,1.43E-05,1.50E-05,5.74E-06,3.35E-05,76.935,7.69E-05,13.40331026,0.074608435,0.015194434,1.52E-08,0.377769918,377.7699179,5063.367275,612.7243457,149.8257908,31,215,2022
9,PSEMEN,New,8/10/2022,mature,20,2,10920,10/8/2022,0.00872,-0.00099,0.01066,0.00308,5,0,NA,NA,183.1168978,578.3058513,74.40633486,9,0,26.5,0.996680021,22.39,2.3,8.72E-06,1.07E-05,3.08E-06,2.24E-05,51.497,5.15E-05,16.71980554,0.059809308,0.009752625,9.75E-09,0.315812404,315.8124043,5280.321745,777.2266332,183.1168978,32,222,2022
9,PSEMEN,New,8/18/2022,mature,20,2,10944,8/18/2022,0.01196,-0.00116,0.01271,0.00453,5,0,NA,NA,164.0176536,563.909459,90.83128904,9,0,26,0.996810019,25.09,2.3,1.20E-05,1.27E-05,4.53E-06,2.51E-05,57.707,5.77E-05,12.738852,0.078500009,0.013175874,1.32E-08,0.343810214,343.8102138,4379.747534,620.8317255,164.0176536,33,230,2022
9,PSEMEN,New,8/25/2022,mature,20,2,10968,8/25/2022,0.01324,-0.00105,0.01417,0.00493,5,0,NA,NA,168.5598522,579.2107527,89.93506444,9,0,25,0.997070014,28.17,2.3,1.32E-05,1.42E-05,4.93E-06,2.82E-05,64.791,6.48E-05,13.14219115,0.076090812,0.01434711,1.43E-08,0.343623214,343.6232138,4515.961735,644.0321762,168.5598522,34,237,2022
9,PSEMEN,New,9/1/2022,mature,20,2,10992,9/1/2022,0.01585,-0.00191,0.01732,0.00617,5,0,NA,NA,156.888172,542.8045882,86.81614715,9,0,25.5,0.996940017,30.49,2.3,1.59E-05,1.73E-05,6.17E-06,3.05E-05,70.127,7.01E-05,11.36580236,0.08798323,0.017833306,1.78E-08,0.345981847,345.9818469,3932.361243,625.2345975,156.888172,35,244,2022
9,PSEMEN,New,9/20/2022,mature,20,2,11016,9/20/2022,0.01047,-0.00162,0.01349,0.0042,5,0,NA,NA,149.2857255,516.6757292,67.49192975,9,0,24,0.997319996,20.77,2.3,1.05E-05,1.35E-05,4.20E-06,2.08E-05,47.771,4.78E-05,11.37404802,0.087919446,0.012135271,1.21E-08,0.346098564,346.0985635,3936.541514,765.5370518,149.2857255,38,263,2022
9,PSEMEN,New,10/31/2022,mature,20,2,11064,10/31/2022,0.01247,-0.00023,0.013,0.00488,5,0,NA,NA,155.5328005,595.7191031,93.47290861,9,0,21.79999924,0.997839987,26.98,2.3,1.25E-05,1.30E-05,4.88E-06,2.70E-05,62.054,6.21E-05,12.71598385,0.078641182,0.012740905,1.27E-08,0.38301833,383.0183296,4870.454638,637.3173917,155.5328005,44,304,2022
9,PSEMEN,New,11/28/2022,mature,20,2,11088,11/28/2022,0.016279999,-0.00115,0.01967,0.00645,5,0,NA,NA,152.4030793,562.5261384,74.35702638,9,0,18.70000076,0.998489976,31.38,2.3,1.63E-05,1.97E-05,6.45E-06,3.14E-05,72.174,7.22E-05,11.18976706,0.089367365,0.017474741,1.75E-08,0.369104173,369.1041731,4130.189813,756.5204874,152.4030793,48,332,2022
9,PSEMEN,Old,4/1/2021,mature,20,2,10270,1/4/2021,0.01123,-0.00104,0.01161,0.00503,5,0,NA,NA,123.2604381,503.6550088,94.22492274,9,0,22,0.997799993,17.948,2.3,1.12E-05,1.16E-05,5.03E-06,1.79E-05,41.2804,4.13E-05,8.206838776,0.121849597,0.012310014,1.23E-08,0.408610433,408.6104329,3353.39994,534.524194,123.2604381,13,91,2021
9,PSEMEN,Old,4/6/2021,mature,20,2,10282,6/4/2021,0.01131,-0.00116,0.01161,0.00535,5,0,NA,NA,111.4018598,476.1640426,95.20766112,9,0,24,0.997319996,24.577,2.3,1.13E-05,1.16E-05,5.35E-06,2.46E-05,56.5271,5.65E-05,10.56581264,0.094644873,0.012516694,1.25E-08,0.427429149,427.4291487,4516.136509,500.1320661,111.4018598,14,96,2021
9,PSEMEN,Old,4/13/2021,mature,20,2,10293,4/13/2021,0.01101,-0.00159,0.01403,0.00524,5,0,NA,NA,110.1145011,456.3380732,65.64276989,9,0,23,0.997560024,18.345,2.3,1.10E-05,1.40E-05,5.24E-06,1.83E-05,42.1935,4.22E-05,8.052194882,0.124189741,0.012644134,1.26E-08,0.414421411,414.4214113,3337.001993,695.1840606,110.1145011,15,103,2021
9,PSEMEN,Old,4/21/2021,mature,20,2,10329,4/21/2021,0.01449,-0.00133,0.01548,0.00715,5,0,NA,NA,102.6573434,462.6146765,88.11525011,9,0,20.5,0.998130023,19.377,2.3,1.45E-05,1.55E-05,7.15E-06,1.94E-05,44.5671,4.46E-05,6.233160873,0.160432246,0.015866336,1.59E-08,0.450639635,450.6396354,2808.909334,525.01091,102.6573434,16,111,2021
9,PSEMEN,Old,4/27/2021,mature,20,2,10317,4/27/2021,0.018169999,-0.0018,0.01887,0.00986,5,0,NA,NA,84.27991666,414.9089241,92.23084726,9,0,20.5,0.998130023,37.04,2.3,1.82E-05,1.89E-05,9.86E-06,3.70E-05,85.192,8.52E-05,8.640162586,0.115738563,0.020028491,2.00E-08,0.492298708,492.2987081,4253.540706,449.8591701,84.27991666,17,117,2021
9,PSEMEN,Old,4/30/2021,mature,20,2,10366,4/30/2021,0.01262,-0.00136,0.01351,0.00568,5,0,NA,NA,122.1831038,494.4474177,88.63346373,9,0,25,0.997070014,26.508,2.3,1.26E-05,1.35E-05,5.68E-06,2.65E-05,60.9684,6.10E-05,10.73387335,0.093163015,0.014035871,1.40E-08,0.404677417,404.6774169,4343.756047,557.8563636,122.1831038,18,120,2021
9,PSEMEN,Old,5/5/2021,mature,20,2,10390,5/5/2021,0.01894,-0.00178,0.01976,0.00959,5,0,NA,NA,97.49739346,449.679721,91.93707226,9,0,23,0.997560024,38.412,2.3,1.89E-05,1.98E-05,9.59E-06,3.84E-05,88.3476,8.83E-05,9.212471407,0.108548505,0.020792576,2.08E-08,0.461222303,461.2223026,4248.997255,489.11686,97.49739346,18,125,2021
9,PSEMEN,Old,5/10/2021,mature,20,2,10402,10/5/2021,0.00975,-0.00153,0.01228,0.00473,5,0,NA,NA,106.1310755,443.6867936,66.49006489,9,0,21,0.998019993,24.374,2.3,9.75E-06,1.23E-05,4.73E-06,2.44E-05,56.0602,5.61E-05,11.85205034,0.084373587,0.011314288,1.13E-08,0.418055489,418.0554891,4954.814778,667.2978803,106.1310755,19,130,2021
9,PSEMEN,Old,5/14/2021,mature,20,2,10414,5/14/2021,0.01119,-0.00036,0.012,0.00576,5,0,NA,NA,94.27083022,468.4324293,87.01922898,9,0,23.5,0.997439981,24.46,2.3,1.12E-05,1.20E-05,5.76E-06,2.45E-05,56.258,5.63E-05,9.767013741,0.10238544,0.011591853,1.16E-08,0.496900707,496.9007074,4853.23611,538.3091011,94.27083022,20,134,2021
9,PSEMEN,Old,5/19/2021,mature,20,2,10523,5/19/2021,0.00933,-0.00085,0.0097,0.00466,5,0,NA,NA,100.2145839,457.1413714,92.65872074,9,0,23,0.997560024,23.612,2.3,9.33E-06,9.70E-06,4.66E-06,2.36E-05,54.3076,5.43E-05,11.65399118,0.085807513,0.010215658,1.02E-08,0.456162502,456.1625022,5316.113986,493.3603311,100.2145839,20,139,2021
9,PSEMEN,Old,5/24/2021,mature,20,2,10535,5/24/2021,0.0101,-0.00092,0.01045,0.00568,5,0,NA,NA,77.81689624,399.5926246,92.66246673,9,0,24,0.997319996,26.283,2.3,1.01E-05,1.04E-05,5.68E-06,2.63E-05,60.4509,6.05E-05,10.64276419,0.093960552,0.011061265,1.11E-08,0.513503666,513.503666,5465.09856,431.2346074,77.81689624,21,144,2021
9,PSEMEN,Old,5/27/2021,mature,20,2,10378,5/27/2021,0.01036,-0.00072,0.01264,0.00528,5,0,NA,NA,96.21211012,456.658694,69.0217317,9,0,25,0.997070014,24.9,2.3,1.04E-05,1.26E-05,5.28E-06,2.49E-05,57.27,5.73E-05,10.84659059,0.092194869,0.011124281,1.11E-08,0.474637412,474.6374117,5148.19796,661.6158168,96.21211012,21,147,2021
9,PSEMEN,Old,6/1/2021,mature,20,2,10511,1/6/2021,0.01394,-0.00179,0.01444,0.00726,5,0,NA,NA,92.01102245,422.8654032,93.03621074,9,0,26,0.996810019,34.913,2.3,1.39E-05,1.44E-05,7.26E-06,3.49E-05,80.2999,8.03E-05,11.06059249,0.09041107,0.015796989,1.58E-08,0.459581254,459.5812536,5083.240874,454.5170099,92.01102245,22,152,2021
9,PSEMEN,Old,6/4/2021,mature,20,2,10475,4/6/2021,0.024289999,-0.0014,0.02551,0.01301,5,0,NA,NA,86.70253177,437.3906303,90.23999288,9,0,24.5,0.997200012,46.98,2.3,2.43E-05,2.55E-05,1.30E-05,4.70E-05,108.054,0.000108054,8.305457418,0.12040276,0.025789302,2.58E-08,0.504472738,504.4727383,4189.876791,484.697102,86.70253177,23,155,2021
9,PSEMEN,Old,6/9/2021,mature,20,2,10487,9/6/2021,0.0177,-0.00225,0.021679999,0.00871,5,0,NA,NA,103.2146989,448.9454838,69.31380337,9,0,24,0.997319996,40.917,2.3,1.77E-05,2.17E-05,8.71E-06,4.09E-05,94.1091,9.41E-05,10.80471905,0.092552152,0.020024703,2.00E-08,0.434962746,434.9627464,4699.650213,647.6999702,103.2146989,23,160,2021
9,PSEMEN,Old,6/16/2021,mature,20,2,10439,6/16/2021,0.01115,-0.00058,0.01354,0.0053,5,0,NA,NA,110.3773587,496.606342,70.99514475,9,0,26,0.996810019,25.205,2.3,1.11E-05,1.35E-05,5.30E-06,2.52E-05,57.9715,5.80E-05,10.93801919,0.091424232,0.011779954,1.18E-08,0.449916857,449.9168567,4921.199203,699.4933862,110.3773587,24,167,2021
9,PSEMEN,Old,6/22/2021,mature,20,2,10451,6/22/2021,0.01331,-0.00136,0.01381,0.00623,5,0,NA,NA,113.6436666,480.5710052,93.40369323,9,0,26,0.996810019,27.601,2.3,1.33E-05,1.38E-05,6.23E-06,2.76E-05,63.4823,6.35E-05,10.18977538,0.09813759,0.014732475,1.47E-08,0.422875321,422.8753208,4309.004404,514.5096394,113.6436666,25,173,2021
9,PSEMEN,Old,10/13/2021,mature,20,2,10567,10/13/2021,0.01582,-0.00196,0.016170001,0.0072,5,0,NA,NA,119.7222305,483.238527,96.09810138,9,0,22,0.997799993,32.842,2.3,1.58E-05,1.62E-05,7.20E-06,3.28E-05,75.5366,7.55E-05,10.49119462,0.09531803,0.017837982,1.78E-08,0.403633096,403.6330956,4234.593206,502.8595987,119.7222305,41,286,2021
9,PSEMEN,Old,3/16/2022,mature,20,2,10587,3/16/2022,0.00793,-0.00048,0.00828,0.00345,5,0,bent,NA,129.8550842,531.0848662,92.75363513,9,0,21,0.998019993,18.11,2.3,7.93E-06,8.28E-06,3.45E-06,1.81E-05,41.653,4.17E-05,12.07333347,0.082827166,0.008435564,8.44E-09,0.408982748,408.9827476,4937.784865,572.5757977,129.8550842,11,75,2022
9,PSEMEN,Old,3/30/2022,mature,20,2,10599,3/30/2022,0.00975,-0.00115,0.01228,0.00449,5,0,NA,NA,117.1492155,480.8843918,67.52246323,9,0,23,0.997560024,22.6,2.3,9.75E-06,1.23E-05,4.49E-06,2.26E-05,51.98,5.20E-05,11.57683691,0.08637938,0.01093818,1.09E-08,0.410488776,410.4887759,4752.161722,712.1843143,117.1492155,13,89,2022
9,PSEMEN,Old,4/13/2022,mature,20,2,10611,4/13/2022,0.01202,-0.00072,0.01491,0.00588,5,0,NA,NA,104.4217706,480.3800643,67.99557008,9,0,22,0.997799993,24.418,2.3,1.20E-05,1.49E-05,5.88E-06,2.44E-05,56.1614,5.62E-05,9.55125839,0.104698246,0.012781546,1.28E-08,0.460038233,460.0382333,4393.943993,706.4872957,104.4217706,15,103,2022
9,PSEMEN,Old,4/20/2022,mature,20,2,10622,4/20/2022,0.01737,-0.00054,0.01756,0.00887,5,0,NA,NA,95.82864085,472.7677519,97.81358887,9,0,24.5,0.997200012,38.003,2.3,1.74E-05,1.76E-05,8.87E-06,3.80E-05,87.4069,8.74E-05,9.854216438,0.101479403,0.01797923,1.80E-08,0.49334704,493.3470398,4861.548396,483.335452,95.82864085,16,110,2022
9,PSEMEN,Old,4/27/2022,mature,20,2,10634,4/27/2022,0.01069,-0.00024,0.01129,0.00529,5,0,NA,NA,102.0794022,492.3285902,90.00000155,9,0,23,0.997560024,23.042,2.3,1.07E-05,1.13E-05,5.29E-06,2.30E-05,52.9966,5.30E-05,10.01826131,0.09981772,0.010968285,1.10E-08,0.482299658,482.2996576,4831.803831,547.0317575,102.0794022,17,117,2022
9,PSEMEN,Old,5/4/2022,mature,20,2,10646,4/5/2022,0.0118,-0.00027,0.01434,0.00608,5,0,NA,NA,94.07894843,472.1343182,69.24939742,9,0,24,0.997319996,24.47,2.3,1.18E-05,1.43E-05,6.08E-06,2.45E-05,56.281,5.63E-05,9.256743123,0.108029356,0.012115197,1.21E-08,0.501849062,501.8490616,4645.487834,681.7883416,94.07894843,18,124,2022
9,PSEMEN,Old,5/11/2022,mature,20,2,10659,11/5/2022,0.0105,-0.00034,0.01074,0.00524,5,0,NA,NA,100.3816823,483.4296413,95.63636425,9,0,24,0.997319996,18.831,2.3,1.05E-05,1.07E-05,5.24E-06,1.88E-05,43.3113,4.33E-05,8.265515499,0.12098459,0.010880591,1.09E-08,0.481591499,481.5914988,3980.60194,505.4872643,100.3816823,19,131,2022
9,PSEMEN,Old,5/18/2022,mature,20,2,10671,5/18/2022,0.00748,0.00012,0.00898,0.00425,5,0,NA,NA,75.99999386,437.2214852,68.28752231,9,0,24,0.997319996,20.92,2.3,7.48E-06,8.98E-06,4.25E-06,2.09E-05,48.116,4.81E-05,11.32141115,0.088328212,0.00738756,7.39E-09,0.575291454,575.2914545,6513.111311,640.2655572,75.99999386,20,138,2022
9,PSEMEN,Old,5/26/2022,mature,20,2,10683,5/26/2022,0.01455,-0.00071,0.017859999,0.00779,5,0,NA,NA,86.77792165,441.3356132,67.13009912,9,0,24,0.997319996,27.3,2.3,1.46E-05,1.79E-05,7.79E-06,2.73E-05,62.79,6.28E-05,8.060333577,0.124064344,0.015317142,1.53E-08,0.508580531,508.5805314,4099.328716,657.433281,86.77792165,21,146,2022
9,PSEMEN,Old,6/1/2022,mature,20,2,10695,1/6/2022,0.01206,-0.00073,0.01461,0.00627,5,0,NA,NA,92.34449846,451.0086039,69.42445718,9,0,24,0.997319996,29.668,2.3,1.21E-05,1.46E-05,6.27E-06,2.97E-05,68.2364,6.82E-05,10.88299879,0.091886439,0.012837893,1.28E-08,0.488397918,488.3979176,5315.233902,649.6393666,92.34449846,22,152,2022
9,PSEMEN,Old,6/8/2022,mature,20,2,10707,8/6/2022,0.01184,-0.00018,0.0138,0.00616,5,0,NA,NA,92.20779319,470.7828976,74.34554932,9,0,24,0.997319996,17.37,2.3,1.18E-05,1.38E-05,6.16E-06,1.74E-05,39.951,4.00E-05,6.485552081,0.154188878,0.012065009,1.21E-08,0.510567365,510.5673651,3311.31122,633.2361546,92.20779319,23,159,2022
9,PSEMEN,Old,6/16/2022,mature,20,2,10719,6/16/2022,0.01165,0,0.01397,0.0066,5,0,NA,NA,76.51514895,431.8592755,68.52103064,9,0,24,0.997319996,26.68,2.3,1.16E-05,1.40E-05,6.60E-06,2.67E-05,61.364,6.14E-05,9.297575808,0.107554918,0.011693624,1.17E-08,0.564410153,564.4101528,5247.646261,630.2579974,76.51514895,24,167,2022
9,PSEMEN,Old,6/23/2022,mature,20,2,10751,6/23/2022,0.01153,-0.00059,0.01383,0.00552,5,0,NA,NA,108.8768031,494.0246766,72.32250347,9,0,24,0.997319996,24.72,2.3,1.15E-05,1.38E-05,5.52E-06,2.47E-05,56.856,5.69E-05,10.29999977,0.097087381,0.012165384,1.22E-08,0.453746476,453.746476,4673.588783,683.0856965,108.8768031,25,174,2022
9,PSEMEN,Old,6/30/2022,mature,20,2,10763,6/30/2022,0.01144,-0.00035,0.01206,0.00589,5,0,NA,1.309999943,94.22749206,468.9252751,89.95137575,9,0,24.5,0.997200012,20.21,2.3,1.14E-05,1.21E-05,5.89E-06,2.02E-05,46.483,4.65E-05,7.891850399,0.126712995,0.011835574,1.18E-08,0.497652262,497.652262,3927.397449,521.3097312,94.22749206,26,181,2022
9,PSEMEN,Old,7/6/2022,mature,20,2,10799,6/7/2022,0.0081,-0.00025,0.00834,0.00442,5,0,NA,NA,83.25791798,438.9069433,93.87755199,9,0,25.5,0.996940017,15.41,2.3,8.10E-06,8.34E-06,4.42E-06,1.54E-05,35.443,3.54E-05,8.018778048,0.12470728,0.008384465,8.38E-09,0.527165407,527.1654072,4227.222404,467.5313043,83.25791798,27,187,2022
9,PSEMEN,Old,7/14/2022,mature,20,2,10846,7/14/2022,0.01364,-0.00109,0.016790001,0.00644,5,0,NA,NA,111.8012306,486.7255378,69.56520781,9,0,26,0.996810019,23.1,2.3,1.36E-05,1.68E-05,6.44E-06,2.31E-05,53.13,5.31E-05,8.249999817,0.121212124,0.01479273,1.48E-08,0.435348977,435.3489766,3591.629158,699.6680569,111.8012306,28,195,2022
9,PSEMEN,Old,7/20/2022,mature,20,2,10858,7/20/2022,0.00821,-0.00054,0.00863,0.00384,5,0,NA,NA,113.8020796,497.3106784,91.23172462,9,0,26,0.996810019,NA,2.3,8.21E-06,8.63E-06,3.84E-06,NA,,NA,NA,NA,0.008787263,8.79E-09,0.436996118,436.9961178,NA,545.1071768,NA,29,201,2022
9,PSEMEN,Old,7/27/2022,mature,20,2,10811,7/27/2022,0.00668,-0.00026,0.00767,0.00315,5,0,NA,NA,112.0634952,506.3512097,78.09734412,9,0,27,0.99654001,12.21,2.3,6.68E-06,7.67E-06,3.15E-06,1.22E-05,28.083,2.81E-05,8.915238084,0.112167504,0.006971446,6.97E-09,0.451843141,451.8431412,4028.289123,648.3590644,112.0634952,30,208,2022
9,PSEMEN,Old,8/3/2022,mature,20,2,10884,3/8/2022,0.00624,-0.00023,0.00659,0.00285,5,0,NA,NA,118.9473653,521.7348169,90.64171428,9,0,26,0.996810019,16.74,2.3,6.24E-06,6.59E-06,2.85E-06,1.67E-05,38.502,3.85E-05,13.50947346,0.07402213,0.006497554,6.50E-09,0.438626622,438.6266215,5925.614781,575.6012241,118.9473653,31,215,2022
9,PSEMEN,Old,8/10/2022,mature,20,2,10908,10/8/2022,0.00961,-0.0014,0.01023,0.00422,5,0,NA,NA,127.7251199,487.4152894,89.68385938,9,0,26.5,0.996680021,27.28,2.3,9.61E-06,1.02E-05,4.22E-06,2.73E-05,62.744,6.27E-05,14.86824644,0.067257427,0.011058332,1.11E-08,0.381612709,381.6127086,5673.911792,543.4816173,127.7251199,32,222,2022
9,PSEMEN,Old,8/18/2022,mature,20,2,10932,8/18/2022,0.01196,-0.00136,0.01286,0.00494,5,0,NA,NA,142.1052642,524.792108,88.63635976,9,0,26,0.996810019,19.44,2.3,1.20E-05,1.29E-05,4.94E-06,1.94E-05,44.712,4.47E-05,9.051012334,0.110484879,0.013376726,1.34E-08,0.36929815,369.2981495,3342.522088,592.0731734,142.1052642,33,230,2022
9,PSEMEN,Old,8/25/2022,mature,20,2,10956,8/25/2022,0.0126,-0.00118,0.0135,0.00551,5,0,NA,NA,128.6751345,512.4657199,88.73591615,9,0,25,0.997070014,29.35,2.3,1.26E-05,1.35E-05,5.51E-06,2.94E-05,67.505,6.75E-05,12.25136106,0.081623584,0.013835072,1.38E-08,0.398263207,398.2632066,4879.266371,577.5178103,128.6751345,34,237,2022
9,PSEMEN,Old,9/1/2022,mature,20,2,10980,9/1/2022,0.00923,-0.00087,0.01009,0.00408,5,0,NA,NA,126.2254967,507.8050032,85.69051563,9,0,25.5,0.996940017,20.65,2.3,9.23E-06,1.01E-05,4.08E-06,2.07E-05,47.495,4.75E-05,11.64093175,0.085903777,0.010141688,1.01E-08,0.402299877,402.2998766,4683.145274,592.6035098,126.2254967,35,244,2022
9,PSEMEN,Old,9/20/2022,mature,20,2,11004,9/20/2022,0.00625,-0.00072,0.00677,0.00263,5,0,NA,NA,137.6425889,517.4311904,87.43961869,9,0,24,0.997319996,15.7,2.3,6.25E-06,6.77E-06,2.63E-06,1.57E-05,36.11,3.61E-05,13.73003801,0.07283301,0.006996099,7.00E-09,0.375923762,375.9237615,5161.447464,591.7582878,137.6425889,38,263,2022
9,PSEMEN,Old,10/12/2022,mature,20,2,11040,10/12/2022,0.01018,-0.00075,0.01056,0.00441,5,0,NA,NA,130.8390044,526.5215423,93.82113686,9,0,19,0.998430014,25.12,2.3,1.02E-05,1.06E-05,4.41E-06,2.51E-05,57.776,5.78E-05,13.10113363,0.076329273,0.010958716,1.10E-08,0.402419408,402.4194079,5272.150392,561.1971459,130.8390044,41,285,2022
9,PSEMEN,Old,10/31/2022,mature,20,2,11052,10/31/2022,0.00795,-0.00012,0.00831,0.00344,5,0,NA,NA,131.1046725,557.0657983,92.60780476,9,0,21.79999924,0.997839987,16.65,2.3,7.95E-06,8.31E-06,3.44E-06,1.67E-05,38.295,3.83E-05,11.13226782,0.089828956,0.008095992,8.10E-09,0.424901598,424.9015983,4730.11796,601.5322356,131.1046725,44,304,2022
9,PSEMEN,Old,11/28/2022,mature,20,2,11076,11/28/2022,0.01243,-0.00105,0.01388,0.00508,5,0,NA,NA,144.6850402,543.8561798,83.52272727,9,0,18.70000076,0.998489976,24.21,2.3,1.24E-05,1.39E-05,5.08E-06,2.42E-05,55.683,5.57E-05,10.9612204,0.091230717,0.013514603,1.35E-08,0.375889698,375.8896979,4120.209826,651.147535,144.6850402,48,332,2022
,PSEMEN,New,6/5/2024,mature,20,2,,6/5/2024,0.00396,,,0.00086,,,,,360.4651163,0,,,,,,14.883,2.3,0.00000396,,0.00000086,,34.2309,3.42E-05,39.80337209,0.0251235,,,,,,,,,,2024
,PSEMEN,New,6/5/2024,mature,20,2,,6/5/2024,0.00432,,,0.00116,,,,,272.4137931,0,,,,,,9.134,2.3,0.00000432,,0.00000116,,21.0082,2.10E-05,18.11051724,0.055216534,,,,,,,,,,2024
,PSEMEN,New,6/5/2024,mature,20,2,,6/5/2024,0.00419,,,0.00091,,,,,360.4395604,0,,,,,,9.128,2.3,0.00000419,,0.00000091,,20.9944,2.10E-05,23.07076923,0.043344892,,,,,,,,,,2024
,PSEMEN,New,6/5/2024,mature,20,2,,6/5/2024,0.00346,,,0.00103,,,,,235.9223301,0,,,,,,12.475,2.3,0.00000346,,0.00000103,,28.6925,2.87E-05,27.85679612,0.035897883,,,,,,,,,,2024
,PSEMEN,New,6/5/2024,mature,20,2,,6/5/2024,0.00366,,,0.00103,,,,,255.3398058,0,,,,,,15.256,2.3,0.00000366,,0.00000103,,35.0888,3.51E-05,34.06679612,0.029354096,,,,,,,,,,2024
,PSEMEN,New,6/5/2024,mature,20,2,,6/5/2024,0.00467,,,0.00099,,,,,371.7171717,0,,,,,,16.034,2.3,0.00000467,,0.00000099,,36.8782,3.69E-05,37.25070707,0.026845128,,,,,,,,,,2024
,PSEMEN,New,6/5/2024,mature,20,2,,6/5/2024,0.00377,,,0.00089,,,,,323.5955056,0,,,,,,13.262,2.3,0.00000377,,0.00000089,,30.5026,3.05E-05,34.27258427,0.029177841,,,,,,,,,,2024
,PSEMEN,New,6/5/2024,mature,20,2,,6/5/2024,0.00435,,,0.00119,,,,,265.5462185,0,,,,,,9.083,2.3,0.00000435,,0.00000119,,20.8909,2.09E-05,17.55537815,0.056962601,,,,,,,,,,2024
,PSEMEN,New,6/5/2024,mature,20,2,,6/5/2024,0.00594,,,0.00196,,,,,203.0612245,0,,,,,,18.219,2.3,0.00000594,,0.00000196,,41.9037,4.19E-05,21.37943878,0.046773913,,,,,,,,,,2024
,PSEMEN,New,6/5/2024,mature,20,2,,6/5/2024,0.00955,,,0.00202,,,,,372.7722772,0,,,,,,21.939,2.3,0.00000955,,0.00000202,,50.4597,5.05E-05,24.9800495,0.040031946,,,,,,,,,,2024
,PSEMEN,New,6/5/2024,mature,20,2,,6/5/2024,0.00685,,,0.00192,,,,,256.7708333,0,,,,,,12.505,2.3,0.00000685,,0.00000192,,28.7615,2.88E-05,14.97994792,0.066755906,,,,,,,,,,2024
,PSEMEN,New,6/5/2024,mature,20,2,,6/5/2024,0.00565,,,0.00122,,,,,363.1147541,0,,,,,,11.705,2.3,0.00000565,,0.00000122,,26.9215,2.69E-05,22.06680328,0.04531694,,,,,,,,,,2024
,PSEMEN,Old,6/5/2024,mature,20,2,,6/5/2024,0.01243,,,0.00635,,,,,95.7480315,0,,,,,,33.57,2.3,0.00001243,,0.00000635,,77.211,0.000077211,12.1592126,0.082242168,,,,,,,,,,2024
,PSEMEN,Old,6/5/2024,mature,20,2,,6/5/2024,0.01018,,,0.00562,,,,,81.13879004,0,,,,,,24.274,2.3,0.00001018,,0.00000562,,55.8302,5.58E-05,9.934199288,0.100662366,,,,,,,,,,2024
,PSEMEN,Old,6/5/2024,mature,20,2,,6/5/2024,0.01074,,,0.00557,,,,,92.81867145,0,,,,,,23.809,2.3,0.00001074,,0.00000557,,54.7607,5.48E-05,9.831364452,0.101715281,,,,,,,,,,2024
,PSEMEN,Old,6/5/2024,mature,20,2,,6/5/2024,0.00961,,,0.00403,,,,,138.4615385,0,,,,,,20.829,2.3,0.00000961,,0.00000403,,47.9067,4.79E-05,11.88751861,0.084121845,,,,,,,,,,2024
,PSEMEN,Old,6/5/2024,mature,20,2,,6/5/2024,0.01662,,,0.00974,,,,,70.63655031,0,,,,,,35.653,2.3,0.00001662,,0.00000974,,82.0019,8.20E-05,8.419086242,0.118777736,,,,,,,,,,2024
,PSEMEN,Old,6/5/2024,mature,20,2,,6/5/2024,0.01756,,,0.00961,,,,,82.72632674,0,,,,,,40.317,2.3,0.00001756,,0.00000961,,92.7291,9.27E-05,9.649229969,0.103635213,,,,,,,,,,2024
,PSEMEN,Old,6/5/2024,mature,20,2,,6/5/2024,0.02115,,,0.01161,,,,,82.17054264,0,,,,,,36.428,2.3,0.00002115,,0.00001161,,83.7844,8.38E-05,7.216571921,0.138569949,,,,,,,,,,2024
,PSEMEN,Old,6/5/2024,mature,20,2,,6/5/2024,0.01682,,,0.00883,,,,,90.48697622,0,,,,,,34.323,2.3,0.00001682,,0.00000883,,78.9429,7.89E-05,8.940305776,0.111852998,,,,,,,,,,2024
,PSEMEN,Old,6/5/2024,mature,20,2,,6/5/2024,0.01473,,,0.00806,,,,,82.75434243,0,,,,,,33.791,2.3,0.00001473,,0.00000806,,77.7193,7.77E-05,9.642593052,0.103706544,,,,,,,,,,2024
,PSEMEN,Old,6/5/2024,mature,20,2,,6/5/2024,0.02267,,,0.01195,,,,,89.70711297,0,,,,,,33.359,2.3,0.00002267,,0.00001195,,76.7257,7.67E-05,6.420560669,0.155749638,,,,,,,,,,2024
,PSEMEN,Old,6/5/2024,mature,20,2,,6/5/2024,0.02123,,,0.01208,,,,,75.74503311,0,,,,,,38.832,2.3,0.00002123,,0.00001208,,89.3136,8.93E-05,7.393509934,0.135253758,,,,,,,,,,2024
,PSEMEN,Old,6/5/2024,mature,20,2,,6/5/2024,0.01065,,,0.00586,,,,,81.74061433,0,,,,,,22.236,2.3,0.00001065,,0.00000586,,51.1428,5.11E-05,8.727440273,0.114581134,,,,,,,,,,2024
,PSEMEN,New,6/20/2024,mature,20,2,,6/20/2024,0.00931,-0.00201,0.00997,0.00233,,,,,299.5708155,614.7396604,91.36125654,,,21,0.99802,31.821,2.3,0.00000931,0.00000997,0.00000233,,73.1883,7.32E-05,31.41128755,0.03183569,0.011354409,1.14E-08,0.205206629,205.2066291,6445.804433,6.73E+02,,,,2024
,PSEMEN,New,6/20/2024,mature,20,2,,6/20/2024,0.01639,-0.0019,0.01956,0.0039,,,,,320.2564103,680.8171987,79.75734355,,,21,0.99802,41.256,2.3,0.00001639,0.00001956,0.0000039,,94.8888,9.49E-05,24.33046154,0.041100741,0.018345595,1.83E-08,0.212585086,212.5850862,5172.293264,8.54E+02,,,,2024
,PSEMEN,New,6/20/2024,mature,20,2,,6/20/2024,0.01927,-0.00261,0.02138,0.00484,,,,,298.1404959,657.5080309,87.24304716,,,21,0.99802,44.866,2.3,0.00001927,0.00002138,0.00000484,,103.1918,0.000103192,21.32061983,0.046902952,0.021946508,2.19E-08,0.220536225,220.5362249,4701.96901,7.54E+02,,,,2024
,PSEMEN,New,6/20/2024,mature,20,2,,6/20/2024,0.01012,-0.00118,0.01146,0.00258,,,,,292.248062,665.2373768,84.90990991,,,21,0.99802,27.218,2.3,0.00001012,0.00001146,0.00000258,,62.6014,6.26E-05,24.26410853,0.041213136,0.011334348,1.13E-08,0.227626675,227.626675,5523.158345,7.83E+02,,,,2024
,PSEMEN,New,6/20/2024,mature,20,2,,6/20/2024,0.01128,-0.00141,0.0121,0.00392,,,,,187.755102,578.2254136,89.97555012,,,21,0.99802,25.635,2.3,0.00001128,0.0000121,0.00000392,,58.9605,5.90E-05,15.04094388,0.066485189,0.012728573,1.27E-08,0.307968528,307.9685278,4632.137343,6.43E+02,,,,2024
,PSEMEN,New,6/20/2024,mature,20,2,,6/20/2024,0.00787,-0.00133,0.00857,0.00258,,,,,205.0387597,573.2577948,88.31385643,,,21,0.99802,19.046,2.3,0.00000787,0.00000857,0.00000258,,43.8058,4.38E-05,16.97899225,0.058896311,0.009227965,9.23E-09,0.279584938,279.5849377,4747.070491,6.49E+02,,,,2024
,PSEMEN,New,6/20/2024,mature,20,2,,6/20/2024,0.01068,-0.00166,0.01188,0.00316,,,,,237.9746835,607.5540295,86.23853211,,,21,0.99802,31.459,2.3,0.00001068,0.00001188,0.00000316,,72.3557,7.24E-05,22.89737342,0.043673131,0.012377509,1.24E-08,0.255301764,255.3017637,5845.739817,7.05E+02,,,,2024
,PSEMEN,New,6/20/2024,mature,20,2,,6/20/2024,0.00956,-0.00118,0.01147,0.00255,,,,,274.9019608,650.7249875,78.58744395,,,21,0.99802,25.046,2.3,0.00000956,0.00001147,0.00000255,,57.6058,5.76E-05,22.5905098,0.044266376,0.010772646,1.08E-08,0.236710646,236.7106463,5347.414175,8.28E+02,,,,2024
,PSEMEN,New,6/20/2024,mature,20,2,,6/20/2024,0.00831,-0.0008,0.0091,0.00223,,,,,272.6457399,665.3760414,88.5007278,,,21,0.99802,22.05,2.3,0.00000831,0.0000091,0.00000223,,50.715,0.000050715,22.74215247,0.043971212,0.009137691,9.14E-09,0.244044137,244.0441368,5550.088968,7.52E+02,,,,2024
,PSEMEN,New,6/20/2024,mature,20,2,,6/20/2024,0.01045,-0.00111,0.01082,0.00314,,,,,232.8025478,630.4387198,95.18229167,,,21,0.99802,26.645,2.3,0.00001045,0.00001082,0.00000314,,61.2835,6.13E-05,19.51703822,0.051237282,0.011595139,1.16E-08,0.270803146,270.8031464,5285.275358,6.62E+02,,,,2024
,PSEMEN,New,6/20/2024,mature,20,2,,6/20/2024,0.01202,-0.00144,0.01664,0.00342,,,,,251.4619883,636.9945708,65.05295008,,,21,0.99802,25.694,2.3,0.00001202,0.00001664,0.00000342,,59.0962,5.91E-05,17.27959064,0.057871741,0.013500914,1.35E-08,0.253316185,253.3161846,4377.199974,9.79E+02,,,,2024
,PSEMEN,New,6/20/2024,mature,20,2,,6/20/2024,0.01325,-0.00153,0.01446,0.00376,,,,,252.393617,640.1392253,88.69158879,,,21,0.99802,25.203,2.3,0.00001325,0.00001446,0.00000376,,57.9669,5.80E-05,15.41672872,0.064864604,0.014824926,1.48E-08,0.253626894,253.6268938,3910.097019,7.22E+02,,,,2024
,PSEMEN,Old,6/20/2024,mature,20,2,,6/20/2024,0.0129,-0.00116,0.0134,0.00645,,,,,100,457.3592291,92.8057554,,,21,0.99802,25.409,2.3,0.0000129,0.0000134,0.00000645,,58.4407,5.84E-05,9.060573643,0.110368288,0.014102738,1.41E-08,0.457358006,457.3580063,4143.925897,4.93E+02,,,,2024
,PSEMEN,Old,6/20/2024,mature,20,2,,6/20/2024,0.01636,-0.00057,0.01745,0.0082,,,,,99.51219512,480.522922,88.21621622,,,21,0.99802,26.794,2.3,0.00001636,0.00001745,0.0000082,,61.6262,6.16E-05,7.515390244,0.133060289,0.016981462,1.70E-08,0.48287952,482.8795199,3629.028033,5.45E+02,,,,2024
,PSEMEN,Old,6/20/2024,mature,20,2,,6/20/2024,0.01669,-0.00049,0.01744,0.00819,,,,,103.7851038,493.262613,91.89189189,,,21,0.99802,27.96,2.3,0.00001669,0.00001744,0.00000819,,64.308,0.000064308,7.852014652,0.12735585,0.017232221,1.72E-08,0.475272443,475.2724434,3731.846189,5.37E+02,,,,2024
,PSEMEN,Old,6/20/2024,mature,20,2,,6/20/2024,0.01193,-0.00066,0.01269,0.0057,,,,,109.2982456,493.3363952,89.12732475,,,21,0.99802,21.222,2.3,0.00001193,0.00001269,0.0000057,,48.8106,4.88E-05,8.563263158,0.116777913,0.012628269,1.26E-08,0.451368261,451.3682612,3865.185202,5.54E+02,,,,2024
,PSEMEN,Old,6/20/2024,mature,20,2,,6/20/2024,0.0154,-0.00142,0.01918,0.00769,,,,,100.260078,456.9945054,67.10182768,,,21,0.99802,26.959,2.3,0.0000154,0.00001918,0.00000769,,62.0057,6.20E-05,8.063159948,0.124020856,0.016871127,1.69E-08,0.455808312,455.8083118,3675.255324,6.81E+02,,,,2024
,PSEMEN,Old,6/20/2024,mature,20,2,,6/20/2024,0.01596,-0.00108,0.01739,0.00821,,,,,94.39707674,453.4338104,84.42265795,,,21,0.99802,28.241,2.3,0.00001596,0.00001739,0.00000821,,64.9543,6.50E-05,7.911607795,0.126396559,0.017091796,1.71E-08,0.480347416,480.347416,3800.320361,5.37E+02,,,,2024
,PSEMEN,Old,6/20/2024,mature,20,2,,6/20/2024,0.01476,-0.00222,0.01591,0.00728,,,,,102.7472527,439.1836351,86.67439166,,,21,0.99802,30.951,2.3,0.00001476,0.00001591,0.00000728,,71.1873,7.12E-05,9.778475275,0.102265432,0.017031614,1.70E-08,0.427440418,427.4404176,4179.715555,5.07E+02,,,,2024
,PSEMEN,Old,6/20/2024,mature,20,2,,6/20/2024,0.01223,-0.00068,0.01809,0.00608,,,,,101.1513158,474.9328144,51.20732723,,,21,0.99802,25.244,2.3,0.00001223,0.00001809,0.00000608,,58.0612,5.81E-05,9.549539474,0.104717092,0.012949242,1.29E-08,0.469525549,469.5255489,4483.752763,9.27E+02,,,,2024
,PSEMEN,Old,6/20/2024,mature,20,2,,6/20/2024,0.01092,-0.00045,0.01151,0.00533,,,,,104.8780488,490.1530961,90.45307443,,,21,0.99802,20.367,2.3,0.00001092,0.00001151,0.00000533,,46.8441,4.68E-05,8.788761726,0.113781672,0.011404561,1.14E-08,0.467356876,467.3568757,4107.488222,5.42E+02,,,,2024
,PSEMEN,Old,6/20/2024,mature,20,2,,6/20/2024,0.01613,-0.00093,0.01703,0.00814,,,,,98.15724816,466.9265248,89.87626547,,,21,0.99802,32.111,2.3,0.00001613,0.00001703,0.00000814,,73.8553,7.39E-05,9.073132678,0.110215516,0.017111857,1.71E-08,0.475693558,475.693558,4316.030766,5.20E+02,,,,2024
,PSEMEN,Old,6/20/2024,mature,20,2,,6/20/2024,0.02176,-0.00049,0.02416,0.01137,,,,,91.38082674,465.5518515,81.23534011,,,21,0.99802,33.252,2.3,0.00002176,0.00002416,0.00001137,,76.4796,7.65E-05,6.726437995,0.148667096,0.022317633,2.23E-08,0.50946264,509.4626396,3426.868856,5.73E+02,,,,2024
,PSEMEN,Old,6/20/2024,mature,20,2,,6/20/2024,0.01935,-0.0004,0.02146,0.00996,,,,,94.27710843,474.0030288,81.65217391,,,21,0.99802,31.323,2.3,0.00001935,0.00002146,0.00000996,,72.0429,7.20E-05,7.233222892,0.138250959,0.019810033,1.98E-08,0.502775528,502.7755277,3636.687456,5.81E+02,,,,2024
,PSEMEN,New,6/27/2024,mature,20,2,,6/27/2024,0.01214,-0.00157,0.01435,0.00375,,,,,223.7333333,609.8270098,79.1509434,,,23,0.99756,24.615,2.3,0.00001214,0.00001435,0.00000375,,56.6145,5.66E-05,15.0972,0.066237448,0.013758023,1.38E-08,0.272568238,272.5682375,4115.017196,7.70E+02,,,,2024
,PSEMEN,New,6/27/2024,mature,20,2,,6/27/2024,0.01203,-0.00114,0.01295,0.00345,,,,,248.6956522,649.2081627,90.31578947,,,23,0.99756,26.248,2.3,0.00001203,0.00001295,0.00000345,,60.3704,6.04E-05,17.49866667,0.057147211,0.013216131,1.32E-08,0.261044624,261.0446237,4567.932855,7.19E+02,,,,2024
,PSEMEN,New,6/27/2024,mature,20,2,,6/27/2024,0.01563,-0.00231,0.01686,0.00446,,,,,250.4484305,620.4590397,90.08064516,,,23,0.99756,30.888,2.3,0.00001563,0.00001686,0.00000446,,71.0424,7.10E-05,15.92878924,0.062779411,0.018002839,1.80E-08,0.247738699,247.7386993,3946.177527,6.89E+02,,,,2024
,PSEMEN,New,6/27/2024,mature,20,2,,6/27/2024,0.01012,-0.00129,0.01067,0.00293,,,,,245.3924915,627.9475983,92.89405685,,,23,0.99756,19.38,2.3,0.00001012,0.00001067,0.00000293,,44.574,0.000044574,15.21296928,0.065733387,0.011449966,1.15E-08,0.255895948,255.8959479,3892.937196,6.76E+02,,,,2024
,PSEMEN,New,6/27/2024,mature,20,2,,6/27/2024,0.01503,-0.00235,0.01504,0.00503,,,,,198.8071571,573.3649066,99.9000999,,,23,0.99756,32.091,2.3,0.00001503,0.00001504,0.00000503,,73.8093,7.38E-05,14.6738171,0.068148594,0.017440878,1.74E-08,0.288402915,288.4029152,4231.971628,5.74E+02,,,,2024
,PSEMEN,New,6/27/2024,mature,20,2,,6/27/2024,0.0148,-0.00215,0.01894,0.00508,,,,,191.3385827,571.4487284,70.12987013,,,23,0.99756,26.677,2.3,0.0000148,0.00001894,0.00000508,,61.3571,6.14E-05,12.07816929,0.082794004,0.017009372,1.70E-08,0.298658887,298.6588873,3607.252602,8.15E+02,,,,2024
,PSEMEN,New,6/27/2024,mature,20,2,,6/27/2024,0.01635,-0.00308,0.01701,0.00511,,,,,219.9608611,576.4664249,94.45378151,,,23,0.99756,35.482,2.3,0.00001635,0.00001701,0.00000511,,81.6086,8.16E-05,15.97037182,0.06261595,0.019498058,1.95E-08,0.262077376,262.0773765,4185.473148,6.10E+02,,,,2024
,PSEMEN,New,6/27/2024,mature,20,2,,6/27/2024,0.01128,-0.0023,0.01464,0.00333,,,,,238.7387387,583.3749156,70.29177719,,,23,0.99756,25.435,2.3,0.00001128,0.00001464,0.00000333,,58.5005,5.85E-05,17.56771772,0.05692259,0.013627567,1.36E-08,0.244357626,244.3576257,4292.80579,8.30E+02,,,,2024
,PSEMEN,New,6/27/2024,mature,20,2,,6/27/2024,0.01282,-0.00181,0.01648,0.00371,,,,,245.5525606,620.5214833,71.33907596,,,23,0.99756,26.129,2.3,0.00001282,0.00001648,0.00000371,,60.0967,6.01E-05,16.19857143,0.061733839,0.014681245,1.47E-08,0.25270336,252.70336,4093.433428,8.70E+02,,,,2024
,PSEMEN,New,6/27/2024,mature,20,2,,6/27/2024,0.01237,-0.00215,0.01324,0.0037,,,,,234.3243243,595.0215841,90.88050314,,,23,0.99756,22.553,2.3,0.00001237,0.00001324,0.0000037,,51.8719,5.19E-05,14.01943243,0.071329564,0.01457086,1.46E-08,0.253931478,253.9314782,3559.9752,6.55E+02,,,,2024
,PSEMEN,New,6/27/2024,mature,20,2,,6/27/2024,0.0171,-0.00456,0.01813,0.00495,,,,,245.4545455,558.9830649,92.18512898,,,23,0.99756,35.296,2.3,0.0000171,0.00001813,0.00000495,,81.1808,8.12E-05,16.40016162,0.060975009,0.02173587,2.17E-08,0.22773416,227.7341601,3734.877032,6.06E+02,,,,2024
,PSEMEN,New,6/27/2024,mature,20,2,,6/27/2024,0.01724,-0.00368,0.01814,0.00505,,,,,241.3861386,580.6614492,93.12452254,,,23,0.99756,30.65,2.3,0.00001724,0.00001814,0.00000505,,70.495,0.000070495,13.95940594,0.071636286,0.020993278,2.10E-08,0.240553196,240.5531958,3357.97971,6.24E+02,,,,2024
,PSEMEN,Old,6/27/2024,mature,20,2,,6/27/2024,0.00981,-0.00031,0.01005,0.00488,,,,,101.0245902,485.4560136,95.35783366,,,23,0.99756,18.255,2.3,0.00000981,0.00001005,0.00000488,,41.9865,4.20E-05,8.603790984,0.116227835,0.010155448,1.02E-08,0.480530261,480.5302614,4134.38193,5.09E+02,,,,2024
,PSEMEN,Old,6/27/2024,mature,20,2,,6/27/2024,0.01746,-0.00097,0.01812,0.00851,,,,,105.1703878,483.9250376,93.13215401,,,23,0.99756,37.719,2.3,0.00001746,0.00001812,0.00000851,,86.7537,8.68E-05,10.19432432,0.098093799,0.018494556,1.85E-08,0.460135412,460.1354121,4690.769624,5.20E+02,,,,2024
,PSEMEN,Old,6/27/2024,mature,20,2,,6/27/2024,0.01951,-0.00144,0.02411,0.00973,,,,,100.5138746,465.1959245,68.01112656,,,23,0.99756,40.053,2.3,0.00001951,0.00002411,0.00000973,,92.1219,9.21E-05,9.467821172,0.105620922,0.021023383,2.10E-08,0.462818005,462.818005,4381.878107,6.84E+02,,,,2024
,PSEMEN,Old,6/27/2024,mature,20,2,,6/27/2024,0.00776,-0.00005,0.00803,0.00367,,,,,111.4441417,521.8594016,93.80733945,,,23,0.99756,17.907,2.3,0.00000776,0.00000803,0.00000367,,41.1861,4.12E-05,11.22237057,0.089107733,0.007837356,7.84E-09,0.468270138,468.2701381,5255.101018,5.56E+02,,,,2024
,PSEMEN,Old,6/27/2024,mature,20,2,,6/27/2024,0.01593,-0.00121,0.01687,0.00855,,,,,86.31578947,429.0697675,88.70192308,,,23,0.99756,33.227,2.3,0.00001593,0.00001687,0.00000855,,76.4221,7.64E-05,8.93825731,0.111878632,0.017200037,1.72E-08,0.49709195,497.09195,4443.135756,4.84E+02,,,,2024
,PSEMEN,Old,6/27/2024,mature,20,2,,6/27/2024,0.01518,-0.0013,0.01565,0.00728,,,,,108.5164835,477.6964149,94.38470729,,,23,0.99756,27.891,2.3,0.00001518,0.00001565,0.00000728,,64.1493,6.41E-05,8.811717033,0.11348526,0.016537725,1.65E-08,0.440205642,440.2056425,3878.967558,5.06E+02,,,,2024
,PSEMEN,Old,6/27/2024,mature,20,2,,6/27/2024,0.01701,-0.00223,0.0176,0.0084,,,,,102.5,445.9430063,93.58695652,,,23,0.99756,41.662,2.3,0.00001701,0.0000176,0.0000084,,95.8226,9.58E-05,11.40745238,0.087661992,0.019307393,1.93E-08,0.435066507,435.0665074,4963.000465,4.77E+02,,,,2024
,PSEMEN,Old,6/27/2024,mature,20,2,,6/27/2024,0.01683,-0.00094,0.01759,0.00849,,,,,98.23321555,467.693274,91.64835165,,,23,0.99756,35.265,2.3,0.00001683,0.00001759,0.00000849,,81.1095,8.11E-05,9.553533569,0.104673312,0.017832244,1.78E-08,0.476103852,476.1038523,4548.474135,5.10E+02,,,,2024
,PSEMEN,Old,6/27/2024,mature,20,2,,6/27/2024,0.01455,-0.00035,0.01515,0.00755,,,,,92.71523179,468.1585319,92.10526316,,,23,0.99756,27.172,2.3,0.00001455,0.00001515,0.00000755,,62.4956,6.25E-05,8.277562914,0.120808505,0.014952191,1.50E-08,0.504942721,504.9427213,4179.695143,5.08E+02,,,,2024
,PSEMEN,Old,6/27/2024,mature,20,2,,6/27/2024,0.01089,-0.00053,0.01134,0.00558,,,,,95.16129032,463.3507853,92.1875,,,23,0.99756,18.151,2.3,0.00001089,0.00001134,0.00000558,,41.7473,4.17E-05,7.481594982,0.133661339,0.011460001,1.15E-08,0.486910935,486.9109351,3642.870408,5.03E+02,,,,2024
,PSEMEN,Old,6/27/2024,mature,20,2,,6/27/2024,0.01996,-0.00108,0.02073,0.01052,,,,,89.7338403,447.1030658,92.45837414,,,23,0.99756,34.205,2.3,0.00001996,0.00002073,0.00001052,,78.6715,7.87E-05,7.478279468,0.133720598,0.021113698,2.11E-08,0.498254738,498.2547382,3726.088178,4.84E+02,,,,2024
,PSEMEN,Old,6/27/2024,mature,20,2,,6/27/2024,0.01967,-0.00149,0.02058,0.01032,,,,,90.60077519,440.3294701,91.13060429,,,23,0.99756,36.347,2.3,0.00001967,0.00002058,0.00001032,,83.5981,8.36E-05,8.100591085,0.123447782,0.021234118,2.12E-08,0.486010293,486.0102928,3936.970646,4.83E+02,,,,2024
,PSEMEN,New,7/3/2024,mature,20,2,,7/3/2024,0.01773,-0.0035,0.01854,0.00578,,,,,206.7474048,560.9169937,93.65203762,,,23,0.99756,32.186,2.3,0.00001773,0.00001854,0.00000578,,74.0278,7.40E-05,12.80757785,0.078078776,0.021304363,2.13E-08,0.271305924,271.3059243,3474.771748,5.99E+02,,,,2024
,PSEMEN,New,7/3/2024,mature,20,2,,7/3/2024,0.01505,-0.00193,0.01588,0.00488,,,,,208.4016393,596.848499,92.45454545,,,23,0.99756,35.199,2.3,0.00001505,0.00001588,0.00000488,,80.9577,8.10E-05,16.58969262,0.060278392,0.017039477,1.70E-08,0.286393772,286.3937718,4751.184643,6.46E+02,,,,2024
,PSEMEN,New,7/3/2024,mature,20,2,,7/3/2024,0.01758,-0.00206,0.01852,0.00584,,,,,201.0273973,595.6729989,92.58675079,,,23,0.99756,37.67,2.3,0.00001758,0.00001852,0.00000584,,86.641,0.000086641,14.83578767,0.067404578,0.019708794,1.97E-08,0.296314427,296.3144268,4396.05792,6.43E+02,,,,2024
,PSEMEN,New,7/3/2024,mature,20,2,,7/3/2024,0.01341,-0.0023,0.01428,0.00508,,,,,163.976378,528.3856644,90.54347826,,,23,0.99756,29.77,2.3,0.00001341,0.00001428,0.00000508,,68.471,0.000068471,13.47854331,0.074191994,0.015765028,1.58E-08,0.322232218,322.2322177,4343.220901,5.84E+02,,,,2024
,PSEMEN,New,7/3/2024,mature,20,2,,7/3/2024,0.0115,-0.00163,0.01216,0.00417,,,,,175.7793765,556.3145112,91.73967459,,,23,0.99756,26.527,2.3,0.0000115,0.00001216,0.00000417,,61.0121,6.10E-05,14.63119904,0.068347098,0.013175991,1.32E-08,0.316484731,316.4847309,4630.551091,6.06E+02,,,,2024
,PSEMEN,New,7/3/2024,mature,20,2,,7/3/2024,0.01351,-0.00144,0.01443,0.00491,,,,,175.1527495,573.2416147,90.33613445,,,23,0.99756,25.472,2.3,0.00001351,0.00001443,0.00000491,,58.5856,5.86E-05,11.93189409,0.083808991,0.015002366,1.50E-08,0.327281708,327.2817076,3905.090674,6.35E+02,,,,2024
,PSEMEN,New,7/3/2024,mature,20,2,,7/3/2024,0.01166,-0.00196,0.01258,0.00376,,,,,210.106383,578.0050777,89.569161,,,23,0.99756,25.118,2.3,0.00001166,0.00001258,0.00000376,,57.7714,5.78E-05,15.36473404,0.065084107,0.013667707,1.37E-08,0.275101001,275.1010008,4226.853713,6.45E+02,,,,2024
,PSEMEN,New,7/3/2024,mature,20,2,,7/3/2024,0.00979,-0.00181,0.01046,0.00353,,,,,177.3371105,537.772967,90.33189033,,,23,0.99756,26.264,2.3,0.00000979,0.00001046,0.00000353,,60.4072,6.04E-05,17.11252125,0.058436743,0.011640632,1.16E-08,0.303248142,303.2481424,5189.34028,5.95E+02,,,,2024
,PSEMEN,New,7/3/2024,mature,20,2,,7/3/2024,0.01563,-0.00318,0.01649,0.00582,,,,,168.556701,519.7103184,91.94001874,,,23,0.99756,32.324,2.3,0.00001563,0.00001649,0.00000582,,74.3452,7.43E-05,12.77408935,0.078283467,0.018875887,1.89E-08,0.308329886,308.3298858,3938.63351,5.65E+02,,,,2024
,PSEMEN,New,7/3/2024,mature,20,2,,7/3/2024,0.01794,-0.00337,0.01941,0.00582,,,,,208.2474227,566.7629977,89.18322296,,,23,0.99756,39.468,2.3,0.00001794,0.00001941,0.00000582,,90.7764,9.08E-05,15.59731959,0.06411358,0.021384644,2.14E-08,0.272157914,272.1579143,4244.933967,6.36E+02,,,,2024
,PSEMEN,New,7/3/2024,mature,20,2,,7/3/2024,0.01713,-0.00273,0.01822,0.00588,,,,,191.3265306,564.4869942,91.16693679,,,23,0.99756,31.443,2.3,0.00001713,0.00001822,0.00000588,,72.3189,7.23E-05,12.29913265,0.081306546,0.019929565,1.99E-08,0.295039059,295.0390595,3628.72453,6.19E+02,,,,2024
,PSEMEN,New,7/3/2024,mature,20,2,,7/3/2024,0.0198,-0.00333,0.02104,0.00658,,,,,200.9118541,569.5575374,91.42461964,,,23,0.99756,38.281,2.3,0.0000198,0.00002104,0.00000658,,88.0463,8.80E-05,13.38089666,0.074733407,0.023211019,2.32E-08,0.283486051,283.4860508,3793.297549,6.23E+02,,,,2024
,PSEMEN,Old,7/3/2024,mature,20,2,,7/3/2024,0.01426,-0.00134,0.01499,0.00699,,,,,104.0057225,464.4002402,90.875,,,23,0.99756,26.659,2.3,0.00001426,0.00001499,0.00000699,,61.3157,6.13E-05,8.771917024,0.114000166,0.015654643,1.57E-08,0.4465129,446.5129,3916.774109,5.11E+02,,,,2024
,PSEMEN,Old,7/3/2024,mature,20,2,,7/3/2024,0.01971,-0.00125,0.02064,0.00945,,,,,108.5714286,487.7956013,91.68900804,,,23,0.99756,34.527,2.3,0.00001971,0.00002064,0.00000945,,79.4121,7.94E-05,8.403396825,0.118999498,0.021033418,2.10E-08,0.449285045,449.2850454,3775.520524,5.32E+02,,,,2024
,PSEMEN,Old,7/3/2024,mature,20,2,,7/3/2024,0.01882,-0.00133,0.02075,0.00918,,,,,105.0108932,476.7415408,83.31892826,,,23,0.99756,30.512,2.3,0.00001882,0.00002075,0.00000918,,70.1776,7.02E-05,7.644618736,0.130810971,0.02022058,2.02E-08,0.453992903,453.9929029,3470.602652,5.72E+02,,,,2024
,PSEMEN,Old,7/3/2024,mature,20,2,,7/3/2024,0.01156,-0.00177,0.01222,0.00566,,,,,104.2402827,441.0654347,89.93902439,,,23,0.99756,23.58,2.3,0.00001156,0.00001222,0.00000566,,54.234,0.000054234,9.581978799,0.104362577,0.013376692,1.34E-08,0.423124054,423.1240538,4054.365712,4.90E+02,,,,2024
,PSEMEN,Old,7/3/2024,mature,20,2,,7/3/2024,0.01741,-0.00081,0.02177,0.00875,,,,,98.97142857,473.6433346,66.51305684,,,23,0.99756,24.642,2.3,0.00001741,0.00002177,0.00000875,,56.6766,5.67E-05,6.477325714,0.154384702,0.01828382,1.83E-08,0.478565199,478.5651986,3099.822667,7.12E+02,,,,2024
,PSEMEN,Old,7/3/2024,mature,20,2,,7/3/2024,0.01587,-0.00089,0.01668,0.008,,,,,98.375,467.9315286,90.66820276,,,23,0.99756,24.095,2.3,0.00001587,0.00001668,0.000008,,55.4185,5.54E-05,6.9273125,0.144356127,0.016818706,1.68E-08,0.475660848,475.6608479,3295.051338,5.16E+02,,,,2024
,PSEMEN,Old,7/3/2024,mature,20,2,,7/3/2024,0.01484,-0.00093,0.01541,0.00734,,,,,102.1798365,473.9276597,92.93680297,,,23,0.99756,28.639,2.3,0.00001484,0.00001541,0.00000734,,65.8697,6.59E-05,8.974073569,0.111432115,0.015825238,1.58E-08,0.463816078,463.8160784,4162.319611,5.10E+02,,,,2024
,PSEMEN,Old,7/3/2024,mature,20,2,,7/3/2024,0.01451,-0.00153,0.01526,0.00691,,,,,109.9855282,472.1611312,91.01796407,,,23,0.99756,26.565,2.3,0.00001451,0.00001526,0.00000691,,61.0995,6.11E-05,8.842185239,0.113094215,0.016096184,1.61E-08,0.429294294,429.2942944,3795.899673,5.19E+02,,,,2024
,PSEMEN,Old,7/3/2024,mature,20,2,,7/3/2024,0.0088,-0.00162,0.00938,0.00459,,,,,91.7211329,402.6203797,87.8914405,,,23,0.99756,18.169,2.3,0.0000088,0.00000938,0.00000459,,41.7887,4.18E-05,9.104291939,0.109838306,0.010456499,1.05E-08,0.438961468,438.961468,3996.433355,4.58E+02,,,,2024
,PSEMEN,Old,7/3/2024,mature,20,2,,7/3/2024,0.01845,-0.00128,0.01942,0.00939,,,,,96.485623,457.5965574,90.32901296,,,23,0.99756,30.713,2.3,0.00001845,0.00001942,0.00000939,,70.6399,7.06E-05,7.522886049,0.132927708,0.019799109,1.98E-08,0.47426376,474.2637599,3567.832223,5.07E+02,,,,2024
,PSEMEN,Old,7/3/2024,mature,20,2,,7/3/2024,0.01251,-0.00075,0.01325,0.00629,,,,,98.88712242,467.4442373,89.36781609,,,23,0.99756,21.795,2.3,0.00001251,0.00001325,0.00000629,,50.1285,5.01E-05,7.969554849,0.125477523,0.013306446,1.33E-08,0.472703213,472.7032132,3767.234185,5.23E+02,,,,2024
,PSEMEN,Old,7/3/2024,mature,20,2,,7/3/2024,0.01266,-0.000103,0.01556,0.00618,,,,,104.8543689,505.9456421,69.08315565,,,23,0.99756,22.323,2.3,0.00001266,0.00001556,0.00000618,,51.3429,5.13E-05,8.307912621,0.120367178,0.012807706,1.28E-08,0.482522022,482.5220218,4008.750795,7.32E+02,,,,2024
,PSEMEN,New,7/12/2024,mature,20,2,,7/12/2024,0.00639,-0.00119,0.00771,0.00214,,,,,198.5981308,558.7289902,76.3016158,,,23,0.99756,17.782,2.3,0.00000639,0.00000771,0.00000214,,40.8986,4.09E-05,19.11149533,0.052324529,0.007606551,7.61E-09,0.281336448,281.3364485,5376.760221,7.32E+02,,,,2024
,PSEMEN,New,7/12/2024,mature,20,2,,7/12/2024,0.01888,-0.00227,0.01973,0.00757,,,,,149.4055482,532.8847866,93.00986842,,,23,0.99756,35.446,2.3,0.00001888,0.00001973,0.00000757,,81.5258,8.15E-05,10.76959049,0.092854041,0.021224083,2.12E-08,0.356670295,356.6702949,3841.193015,5.73E+02,,,,2024
,PSEMEN,New,7/12/2024,mature,20,2,,7/12/2024,0.02135,-0.00262,0.02257,0.00844,,,,,152.9620853,536.7090712,91.36588818,,,23,0.99756,37.838,2.3,0.00002135,0.00002257,0.00000844,,87.0274,8.70E-05,10.31130332,0.096980951,0.024053961,2.41E-08,0.350877763,350.8777631,3618.007042,5.87E+02,,,,2024
,PSEMEN,New,7/12/2024,mature,20,2,,7/12/2024,0.01322,-0.0023,0.01408,0.00524,,,,,152.2900763,512.3792891,90.27149321,,,23,0.99756,27.853,2.3,0.00001322,0.00001408,0.00000524,,64.0619,6.41E-05,12.22555344,0.081795888,0.015574363,1.56E-08,0.336450364,336.4503645,4113.291909,5.68E+02,,,,2024
,PSEMEN,New,7/12/2024,mature,20,2,,7/12/2024,0.01898,-0.00289,0.02012,0.00652,,,,,191.1042945,567.7417003,91.61764706,,,23,0.99756,42.682,2.3,0.00001898,0.00002012,0.00000652,,98.1686,9.82E-05,15.05653374,0.066416349,0.021946605,2.19E-08,0.297084672,297.0846724,4473.065395,6.20E+02,,,,2024
,PSEMEN,New,7/12/2024,mature,20,2,,7/12/2024,0.01854,-0.00261,0.01937,0.00651,,,,,184.7926267,566.8084866,93.54587869,,,23,0.99756,35.327,2.3,0.00001854,0.00001937,0.00000651,,81.2521,8.13E-05,12.48112135,0.080121006,0.021224083,2.12E-08,0.30672703,306.7270303,3828.297287,6.06E+02,,,,2024
,PSEMEN,New,7/12/2024,mature,20,2,,7/12/2024,0.014,-0.00307,0.01468,0.00533,,,,,162.6641651,506.1355066,92.72727273,,,23,0.99756,33.979,2.3,0.000014,0.00001468,0.00000533,,78.1517,7.82E-05,14.66260788,0.068200692,0.017129792,1.71E-08,0.311153808,311.1538084,4562.326283,5.46E+02,,,,2024
,PSEMEN,New,7/12/2024,mature,20,2,,7/12/2024,0.01625,-0.0032,0.01726,0.0063,,,,,157.9365079,509.7832268,90.78467153,,,23,0.99756,32.214,2.3,0.00001625,0.00001726,0.0000063,,74.0922,7.41E-05,11.76066667,0.085029193,0.019518128,1.95E-08,0.322776848,322.7768484,3796.070922,5.62E+02,,,,2024
,PSEMEN,New,7/12/2024,mature,20,2,,7/12/2024,0.0162,-0.00265,0.01702,0.00623,,,,,160.0321027,527.0670332,92.40037071,,,23,0.99756,29.307,2.3,0.0000162,0.00001702,0.00000623,,67.4061,6.74E-05,10.81959872,0.09242487,0.018916027,1.89E-08,0.329350347,329.3503468,3563.43859,5.70E+02,,,,2024
,PSEMEN,New,7/12/2024,mature,20,2,,7/12/2024,0.01648,-0.00234,0.01777,0.00651,,,,,153.1490015,527.9070629,88.54351687,,,23,0.99756,30.78,2.3,0.00001648,0.00001777,0.00000651,,70.794,0.000070794,10.87465438,0.091956946,0.018885922,1.89E-08,0.344701206,344.7012057,3748.506476,5.96E+02,,,,2024
,PSEMEN,New,7/12/2024,mature,20,2,,7/12/2024,0.01629,-0.00382,0.01721,0.00633,,,,,157.3459716,493.5481953,91.54411765,,,23,0.99756,29.565,2.3,0.00001629,0.00001721,0.00000633,,67.9995,6.80E-05,10.74241706,0.09308892,0.02018044,2.02E-08,0.313670064,313.6700639,3369.574647,5.39E+02,,,,2024
,PSEMEN,New,7/12/2024,mature,20,2,,7/12/2024,0.01296,-0.00191,0.01395,0.00516,,,,,151.1627907,522.7146313,88.73720137,,,23,0.99756,23.267,2.3,0.00001296,0.00001395,0.00000516,,53.5141,5.35E-05,10.37094961,0.096423186,0.014922086,1.49E-08,0.34579616,345.7961599,3586.234551,5.89E+02,,,,2024
,PSEMEN,Old,7/12/2024,mature,20,2,,7/12/2024,0.00743,-0.001,0.00781,0.00321,,,,,131.4641745,498.8456805,91.73913043,,,23,0.99756,16.538,2.3,0.00000743,0.00000781,0.00000321,,38.0374,3.80E-05,11.84965732,0.084390626,0.008459528,8.46E-09,0.379453786,379.4537864,4496.397338,5.44E+02,,,,2024
,PSEMEN,Old,7/12/2024,mature,20,2,,7/12/2024,0.00991,-0.00107,0.01037,0.00451,,,,,119.7339246,490.0848573,92.15017065,,,23,0.99756,15.986,2.3,0.00000991,0.00001037,0.00000451,,36.7678,3.68E-05,8.152505543,0.122661677,0.01101846,1.10E-08,0.409313091,409.313091,3336.927243,5.32E+02,,,,2024
,PSEMEN,Old,7/12/2024,mature,20,2,,7/12/2024,0.01077,-0.00106,0.0115,0.0059,,,,,82.54237288,410.2296275,86.96428571,,,23,0.99756,23.371,2.3,0.00001077,0.0000115,0.0000059,,53.7533,5.38E-05,9.110728814,0.109760703,0.011871438,1.19E-08,0.496991201,496.9912013,4527.952057,4.72E+02,,,,2024
,PSEMEN,Old,7/12/2024,mature,20,2,,7/12/2024,0.01219,-0.00181,0.01296,0.00585,,,,,108.3760684,451.277671,89.17018284,,,23,0.99756,20.68,2.3,0.00001219,0.00001296,0.00000585,,47.564,0.000047564,8.130598291,0.122992179,0.014049039,1.40E-08,0.416398603,416.3986026,3385.569767,5.06E+02,,,,2024
,PSEMEN,Old,7/12/2024,mature,20,2,,7/12/2024,0.01981,-0.00201,0.02077,0.00811,,,,,144.2663379,534.3344111,92.41706161,,,23,0.99756,33.329,2.3,0.00001981,0.00002077,0.00000811,,76.6567,7.67E-05,9.452120838,0.105796362,0.02189643,2.19E-08,0.370380012,370.3800116,3500.876626,5.78E+02,,,,2024
,PSEMEN,Old,7/12/2024,mature,20,2,,7/12/2024,0.02026,-0.00267,0.0212,0.0083,,,,,144.0963855,519.7672346,92.71317829,,,23,0.99756,32.842,2.3,0.00002026,0.0000212,0.0000083,,75.5366,7.55E-05,9.100795181,0.109880508,0.023010318,2.30E-08,0.360707748,360.7077477,3282.727332,5.61E+02,,,,2024
,PSEMEN,Old,7/12/2024,mature,20,2,,7/12/2024,0.01539,-0.0019,0.01536,0.00655,,,,,134.9618321,509.4924669,100.3405221,,,23,0.99756,28.994,2.3,0.00001539,0.00001536,0.00000655,,66.6862,6.67E-05,10.18109924,0.098221221,0.017350563,1.74E-08,0.377509374,377.5093737,3843.460396,5.08E+02,,,,2024
,PSEMEN,Old,7/12/2024,mature,20,2,,7/12/2024,0.01097,-0.00137,0.01148,0.00502,,,,,118.5258964,480.4896957,92.10526316,,,23,0.99756,20.504,2.3,0.00001097,0.00001148,0.00000502,,47.1592,4.72E-05,9.394262948,0.106447947,0.012383224,1.24E-08,0.405387161,405.3871614,3808.31359,5.22E+02,,,,2024
,PSEMEN,Old,7/12/2024,mature,20,2,,7/12/2024,0.01173,-0.00116,0.01218,0.00525,,,,,123.4285714,500.9586245,93.50649351,,,23,0.99756,20.475,2.3,0.00001173,0.00001218,0.00000525,,47.0925,4.71E-05,8.97,0.11148272,0.01293515,1.29E-08,0.405870811,405.8708108,3640.661173,5.36E+02,,,,2024
,PSEMEN,Old,7/12/2024,mature,20,2,,7/12/2024,0.01824,-0.00207,0.01906,0.00839,,,,,117.4016687,483.290892,92.31490159,,,23,0.99756,29.452,2.3,0.00001824,0.00001906,0.00000839,,67.7396,6.77E-05,8.073849821,0.123856651,0.020381141,2.04E-08,0.411655072,411.6550717,3323.641227,5.24E+02,,,,2024
,PSEMEN,Old,7/12/2024,mature,20,2,,7/12/2024,0.01436,-0.00071,0.01518,0.00681,,,,,110.866373,499.2461713,90.20310633,,,23,0.99756,20.028,2.3,0.00001436,0.00001518,0.00000681,,46.0644,4.61E-05,6.764229075,0.147836507,0.015122786,1.51E-08,0.450313838,450.3138377,3046.025954,5.53E+02,,,,2024
,PSEMEN,Old,7/12/2024,mature,20,2,,7/12/2024,0.01607,-0.00182,0.01715,0.00748,,,,,114.8395722,478.4795602,88.83143744,,,23,0.99756,23.113,2.3,0.00001607,0.00001715,0.00000748,,53.1599,5.32E-05,7.106938503,0.140707563,0.017952664,1.80E-08,0.416651251,416.6512512,2961.114819,5.39E+02,,,,2024
,PSEMEN,New,7/22/2024,mature,20,2,,7/22/2024,0.01231,-0.0019,0.01279,0.00469,,,,,162.4733475,534.1071579,94.07407407,,,25,0.99707,28.375,2.3,0.00001231,0.00001279,0.00000469,,65.2625,6.53E-05,13.9152452,0.071863628,0.01426679,1.43E-08,0.328735468,328.735468,4574.434643,5.68E+02,,,,2024
,PSEMEN,New,7/22/2024,mature,20,2,,7/22/2024,0.01616,-0.00255,0.01714,0.0059,,,,,173.8983051,546.1862783,91.28113879,,,25,0.99707,38.771,2.3,0.00001616,0.00001714,0.0000059,,89.1733,8.92E-05,15.11411864,0.066163302,0.018784775,1.88E-08,0.314084152,314.0841516,4747.105132,5.98E+02,,,,2024
,PSEMEN,New,7/22/2024,mature,20,2,,7/22/2024,0.01595,-0.00206,0.01677,0.00582,,,,,174.0549828,560.2256388,92.51141553,,,25,0.99707,34.314,2.3,0.00001595,0.00001677,0.00000582,,78.9222,7.89E-05,13.56051546,0.073743509,0.018081977,1.81E-08,0.321867458,321.8674584,4364.688646,6.06E+02,,,,2024
,PSEMEN,New,7/22/2024,mature,20,2,,7/22/2024,0.01391,-0.00211,0.01489,0.00498,,,,,179.3172691,555.2101467,90.11099899,,,25,0.99707,33.27,2.3,0.00001391,0.00001489,0.00000498,,76.521,0.000076521,15.36566265,0.065080174,0.016084024,1.61E-08,0.309624009,309.6240091,4757.578073,6.16E+02,,,,2024
,PSEMEN,New,7/22/2024,mature,20,2,,7/22/2024,0.01779,-0.00364,0.01881,0.00682,,,,,160.8504399,509.8626113,91.49291076,,,25,0.99707,42.826,2.3,0.00001779,0.00001881,0.00000682,,98.4998,9.85E-05,14.44278592,0.069238719,0.021515645,2.15E-08,0.316978643,316.9786434,4578.054689,5.57E+02,,,,2024
,PSEMEN,New,7/22/2024,mature,20,2,,7/22/2024,0.01238,-0.00262,0.01318,0.00474,,,,,161.1814346,507.3074854,90.52132701,,,25,0.99707,33.857,2.3,0.00001238,0.00001318,0.00000474,,77.8711,7.79E-05,16.42850211,0.060869822,0.015059948,1.51E-08,0.314742131,314.7421313,5170.741768,5.60E+02,,,,2024
,PSEMEN,New,7/22/2024,mature,20,2,,7/22/2024,0.01158,-0.00177,0.01229,0.00423,,,,,173.7588652,548.3683245,91.191067,,,25,0.99707,25.795,2.3,0.00001158,0.00001229,0.00000423,,59.3285,5.93E-05,14.02565012,0.071297943,0.013403353,1.34E-08,0.315592665,315.5926647,4426.392296,6.01E+02,,,,2024
,PSEMEN,New,7/22/2024,mature,20,2,,7/22/2024,0.01595,-0.00221,0.01683,0.0062,,,,,157.2580645,534.7564253,91.7215428,,,25,0.99707,35.154,2.3,0.00001595,0.00001683,0.0000062,,80.8542,8.09E-05,13.041,0.076681236,0.018232577,1.82E-08,0.340050677,340.0506772,4434.600881,5.83E+02,,,,2024
,PSEMEN,New,7/22/2024,mature,20,2,,7/22/2024,0.01768,-0.00203,0.02193,0.00637,,,,,177.5510204,571.535414,72.68637532,,,25,0.99707,33.113,2.3,0.00001768,0.00002193,0.00000637,,76.1599,7.62E-05,11.95602826,0.083639816,0.019788771,1.98E-08,0.321899726,321.8997259,3848.642218,7.86E+02,,,,2024
,PSEMEN,New,7/22/2024,mature,20,2,,7/22/2024,0.0131,-0.00325,0.01377,0.00528,,,,,148.1060606,476.3848361,92.10836278,,,25,0.99707,29.078,2.3,0.0000131,0.00001377,0.00000528,,66.8794,6.69E-05,12.66655303,0.078948077,0.016415343,1.64E-08,0.321650303,321.6503026,4074.200615,5.17E+02,,,,2024
,PSEMEN,New,7/22/2024,mature,20,2,,7/22/2024,0.01499,-0.00312,0.01602,0.0061,,,,,145.7377049,488.9343541,89.61693548,,,25,0.99707,30.724,2.3,0.00001499,0.00001602,0.0000061,,70.6652,7.07E-05,11.58445902,0.086322546,0.018182377,1.82E-08,0.335489694,335.489694,3886.46661,5.46E+02,,,,2024
,PSEMEN,New,7/22/2024,mature,20,2,,7/22/2024,0.0135,-0.0029,0.01401,0.00537,,,,,151.396648,493.7596793,94.09722222,,,25,0.99707,27.031,2.3,0.0000135,0.00001401,0.00000537,,62.1713,6.22E-05,11.57752328,0.08637426,0.016465543,1.65E-08,0.326135622,326.1356216,3775.84275,5.25E+02,,,,2024
,PSEMEN,Old,7/22/2024,mature,20,2,,7/22/2024,0.01647,-0.00166,0.02079,0.00753,,,,,118.7250996,491.1413267,67.42081448,,,25,0.99707,35.461,2.3,0.00001647,0.00002079,0.00000753,,81.5603,8.16E-05,10.83138114,0.092324329,0.018202457,1.82E-08,0.413680425,413.6804249,4480.730353,7.28E+02,,,,2024
,PSEMEN,Old,7/22/2024,mature,20,2,,7/22/2024,0.00825,-0.00064,0.00878,0.00372,,,,,121.7741935,507.532886,89.5256917,,,25,0.99707,22.382,2.3,0.00000825,0.00000878,0.00000372,,51.4786,5.15E-05,13.83833333,0.072263037,0.008925529,8.93E-09,0.416782022,416.7820224,5767.568553,5.67E+02,,,,2024
,PSEMEN,Old,7/22/2024,mature,20,2,,7/22/2024,0.00832,-0.00082,0.00885,0.00377,,,,,120.6896552,495.8301231,89.56692913,,,25,0.99707,22.65,2.3,0.00000832,0.00000885,0.00000377,,52.095,0.000052095,13.81830239,0.07236779,0.009176528,9.18E-09,0.41083076,410.8307603,5676.983676,5.54E+02,,,,2024
,PSEMEN,Old,7/22/2024,mature,20,2,,7/22/2024,0.01235,-0.00215,0.01311,0.00545,,,,,126.6055046,473.9694599,90.07832898,,,25,0.99707,25.525,2.3,0.00001235,0.00001311,0.00000545,,58.7075,5.87E-05,10.77201835,0.092833113,0.014557949,1.46E-08,0.374365914,374.3659135,4032.676489,5.26E+02,,,,2024
,PSEMEN,Old,7/22/2024,mature,20,2,,7/22/2024,0.01304,-0.00221,0.01424,0.00599,,,,,117.6961603,460.4562762,85.45454545,,,25,0.99707,34.1,2.3,0.00001304,0.00001424,0.00000599,,78.43,0.00007843,13.09348915,0.076373837,0.015310947,1.53E-08,0.391223359,391.2233589,5122.478805,5.39E+02,,,,2024
,PSEMEN,Old,7/22/2024,mature,20,2,,7/22/2024,0.01406,-0.00249,0.01493,0.0063,,,,,123.1746032,467.0169294,89.9188876,,,25,0.99707,34.204,2.3,0.00001406,0.00001493,0.0000063,,78.6692,7.87E-05,12.4871746,0.080082167,0.016616142,1.66E-08,0.37914938,379.14938,4734.504508,5.19E+02,,,,2024
,PSEMEN,Old,7/22/2024,mature,20,2,,7/22/2024,0.01064,-0.00103,0.01116,0.00446,,,,,138.5650224,527.4567707,92.23880597,,,25,0.99707,22.345,2.3,0.00001064,0.00001116,0.00000446,,51.3935,5.14E-05,11.52320628,0.086781402,0.011716639,1.17E-08,0.38065523,380.6552302,4386.368739,5.72E+02,,,,2024
,PSEMEN,Old,7/22/2024,mature,20,2,,7/22/2024,0.01653,-0.00179,0.01772,0.00743,,,,,122.4764468,494.7480591,88.43537415,,,25,0.99707,31.744,2.3,0.00001653,0.00001772,0.00000743,,73.0112,7.30E-05,9.82654105,0.101765209,0.018393216,1.84E-08,0.403953284,403.953284,3969.463528,5.59E+02,,,,2024
,PSEMEN,Old,7/22/2024,mature,20,2,,7/22/2024,0.01581,-0.00131,0.01694,0.007,,,,,125.8571429,512.5549789,88.63179074,,,25,0.99707,29.98,2.3,0.00001581,0.00001694,0.000007,,68.954,0.000068954,9.850571429,0.101516953,0.01718842,1.72E-08,0.407250924,407.2509241,4011.654317,5.78E+02,,,,2024
,PSEMEN,Old,7/22/2024,mature,20,2,,7/22/2024,0.00983,-0.0013,0.01063,0.00471,,,,,108.7048832,458.1860486,86.48648649,,,25,0.99707,22.083,2.3,0.00000983,0.00001063,0.00000471,,50.7909,5.08E-05,10.78363057,0.092733147,0.011174481,1.12E-08,0.421496082,421.4960816,4545.258032,5.30E+02,,,,2024
,PSEMEN,Old,7/22/2024,mature,20,2,,7/22/2024,0.01159,-0.00101,0.01244,0.00576,,,,,101.2152778,460.8549927,87.2754491,,,25,0.99707,26.556,2.3,0.00001159,0.00001244,0.00000576,,61.0788,6.11E-05,10.60395833,0.094304407,0.012650356,1.27E-08,0.455323156,455.3231556,4828.22777,5.28E+02,,,,2024
,PSEMEN,Old,7/22/2024,mature,20,2,,7/22/2024,0.0118,-0.00132,0.0129,0.00543,,,,,117.3112339,483.5868938,85.27443106,,,25,0.99707,26.746,2.3,0.0000118,0.0000129,0.00000543,,61.5158,6.15E-05,11.32887661,0.088270005,0.013172434,1.32E-08,0.412224494,412.2244937,4670.040426,5.67E+02,,,,2024
,PSEMEN,New,7/29/2024,mature,20,2,,7/29/2024,0.01551,-0.00128,0.01637,0.00596,,,,,160.2348993,566.7992166,91.73871278,,,23.5,0.99755,28.255,2.3,0.00001551,0.00001637,0.00000596,,64.9865,6.50E-05,10.90377517,0.091711355,0.01684898,1.68E-08,0.353730606,353.7306057,3856.998995,6.18E+02,,,,2024
,PSEMEN,New,7/29/2024,mature,20,2,,7/29/2024,0.01151,-0.00096,0.01234,0.0044,,,,,161.5909091,568.1727373,89.5465995,,,23.5,0.99755,21.682,2.3,0.00001151,0.00001234,0.0000044,,49.8686,4.99E-05,11.33377273,0.088231873,0.012513805,1.25E-08,0.351611683,351.6116832,3985.086906,6.34E+02,,,,2024
,PSEMEN,New,7/29/2024,mature,20,2,,7/29/2024,0.01182,-0.00165,0.013,0.00466,,,,,153.6480687,529.6915804,85.85131894,,,23.5,0.99755,22.091,2.3,0.00001182,0.000013,0.00000466,,50.8093,5.08E-05,10.90328326,0.091715493,0.013517318,1.35E-08,0.344742951,344.7429512,3758.83005,6.17E+02,,,,2024
,PSEMEN,New,7/29/2024,mature,20,2,,7/29/2024,0.01252,-0.00168,0.0137,0.00482,,,,,159.7510373,540.3546691,86.71171171,,,23.5,0.99755,26.603,2.3,0.00001252,0.0000137,0.00000482,,61.1869,6.12E-05,12.69437759,0.078775032,0.014249882,1.42E-08,0.338248413,338.2484133,4293.853079,6.23E+02,,,,2024
,PSEMEN,New,7/29/2024,mature,20,2,,7/29/2024,0.01303,-0.00263,0.01375,0.00515,,,,,153.0097087,501.4317531,91.62790698,,,23.5,0.99755,29.871,2.3,0.00001303,0.00001375,0.00000515,,68.7033,6.87E-05,13.3404466,0.074960009,0.015715011,1.57E-08,0.327712152,327.7121517,4371.826461,5.47E+02,,,,2024
,PSEMEN,New,7/29/2024,mature,20,2,,7/29/2024,0.01266,-0.00276,0.01346,0.00502,,,,,152.1912351,493.7250391,90.52132701,,,23.5,0.99755,30.724,2.3,0.00001266,0.00001346,0.00000502,,70.6652,7.07E-05,14.07673307,0.07103921,0.015474168,1.55E-08,0.324411632,324.4116319,4566.655947,5.45E+02,,,,2024
,PSEMEN,New,7/29/2024,mature,20,2,,7/29/2024,0.01293,-0.00246,0.01374,0.00462,,,,,179.8701299,538.0695541,91.11842105,,,23.5,0.99755,25.317,2.3,0.00001293,0.00001374,0.00000462,,58.2291,5.82E-05,12.6037013,0.079341772,0.015444062,1.54E-08,0.299144092,299.1440919,3770.322779,5.91E+02,,,,2024
,PSEMEN,New,7/29/2024,mature,20,2,,7/29/2024,0.01262,-0.00165,0.01358,0.00467,,,,,170.235546,555.163721,89.22558923,,,23.5,0.99755,30.273,2.3,0.00001262,0.00001358,0.00000467,,69.6279,6.96E-05,14.90961456,0.067070815,0.014320128,1.43E-08,0.326114404,326.1144042,4862.240069,6.22E+02,,,,2024
,PSEMEN,New,7/29/2024,mature,20,2,,7/29/2024,0.0138,-0.00187,0.01459,0.0052,,,,,165.3846154,546.899841,91.58679446,,,23.5,0.99755,28.441,2.3,0.0000138,0.00001459,0.0000052,,65.4143,6.54E-05,12.57967308,0.079493322,0.015725046,1.57E-08,0.330682659,330.6826592,4159.879745,5.97E+02,,,,2024
,PSEMEN,New,7/29/2024,mature,20,2,,7/29/2024,0.01623,-0.00236,0.01706,0.00622,,,,,160.9324759,536.5767369,92.34317343,,,23.5,0.99755,32.893,2.3,0.00001623,0.00001706,0.00000622,,75.6539,7.57E-05,12.16300643,0.082216515,0.018655303,1.87E-08,0.333417253,333.417253,4055.356193,5.81E+02,,,,2024
,PSEMEN,New,7/29/2024,mature,20,2,,7/29/2024,0.01406,-0.00178,0.01525,0.00547,,,,,157.0383912,540.4011173,87.83231084,,,23.5,0.99755,26.002,2.3,0.00001406,0.00001525,0.00000547,,59.8046,5.98E-05,10.93319927,0.091464536,0.015895643,1.59E-08,0.344119453,344.1194525,3762.326547,6.15E+02,,,,2024
,PSEMEN,New,7/29/2024,mature,20,2,,7/29/2024,0.01516,-0.00233,0.01613,0.00587,,,,,158.2623509,529.3025058,90.54580897,,,23.5,0.99755,28.273,2.3,0.00001516,0.00001613,0.00000587,,65.0279,6.50E-05,11.07800681,0.090268946,0.017551439,1.76E-08,0.334445507,334.445507,3704.989606,5.85E+02,,,,2024
,PSEMEN,Old,7/29/2024,mature,20,2,,7/29/2024,0.01097,-0.00125,0.01168,0.00433,,,,,153.3487298,541.4706146,90.34013605,,,23.5,0.99755,22.809,2.3,0.00001097,0.00001168,0.00000433,,52.4607,5.25E-05,12.1156351,0.082537976,0.012262927,1.23E-08,0.353096786,353.0967861,4277.991817,5.99E+02,,,,2024
,PSEMEN,Old,7/29/2024,mature,20,2,,7/29/2024,0.01326,-0.00125,0.01416,0.00581,,,,,128.2271945,511.640684,89.22155689,,,23.5,0.99755,24.702,2.3,0.00001326,0.00001416,0.00000581,,56.8146,5.68E-05,9.778760757,0.102262447,0.014560971,1.46E-08,0.39901185,399.0118504,3901.841424,5.73E+02,,,,2024
,PSEMEN,Old,7/29/2024,mature,20,2,,7/29/2024,0.01137,-0.00096,0.01204,0.00507,,,,,124.260355,509.1608544,90.38737446,,,23.5,0.99755,21.708,2.3,0.00001137,0.00001204,0.00000507,,49.9284,4.99E-05,9.847810651,0.101545413,0.012373313,1.24E-08,0.409752825,409.7528255,4035.168239,5.63E+02,,,,2024
,PSEMEN,Old,7/29/2024,mature,20,2,,7/29/2024,0.01156,-0.00124,0.01228,0.00529,,,,,118.5255198,488.1276762,89.69957082,,,23.5,0.99755,25.048,2.3,0.00001156,0.00001228,0.00000529,,57.6104,5.76E-05,10.89043478,0.091823698,0.012844964,1.28E-08,0.411834549,411.8345486,4485.057293,5.44E+02,,,,2024
,PSEMEN,Old,7/29/2024,mature,20,2,,7/29/2024,0.01001,-0.00137,0.01068,0.00488,,,,,105.1229508,449.2119089,88.44827586,,,23.5,0.99755,23.649,2.3,0.00001001,0.00001068,0.00000488,,54.3927,5.44E-05,11.14604508,0.089717922,0.011419976,1.14E-08,0.427321392,427.3213917,4762.943496,5.08E+02,,,,2024
,PSEMEN,Old,7/29/2024,mature,20,2,,7/29/2024,0.01189,-0.00177,0.01275,0.00553,,,,,115.0090416,463.9626496,88.08864266,,,23.5,0.99755,26.516,2.3,0.00001189,0.00001275,0.00000553,,60.9868,6.10E-05,11.02835443,0.090675359,0.013707985,1.37E-08,0.403414502,403.4145019,4448.99811,5.27E+02,,,,2024
,PSEMEN,Old,7/29/2024,mature,20,2,,7/29/2024,0.01314,-0.00169,0.01404,0.00563,,,,,133.39254,504.6330827,89.29845422,,,23.5,0.99755,26.792,2.3,0.00001314,0.00001404,0.00000563,,61.6216,6.16E-05,10.94522202,0.091364067,0.014882095,1.49E-08,0.378306948,378.3069483,4140.653543,5.65E+02,,,,2024
,PSEMEN,Old,7/29/2024,mature,20,2,,7/29/2024,0.01356,-0.00098,0.01435,0.0058,,,,,133.7931034,531.8310477,90.76023392,,,23.5,0.99755,28.353,2.3,0.00001356,0.00001435,0.0000058,,65.2119,6.52E-05,11.24343103,0.088940822,0.014591076,1.46E-08,0.397503229,397.5032293,4469.300145,5.86E+02,,,,2024
,PSEMEN,Old,7/29/2024,mature,20,2,,7/29/2024,0.01077,-0.00098,0.01143,0.00465,,,,,131.6129032,519.0267401,90.26548673,,,23.5,0.99755,24.257,2.3,0.00001077,0.00001143,0.00000465,,55.7911,5.58E-05,11.99808602,0.083346627,0.011791276,1.18E-08,0.394359367,394.3593667,4731.557605,5.75E+02,,,,2024
,PSEMEN,Old,7/29/2024,mature,20,2,,7/29/2024,0.01196,-0.00106,0.01293,0.00524,,,,,128.2442748,514.3237637,87.38621586,,,23.5,0.99755,25.591,2.3,0.00001196,0.00001293,0.00000524,,58.8593,5.89E-05,11.23269084,0.089025863,0.013065737,1.31E-08,0.401048944,401.0489438,4504.858798,5.89E+02,,,,2024
,PSEMEN,Old,7/29/2024,mature,20,2,,7/29/2024,0.01298,-0.00137,0.01381,0.00577,,,,,124.9566724,500.6805367,89.67661692,,,23.5,0.99755,24.801,2.3,0.00001298,0.00001381,0.00000577,,57.0423,5.70E-05,9.886013865,0.101153004,0.014400409,1.44E-08,0.400683064,400.6830641,3961.158327,5.58E+02,,,,2024
,PSEMEN,Old,7/29/2024,mature,20,2,,7/29/2024,0.01559,-0.00155,0.01639,0.00698,,,,,123.3524355,500.5755747,91.49840595,,,23.5,0.99755,29.659,2.3,0.00001559,0.00001639,0.00000698,,68.2157,6.82E-05,9.773022923,0.102322486,0.01720021,1.72E-08,0.405809004,405.8090044,3965.980702,5.47E+02,,,,2024
,PSEMEN,New,8/7/2024,mature,20,2,,8/7/2024,0.01318,-0.00434,0.01393,0.00507,,,,,159.9605523,461.2803231,91.53498871,,,23.5,0.99755,24.71,2.3,0.00001318,0.00001393,0.00000507,,56.833,0.000056833,11.20966469,0.089208734,0.017581545,1.76E-08,0.288370567,288.3705672,3232.537366,5.04E+02,,,,2024
,PSEMEN,New,8/7/2024,mature,20,2,,8/7/2024,0.02217,-0.00241,0.02329,0.00866,,,,,156.0046189,547.7108444,92.34449761,,,23.5,0.99755,37.143,2.3,0.00002217,0.00002329,0.00000866,,85.4289,8.54E-05,9.864769053,0.101370848,0.024666345,2.47E-08,0.351085657,351.0856572,3463.378926,5.93E+02,,,,2024
,PSEMEN,New,8/7/2024,mature,20,2,,8/7/2024,0.02023,-0.00209,0.0212,0.00793,,,,,155.1071879,549.1463676,92.69027882,,,23.5,0.99755,34.947,2.3,0.00002023,0.0000212,0.00000793,,80.3781,8.04E-05,10.13595208,0.098658714,0.022398406,2.24E-08,0.354043048,354.0430482,3588.563371,5.92E+02,,,,2024
,PSEMEN,New,8/7/2024,mature,20,2,,8/7/2024,0.01513,-0.00211,0.01597,0.00612,,,,,147.2222222,520.7911864,91.47208122,,,23.5,0.99755,30.456,2.3,0.00001513,0.00001597,0.00000612,,70.0488,7.00E-05,11.44588235,0.087367664,0.017300561,1.73E-08,0.353745753,353.7457533,4048.932275,5.69E+02,,,,2024
,PSEMEN,New,8/7/2024,mature,20,2,,8/7/2024,0.01333,-0.00167,0.01396,0.00524,,,,,154.389313,537.4451095,92.77522936,,,23.5,0.99755,25.972,2.3,0.00001333,0.00001396,0.00000524,,59.7356,5.97E-05,11.39992366,0.087719886,0.015052692,1.51E-08,0.348110483,348.1104832,3968.432936,5.79E+02,,,,2024
,PSEMEN,New,8/7/2024,mature,20,2,,8/7/2024,0.01512,-0.00259,0.01565,0.0059,,,,,156.2711864,518.7877696,94.56410256,,,23.5,0.99755,29.155,2.3,0.00001512,0.00001565,0.0000059,,67.0565,6.71E-05,11.36550847,0.087985505,0.017772212,1.78E-08,0.331978933,331.9789329,3773.109375,5.49E+02,,,,2024
,PSEMEN,New,8/7/2024,mature,20,2,,8/7/2024,0.01239,-0.00166,0.01303,0.0047,,,,,163.6170213,545.41328,92.31692677,,,23.5,0.99755,24.651,2.3,0.00001239,0.00001303,0.0000047,,56.6973,5.67E-05,12.06325532,0.082896364,0.014099355,1.41E-08,0.333348579,333.3485788,4021.269016,5.91E+02,,,,2024
,PSEMEN,New,8/7/2024,mature,20,2,,8/7/2024,0.01541,-0.00266,0.01596,0.00628,,,,,145.3821656,503.4880194,94.31818182,,,23.5,0.99755,35.333,2.3,0.00001541,0.00001596,0.00000628,,81.2659,8.13E-05,12.94042994,0.077277185,0.018133477,1.81E-08,0.346320792,346.3207915,4481.539938,5.34E+02,,,,2024
,PSEMEN,New,8/7/2024,mature,20,2,,8/7/2024,0.01409,-0.00279,0.01474,0.00564,,,,,149.822695,498.8399757,92.85714286,,,23.5,0.99755,27.959,2.3,0.00001409,0.00001474,0.00000564,,64.3057,6.43E-05,11.40171986,0.087706066,0.016939296,1.69E-08,0.332953616,332.953616,3796.243856,5.37E+02,,,,2024
,PSEMEN,New,8/7/2024,mature,20,2,,8/7/2024,0.01996,-0.00229,0.02077,0.00819,,,,,143.7118437,527.136088,93.56120827,,,23.5,0.99755,34.522,2.3,0.00001996,0.00002077,0.00000819,,79.4006,7.94E-05,9.694822955,0.103147835,0.02232816,2.23E-08,0.36680138,366.8013798,3556.074436,5.63E+02,,,,2024
,PSEMEN,New,8/7/2024,mature,20,2,,8/7/2024,0.01423,-0.00199,0.01488,0.00543,,,,,162.0626151,540.6401671,93.12169312,,,23.5,0.99755,26.011,2.3,0.00001423,0.00001488,0.00000543,,59.8253,5.98E-05,11.01755064,0.090764275,0.016276978,1.63E-08,0.333600009,333.6000092,3675.454996,5.81E+02,,,,2024
,PSEMEN,New,8/7/2024,mature,20,2,,8/7/2024,0.0123,-0.00222,0.01272,0.00471,,,,,161.1464968,520.8976735,94.75655431,,,23.5,0.99755,22.912,2.3,0.0000123,0.00001272,0.00000471,,52.6976,5.27E-05,11.18845011,0.089377884,0.014571006,1.46E-08,0.323244664,323.2446644,3616.6068,5.50E+02,,,,2024
,PSEMEN,Old,8/7/2024,mature,20,2,,8/7/2024,0.01475,-0.00259,0.01529,0.00672,,,,,119.4940476,461.4703837,93.69894982,,,23.5,0.99755,36.286,2.3,0.00001475,0.00001529,0.00000672,,83.4578,8.35E-05,12.41931548,0.080519736,0.017400912,1.74E-08,0.386186648,386.1866477,4796.173811,4.93E+02,,,,2024
,PSEMEN,Old,8/7/2024,mature,20,2,,8/7/2024,0.01477,-0.00156,0.01541,0.00592,,,,,149.4932432,540.0490621,93.25605901,,,23.5,0.99755,28.266,2.3,0.00001477,0.00001541,0.00000592,,65.0118,6.50E-05,10.98172297,0.091060392,0.016387364,1.64E-08,0.361253943,361.2539431,3967.190726,5.79E+02,,,,2024
,PSEMEN,Old,8/7/2024,mature,20,2,,8/7/2024,0.0128,-0.00099,0.01332,0.00588,,,,,117.6870748,500.0578102,93.01075269,,,23.5,0.99755,24.213,2.3,0.0000128,0.00001332,0.00000588,,55.6899,5.57E-05,9.471071429,0.105584675,0.013838442,1.38E-08,0.424903329,424.9033294,4024.289783,5.38E+02,,,,2024
,PSEMEN,Old,8/7/2024,mature,20,2,,8/7/2024,0.00913,-0.00091,0.00944,0.00413,,,,,121.0653753,496.2631386,94.16195857,,,23.5,0.99755,19.053,2.3,0.00000913,0.00000944,0.00000413,,43.8219,4.38E-05,10.61062954,0.094245115,0.010075269,1.01E-08,0.409914625,409.9146246,4349.452225,5.27E+02,,,,2024
,PSEMEN,Old,8/7/2024,mature,20,2,,8/7/2024,0.01029,-0.00111,0.01076,0.00425,,,,,142.1176471,527.972028,92.78033794,,,23.5,0.99755,21.998,2.3,0.00001029,0.00001076,0.00000425,,50.5954,5.06E-05,11.9048,0.083999731,0.011440046,1.14E-08,0.371501997,371.5019972,4422.656977,5.69E+02,,,,2024
,PSEMEN,Old,8/7/2024,mature,20,2,,8/7/2024,0.00937,-0.0017,0.00989,0.00411,,,,,127.9805353,473.4942254,91.00346021,,,23.5,0.99755,19.147,2.3,0.00000937,0.00000989,0.00000411,,44.0381,4.40E-05,10.71486618,0.093328277,0.011108887,1.11E-08,0.36997406,369.9740598,3964.222541,5.20E+02,,,,2024
,PSEMEN,Old,8/7/2024,mature,20,2,,8/7/2024,0.01663,-0.00203,0.01716,0.00717,,,,,131.9386332,505.1934528,94.69469469,,,23.5,0.99755,35.084,2.3,0.00001663,0.00001716,0.00000717,,80.6932,8.07E-05,11.25428173,0.088855071,0.018725549,1.87E-08,0.382899316,382.8993159,4309.256775,5.33E+02,,,,2024
,PSEMEN,Old,8/7/2024,mature,20,2,,8/7/2024,0.01362,-0.00151,0.01409,0.00641,,,,,112.4804992,474.8700858,93.88020833,,,23.5,0.99755,30.352,2.3,0.00001362,0.00001409,0.00000641,,69.8096,6.98E-05,10.89073323,0.091821182,0.015183149,1.52E-08,0.422178561,422.1785614,4597.834088,5.06E+02,,,,2024
,PSEMEN,Old,8/7/2024,mature,20,2,,8/7/2024,0.0132,-0.0018,0.0136,0.00607,,,,,117.4629325,473.6691756,94.68791501,,,23.5,0.99755,29.846,2.3,0.0000132,0.0000136,0.00000607,,68.6458,6.86E-05,11.30902801,0.088424929,0.015052692,1.51E-08,0.403250121,403.2501209,4560.36691,5.00E+02,,,,2024
,PSEMEN,Old,8/7/2024,mature,20,2,,8/7/2024,0.01596,-0.00173,0.01661,0.00729,,,,,118.9300412,488.3929225,93.02575107,,,23.5,0.99755,32.13,2.3,0.00001596,0.00001661,0.00000729,,73.899,0.000073899,10.13703704,0.098648155,0.017752142,1.78E-08,0.410654673,410.6546734,4162.821634,5.25E+02,,,,2024
,PSEMEN,Old,8/7/2024,mature,20,2,,8/7/2024,0.01242,-0.00089,0.01278,0.00556,,,,,123.381295,513.5960709,95.01385042,,,23.5,0.99755,22.685,2.3,0.00001242,0.00001278,0.00000556,,52.1755,5.22E-05,9.384082734,0.106563425,0.013356756,1.34E-08,0.416268751,416.2687514,3906.300402,5.41E+02,,,,2024
,PSEMEN,Old,8/7/2024,mature,20,2,,8/7/2024,0.01459,-0.0016,0.01501,0.0063,,,,,131.5873016,510.2511864,95.17795637,,,23.5,0.99755,27.347,2.3,0.00001459,0.00001501,0.0000063,,62.8981,6.29E-05,9.983825397,0.100162008,0.016246873,1.62E-08,0.387766936,387.7669359,3871.397383,5.36E+02,,,,2024
,PSEMEN,New,8/22/2024,mature,20,2,,8/22/2024,0.01825,-0.00139,0.01951,0.0071,,,,,157.0422535,565.8749492,89.84689766,,,22,0.9978,34.48,2.3,0.00001825,0.00001951,0.0000071,,79.304,0.000079304,11.16957746,0.089528901,0.019704048,1.97E-08,0.360332054,360.3320539,4024.756789,6.30E+02,,,,2024
,PSEMEN,New,8/22/2024,mature,20,2,,8/22/2024,0.01803,-0.0021,0.0191,0.00796,,,,,126.5075377,498.6234625,90.39497307,,,22,0.9978,36.924,2.3,0.00001803,0.0000191,0.00000796,,84.9252,8.49E-05,10.66899497,0.093729541,0.020195646,2.02E-08,0.394144368,394.1443676,4205.124277,5.52E+02,,,,2024
,PSEMEN,New,8/22/2024,mature,20,2,,8/22/2024,0.01831,-0.00207,0.01983,0.00819,,,,,123.5653236,494.950236,86.94158076,,,22,0.9978,36.174,2.3,0.00001831,0.00001983,0.00000819,,83.2002,8.32E-05,10.15875458,0.098437263,0.020446461,2.04E-08,0.400558317,400.5583173,4069.17364,5.69E+02,,,,2024
,PSEMEN,New,8/22/2024,mature,20,2,,8/22/2024,0.0119,-0.00217,0.01266,0.00483,,,,,146.3768116,500.8536473,90.29374202,,,22,0.9978,26.478,2.3,0.0000119,0.00001266,0.00000483,,60.8994,6.09E-05,12.60857143,0.079311126,0.014115884,1.41E-08,0.342167743,342.1677431,4314.246429,5.55E+02,,,,2024
,PSEMEN,New,8/22/2024,mature,20,2,,8/22/2024,0.01323,-0.0023,0.01393,0.00572,,,,,131.2937063,482.0096787,91.47381242,,,22,0.9978,30.141,2.3,0.00001323,0.00001393,0.00000572,,69.3243,6.93E-05,12.11963287,0.08251075,0.015580645,1.56E-08,0.367122164,367.1221643,4449.385848,5.27E+02,,,,2024
,PSEMEN,New,8/22/2024,mature,20,2,,8/22/2024,0.01302,-0.00218,0.01357,0.00552,,,,,135.8695652,491.8161788,93.16770186,,,22,0.9978,27.801,2.3,0.00001302,0.00001357,0.00000552,,63.9423,6.39E-05,11.58375,0.08632783,0.015249569,1.52E-08,0.361977455,361.9774545,4193.056339,5.28E+02,,,,2024
,PSEMEN,New,8/22/2024,mature,20,2,,8/22/2024,0.01839,-0.00309,0.01953,0.00751,,,,,144.873502,504.8723898,90.51580699,,,22,0.9978,41.218,2.3,0.00001839,0.00001953,0.00000751,,94.8014,9.48E-05,12.62335553,0.079218239,0.021550048,2.16E-08,0.3484911,348.4911005,4399.127059,5.58E+02,,,,2024
,PSEMEN,New,8/22/2024,mature,20,2,,8/22/2024,0.01268,-0.00198,0.01338,0.0048,,,,,164.1666667,535.7701356,91.84149184,,,22,0.9978,29.874,2.3,0.00001268,0.00001338,0.0000048,,68.7102,6.87E-05,14.314625,0.069858624,0.014707808,1.47E-08,0.326357276,326.3572756,4671.682016,5.83E+02,,,,2024
,PSEMEN,New,8/22/2024,mature,20,2,,8/22/2024,0.01148,-0.00166,0.01215,0.00418,,,,,174.6411483,553.7476579,91.59347553,,,22,0.9978,24.22,2.3,0.00001148,0.00001215,0.00000418,,55.706,0.000055706,13.32679426,0.0750368,0.013182851,1.32E-08,0.317078612,317.078612,4225.641426,6.05E+02,,,,2024
,PSEMEN,New,8/22/2024,mature,20,2,,8/22/2024,0.01496,-0.0017,0.01578,0.00585,,,,,155.7264957,545.0422692,91.74219537,,,22,0.9978,29.599,2.3,0.00001496,0.00001578,0.00000585,,68.0777,6.81E-05,11.63721368,0.085931223,0.01671433,1.67E-08,0.349999078,349.9990785,4073.014063,5.94E+02,,,,2024
,PSEMEN,New,8/22/2024,mature,20,2,,8/22/2024,0.01588,-0.00243,0.01695,0.00618,,,,,156.9579288,528.0434629,90.06499536,,,22,0.9978,35.104,2.3,0.00001588,0.00001695,0.00000618,,80.7392,8.07E-05,13.06459547,0.076542745,0.018369711,1.84E-08,0.336423374,336.4233745,4395.235294,5.86E+02,,,,2024
,PSEMEN,New,8/22/2024,mature,20,2,,8/22/2024,0.01354,-0.00168,0.01453,0.00521,,,,,159.8848369,545.5283701,89.3776824,,,22,0.9978,31.449,2.3,0.00001354,0.00001453,0.00000521,,72.3327,7.23E-05,13.8834357,0.07202828,0.015269634,1.53E-08,0.341200063,341.2000631,4737.029136,6.10E+02,,,,2024
,PSEMEN,Old,8/22/2024,mature,20,2,,8/22/2024,0.01652,-0.00184,0.01727,0.00746,,,,,121.4477212,491.8593478,92.35474006,,,22,0.9978,34.461,2.3,0.00001652,0.00001727,0.00000746,,79.2603,7.93E-05,10.62470509,0.094120259,0.018419874,1.84E-08,0.404997351,404.9973509,4302.977417,5.33E+02,,,,2024
,PSEMEN,Old,8/22/2024,mature,20,2,,8/22/2024,0.01991,-0.00219,0.02118,0.00947,,,,,110.2428722,470.8620293,89.15456874,,,22,0.9978,36.423,2.3,0.00001991,0.00002118,0.00000947,,83.7729,8.38E-05,8.846135164,0.113043717,0.02217207,2.22E-08,0.427113931,427.1139313,3778.307567,5.28E+02,,,,2024
,PSEMEN,Old,8/22/2024,mature,20,2,,8/22/2024,0.01711,-0.00172,0.01775,0.00814,,,,,110.1965602,474.8192299,93.34027055,,,22,0.9978,33.294,2.3,0.00001711,0.00001775,0.00000814,,76.5762,7.66E-05,9.407395577,0.106299346,0.018891406,1.89E-08,0.430883751,430.883751,4053.493893,5.09E+02,,,,2024
,PSEMEN,Old,8/22/2024,mature,20,2,,8/22/2024,0.01011,-0.0011,0.01073,0.00466,,,,,116.9527897,484.5908986,89.78583196,,,22,0.9978,24.238,2.3,0.00001011,0.00001073,0.00000466,,55.7474,5.57E-05,11.96296137,0.083591342,0.011246557,1.12E-08,0.414349039,414.3490391,4956.841549,5.40E+02,,,,2024
,PSEMEN,Old,8/22/2024,mature,20,2,,8/22/2024,0.01331,-0.0021,0.01399,0.00618,,,,,115.3721683,461.181219,91.29321383,,,22,0.9978,32.347,2.3,0.00001331,0.00001399,0.00000618,,74.3981,7.44E-05,12.03852751,0.083066637,0.015460253,1.55E-08,0.399734717,399.7347169,4812.217385,5.05E+02,,,,2024
,PSEMEN,Old,8/22/2024,mature,20,2,,8/22/2024,0.01477,-0.00188,0.01564,0.00733,,,,,101.5006821,445.3942997,89.53068592,,,22,0.9978,34.519,2.3,0.00001477,0.00001564,0.00000733,,79.3937,7.94E-05,10.83133697,0.092324706,0.016704297,1.67E-08,0.438809245,438.8092448,4752.890797,4.97E+02,,,,2024
,PSEMEN,Old,8/22/2024,mature,20,2,,8/22/2024,0.01434,-0.00145,0.01508,0.0067,,,,,114.0298507,482.2775621,91.16945107,,,22,0.9978,35.176,2.3,0.00001434,0.00001508,0.0000067,,80.9048,8.09E-05,12.07534328,0.082813381,0.015841493,1.58E-08,0.422939945,422.9399451,5107.145026,5.29E+02,,,,2024
,PSEMEN,Old,8/22/2024,mature,20,2,,8/22/2024,0.01521,-0.00196,0.01606,0.00656,,,,,131.8597561,502.1479159,91.05263158,,,22,0.9978,32.478,2.3,0.00001521,0.00001606,0.00000656,,74.6994,7.47E-05,11.38710366,0.087818644,0.017225993,1.72E-08,0.380819849,380.8198487,4336.435092,5.51E+02,,,,2024
,PSEMEN,Old,8/22/2024,mature,20,2,,8/22/2024,0.01023,-0.0012,0.01091,0.00475,,,,,115.3684211,477.8805822,88.96103896,,,22,0.9978,21.124,2.3,0.00001023,0.00001091,0.00000475,,48.5852,4.86E-05,10.22846316,0.097766398,0.011467274,1.15E-08,0.414222238,414.2222383,4236.856904,5.37E+02,,,,2024
,PSEMEN,Old,8/22/2024,mature,20,2,,8/22/2024,0.01434,-0.00178,0.01529,0.00623,,,,,130.176565,501.4654416,89.51434879,,,22,0.9978,27.687,2.3,0.00001434,0.00001529,0.00000623,,63.6801,6.37E-05,10.22152488,0.097832761,0.016172569,1.62E-08,0.38522019,385.22019,3937.537756,5.60E+02,,,,2024
,PSEMEN,Old,8/22/2024,mature,20,2,,8/22/2024,0.01244,-0.00151,0.01307,0.00546,,,,,127.8388278,498.7317352,91.72141919,,,22,0.9978,29.284,2.3,0.00001244,0.00001307,0.00000546,,67.3532,6.74E-05,12.33575092,0.081065191,0.013995492,1.40E-08,0.390125616,390.1256156,4812.49242,5.44E+02,,,,2024
,PSEMEN,Old,8/22/2024,mature,20,2,,8/22/2024,0.01377,-0.00219,0.01459,0.00598,,,,,130.2675585,486.5101174,90.47619048,,,22,0.9978,27.425,2.3,0.00001377,0.00001459,0.00000598,,63.0775,6.31E-05,10.54807692,0.094804011,0.016012047,1.60E-08,0.373468802,373.4688023,3939.377655,5.38E+02,,,,2024
,PSEMEN,New,9/1/2024,mature,20,2,,9/1/2024,0.01363,-0.00192,0.01469,0.00517,,,,,163.6363636,542.2833591,88.86554622,,,22,0.9978,31.791,2.3,0.00001363,0.00001469,0.00000517,,73.1193,7.31E-05,14.14299807,0.070706366,0.01560071,1.56E-08,0.331395176,331.3951755,4686.921326,6.10E+02,,,,2024
,PSEMEN,New,9/1/2024,mature,20,2,,9/1/2024,0.01326,-0.00233,0.01416,0.00487,,,,,172.2792608,536.4175746,90.31216362,,,22,0.9978,32.321,2.3,0.00001326,0.00001416,0.00000487,,74.3383,7.43E-05,15.26453799,0.065511318,0.01564084,1.56E-08,0.311364344,311.3643442,4752.83286,5.94E+02,,,,2024
,PSEMEN,New,9/1/2024,mature,20,2,,9/1/2024,0.01201,-0.00166,0.01283,0.00442,,,,,171.719457,553.4248173,90.24970273,,,22,0.9978,26.39,2.3,0.00001201,0.00001283,0.00000442,,60.697,0.000060697,13.73235294,0.072820732,0.013714579,1.37E-08,0.322284773,322.2847729,4425.728248,6.13E+02,,,,2024
,PSEMEN,New,9/1/2024,mature,20,2,,9/1/2024,0.01573,-0.00236,0.01649,0.00636,,,,,147.327044,516.2818888,92.49753208,,,22,0.9978,38.181,2.3,0.00001573,0.00001649,0.00000636,,87.8163,8.78E-05,13.80759434,0.072423912,0.018148993,1.81E-08,0.350432664,350.4326644,4838.632073,5.58E+02,,,,2024
,PSEMEN,New,9/1/2024,mature,20,2,,9/1/2024,0.01199,-0.00129,0.01253,0.00446,,,,,168.8340807,565.1752944,93.30855019,,,22,0.9978,27.099,2.3,0.00001199,0.00001253,0.00000446,,62.3277,6.23E-05,13.97482063,0.071557269,0.013323307,1.33E-08,0.334751719,334.7517188,4678.095225,6.06E+02,,,,2024
,PSEMEN,New,9/1/2024,mature,20,2,,9/1/2024,0.01398,-0.00117,0.01461,0.00539,,,,,159.3692022,565.1538877,93.1670282,,,22,0.9978,31.046,2.3,0.00001398,0.00001461,0.00000539,,71.4058,7.14E-05,13.24782931,0.075484064,0.015199405,1.52E-08,0.354619133,354.6191335,4697.933751,6.07E+02,,,,2024
,PSEMEN,New,9/1/2024,mature,20,2,,9/1/2024,0.00859,-0.00164,0.00906,0.00357,,,,,140.6162465,489.116667,91.43897996,,,22,0.9978,22.787,2.3,0.00000859,0.00000906,0.00000357,,52.4101,5.24E-05,14.68070028,0.068116642,0.010263361,1.03E-08,0.347839273,347.8392727,5106.524108,5.35E+02,,,,2024
,PSEMEN,New,9/1/2024,mature,20,2,,9/1/2024,0.01102,-0.00127,0.01163,0.00461,,,,,139.0455531,519.8660189,91.31054131,,,22,0.9978,22.321,2.3,0.00001102,0.00001163,0.00000461,,51.3383,5.13E-05,11.13629067,0.089796507,0.012330079,1.23E-08,0.373882445,373.8824453,4163.663588,5.69E+02,,,,2024
,PSEMEN,New,9/1/2024,mature,20,2,,9/1/2024,0.01376,-0.00178,0.0147,0.00565,,,,,143.539823,520.1819033,89.61325967,,,22,0.9978,26.454,2.3,0.00001376,0.0000147,0.00000565,,60.8442,6.08E-05,10.76888496,0.092860125,0.015590677,1.56E-08,0.362396058,362.3960583,3902.60146,5.80E+02,,,,2024
,PSEMEN,New,9/1/2024,mature,20,2,,9/1/2024,0.01753,-0.00202,0.01866,0.00704,,,,,149.0056818,534.8275194,90.27538726,,,22,0.9978,32.65,2.3,0.00001753,0.00001866,0.00000704,,75.095,0.000075095,10.66690341,0.093747919,0.019613754,1.96E-08,0.358931794,358.9317937,3828.690774,5.92E+02,,,,2024
,PSEMEN,New,9/1/2024,mature,20,2,,9/1/2024,0.01393,-0.00236,0.01527,0.00562,,,,,147.8647687,508.471465,86.11398964,,,22,0.9978,32.815,2.3,0.00001393,0.00001527,0.00000562,,75.4745,7.55E-05,13.42962633,0.074462236,0.016343123,1.63E-08,0.343875522,343.8755224,4618.119771,5.90E+02,,,,2024
,PSEMEN,New,9/1/2024,mature,20,2,,9/1/2024,0.01451,-0.00223,0.01554,0.0057,,,,,154.5614035,524.5733748,89.53252033,,,22,0.9978,29.914,2.3,0.00001451,0.00001554,0.0000057,,68.8022,6.88E-05,12.0705614,0.082846188,0.016794591,1.68E-08,0.339394995,339.3949953,4096.68813,5.86E+02,,,,2024
,PSEMEN,Old,9/1/2024,mature,20,2,,9/1/2024,0.0092,-0.00152,0.00961,0.00402,,,,,128.8557214,481.6364482,92.66547406,,,22,0.9978,23.495,2.3,0.0000092,0.00000961,0.00000402,,54.0385,5.40E-05,13.44241294,0.074391406,0.010754959,1.08E-08,0.373781067,373.7810672,5024.519452,5.20E+02,,,,2024
,PSEMEN,Old,9/1/2024,mature,20,2,,9/1/2024,0.01375,-0.00138,0.01428,0.00593,,,,,131.8718381,515.1752716,93.65269461,,,22,0.9978,26.449,2.3,0.00001375,0.00001428,0.00000593,,60.8327,6.08E-05,10.25846543,0.097480467,0.01517934,1.52E-08,0.390662565,390.662565,4007.598418,5.50E+02,,,,2024
,PSEMEN,Old,9/1/2024,mature,20,2,,9/1/2024,0.01828,-0.00259,0.01926,0.00783,,,,,133.4610473,499.0901753,91.42607174,,,22,0.9978,36.157,2.3,0.00001828,0.00001926,0.00000783,,83.1611,8.32E-05,10.62083014,0.094154599,0.020938059,2.09E-08,0.373960167,373.9601669,3971.767411,5.46E+02,,,,2024
,PSEMEN,Old,9/1/2024,mature,20,2,,9/1/2024,0.01166,-0.00154,0.01225,0.0051,,,,,128.627451,495.3560372,91.74825175,,,22,0.9978,27.301,2.3,0.00001166,0.00001225,0.0000051,,62.7923,6.28E-05,12.31221569,0.08122015,0.013243046,1.32E-08,0.385107766,385.1077662,4741.529879,5.40E+02,,,,2024
,PSEMEN,Old,9/1/2024,mature,20,2,,9/1/2024,0.01381,-0.00136,0.0147,0.00635,,,,,117.480315,490.1606492,89.34131737,,,22,0.9978,32.077,2.3,0.00001381,0.0000147,0.00000635,,73.7771,7.38E-05,11.61844094,0.086070068,0.015219471,1.52E-08,0.417228702,417.2287016,4847.547031,5.49E+02,,,,2024
,PSEMEN,Old,9/1/2024,mature,20,2,,9/1/2024,0.01429,-0.00172,0.01484,0.00613,,,,,133.1158238,508.0250526,93.68541906,,,22,0.9978,29.885,2.3,0.00001429,0.00001484,0.00000613,,68.7355,6.87E-05,11.212969,0.089182446,0.01606221,1.61E-08,0.381641131,381.6411312,4279.330176,5.42E+02,,,,2024
,PSEMEN,Old,9/1/2024,mature,20,2,,9/1/2024,0.01225,-0.00129,0.01298,0.00543,,,,,125.5985267,502.0538567,90.33112583,,,22,0.9978,24.628,2.3,0.00001225,0.00001298,0.00000543,,56.6444,5.66E-05,10.43174954,0.095861197,0.013584155,1.36E-08,0.399730417,399.7304175,4169.887598,5.56E+02,,,,2024
,PSEMEN,Old,9/1/2024,mature,20,2,,9/1/2024,0.01053,-0.00072,0.01089,0.00472,,,,,123.0932203,514.7651661,94.16531605,,,22,0.9978,24.036,2.3,0.00001053,0.00001089,0.00000472,,55.2828,5.53E-05,11.71245763,0.085379178,0.011286687,1.13E-08,0.418191795,418.1917954,4898.053684,5.47E+02,,,,2024
,PSEMEN,Old,9/1/2024,mature,20,2,,9/1/2024,0.01186,-0.00104,0.0127,0.00551,,,,,115.2450091,490.6468038,88.31710709,,,22,0.9978,20.563,2.3,0.00001186,0.0000127,0.00000551,,47.2949,4.73E-05,8.583466425,0.116503048,0.012942068,1.29E-08,0.425743396,425.7433964,3654.354148,5.56E+02,,,,2024
,PSEMEN,Old,9/1/2024,mature,20,2,,9/1/2024,0.01215,-0.00129,0.01298,0.00547,,,,,122.1206581,495.409306,88.94806924,,,22,0.9978,21.659,2.3,0.00001215,0.00001298,0.00000547,,49.8157,4.98E-05,9.107074954,0.10980474,0.013483829,1.35E-08,0.405671119,405.6711185,3694.477283,5.57E+02,,,,2024
,PSEMEN,Old,9/1/2024,mature,20,2,,9/1/2024,0.0104,-0.00065,0.01096,0.00463,,,,,124.6220302,520.4762764,91.15323855,,,22,0.9978,24.08,2.3,0.0000104,0.00001096,0.00000463,,55.384,0.000055384,11.96198704,0.083598151,0.011086035,1.11E-08,0.417642556,417.6425559,4995.834841,5.71E+02,,,,2024
,PSEMEN,Old,9/1/2024,mature,20,2,,9/1/2024,0.01341,-0.00208,0.01415,0.0059,,,,,127.2881356,483.2534346,91.03030303,,,22,0.9978,28.486,2.3,0.00001341,0.00001415,0.0000059,,65.5178,6.55E-05,11.10471186,0.090051864,0.015540514,1.55E-08,0.379652816,379.6528162,4215.935133,5.31E+02,,,,
,PSEMEN,New,9/12/2024,mature,20,2,,9/12/2024,0.01645,-0.00279,0.01718,0.00608,,,,,170.5592105,537.1637546,93.42342342,,,22.5,0.99768,25.215,2.3,0.00001645,0.00001718,0.00000608,,57.9945,5.80E-05,9.538569079,0.104837528,0.019305068,1.93E-08,0.314943208,314.9432082,3004.107548,5.75E+02,,,,2024
,PSEMEN,New,9/12/2024,mature,20,2,,9/12/2024,0.01406,-0.00204,0.01494,0.00567,,,,,147.9717813,519.3631457,90.50701187,,,22.5,0.99768,33.259,2.3,0.00001406,0.00001494,0.00000567,,76.4957,7.65E-05,13.49130511,0.074121813,0.016154449,1.62E-08,0.350986909,350.9869089,4735.271479,5.74E+02,,,,2024
,PSEMEN,New,9/12/2024,mature,20,2,,9/12/2024,0.01187,-0.0019,0.01229,0.00471,,,,,152.0169851,518.217217,94.4591029,,,22.5,0.99768,31.26,2.3,0.00001187,0.00001229,0.00000471,,71.898,0.000071898,15.26496815,0.065509472,0.013816569,1.38E-08,0.340895056,340.8950558,5203.752171,5.49E+02,,,,2024
,PSEMEN,New,9/12/2024,mature,20,2,,9/12/2024,0.01573,-0.00172,0.01636,0.00589,,,,,167.0628183,561.9966874,93.98280802,,,22.5,0.99768,37.15,2.3,0.00001573,0.00001636,0.00000589,,85.445,0.000085445,14.50679117,0.068933232,0.017509014,1.75E-08,0.33639815,336.3981503,4880.057716,5.98E+02,,,,2024
,PSEMEN,New,9/12/2024,mature,20,2,,9/12/2024,0.01238,-0.00221,0.01272,0.00525,,,,,135.8095238,487.0451456,95.44846051,,,22.5,0.99768,23.035,2.3,0.00001238,0.00001272,0.00000525,,52.9805,5.30E-05,10.09152381,0.099093063,0.014639342,1.46E-08,0.358622676,358.6226762,3619.049275,5.10E+02,,,,2024
,PSEMEN,New,9/12/2024,mature,20,2,,9/12/2024,0.01483,-0.00252,0.0152,0.0062,,,,,139.1935484,495.7291469,95.88888889,,,22.5,0.99768,26.271,2.3,0.00001483,0.0000152,0.0000062,,60.4233,6.04E-05,9.745693548,0.102609424,0.017408676,1.74E-08,0.356144257,356.1442574,3470.872791,5.17E+02,,,,2024
,PSEMEN,New,9/12/2024,mature,20,2,,9/12/2024,0.0141,-0.00159,0.01468,0.0054,,,,,161.1111111,552.6230539,93.75,,,22.5,0.99768,32.317,2.3,0.0000141,0.00001468,0.0000054,,74.3291,7.43E-05,13.76464815,0.072649877,0.015743062,1.57E-08,0.343008239,343.008239,4721.387722,5.89E+02,,,,2024
,PSEMEN,New,9/12/2024,mature,20,2,,9/12/2024,0.01153,-0.00276,0.01211,0.00451,,,,,155.654102,489.5977905,92.36842105,,,22.5,0.99768,32.179,2.3,0.00001153,0.00001211,0.00000451,,74.0117,7.40E-05,16.4105765,0.060936311,0.014338327,1.43E-08,0.314541569,314.5415689,5161.808478,5.30E+02,,,,2024
,PSEMEN,New,9/12/2024,mature,20,2,,9/12/2024,0.01518,-0.00271,0.01585,0.00584,,,,,159.9315068,520.3197683,93.30669331,,,22.5,0.99768,26.313,2.3,0.00001518,0.00001585,0.00000584,,60.5199,6.05E-05,10.36299658,0.096497185,0.017950502,1.80E-08,0.325339086,325.3390859,3371.487833,5.58E+02,,,,2024
,PSEMEN,New,9/12/2024,mature,20,2,,9/12/2024,0.01721,-0.00198,0.01802,0.00686,,,,,150.8746356,537.525513,92.74193548,,,22.5,0.99768,31.698,2.3,0.00001721,0.00001802,0.00000686,,72.9054,7.29E-05,10.62760933,0.094094539,0.019254899,1.93E-08,0.356272972,356.272972,3786.329961,5.80E+02,,,,2024
,PSEMEN,New,9/12/2024,mature,20,2,,9/12/2024,0.00996,-0.00149,0.01055,0.00382,,,,,160.7329843,534.4381871,91.2332838,,,22.5,0.99768,31.158,2.3,0.00000996,0.00001055,0.00000382,,71.6634,7.17E-05,18.76005236,0.053304755,0.011488723,1.15E-08,0.332499971,332.4999711,6237.716866,5.86E+02,,,,2024
,PSEMEN,New,9/12/2024,mature,20,2,,9/12/2024,0.01086,-0.00178,0.01126,0.00421,,,,,157.9572447,524.3363006,94.32624113,,,22.5,0.99768,20.772,2.3,0.00001086,0.00001126,0.00000421,,47.7756,4.78E-05,11.34812352,0.088120296,0.012682747,1.27E-08,0.331947007,331.9470072,3766.975639,5.56E+02,,,,2024
,PSEMEN,Old,9/12/2024,mature,20,2,,9/12/2024,0.01488,-0.00238,0.01553,0.00639,,,,,132.8638498,490.2300444,92.88840263,,,22.5,0.99768,20.335,2.3,0.00001488,0.00001553,0.00000639,,46.7705,4.68E-05,7.319327074,0.136624582,0.017318372,1.73E-08,0.368972333,368.9723331,2700.629187,5.28E+02,,,,2024
,PSEMEN,Old,9/12/2024,mature,20,2,,9/12/2024,0.0114,-0.00135,0.0119,0.00498,,,,,128.9156627,501.8330193,92.77456647,,,22.5,0.99768,24.089,2.3,0.0000114,0.0000119,0.00000498,,55.4047,5.54E-05,11.12544177,0.089884071,0.012793119,1.28E-08,0.389271755,389.2717555,4330.820247,5.41E+02,,,,2024
,PSEMEN,Old,9/12/2024,mature,20,2,,9/12/2024,0.00936,-0.00137,0.00991,0.00432,,,,,116.6666667,468.1273975,90.16100179,,,22.5,0.99768,26.726,2.3,0.00000936,0.00000991,0.00000432,,61.4698,6.15E-05,14.22912037,0.070278413,0.010766288,1.08E-08,0.401252508,401.2525085,5709.470242,5.19E+02,,,,2024
,PSEMEN,Old,9/12/2024,mature,20,2,,9/12/2024,0.01519,-0.00201,0.01587,0.00663,,,,,129.1101056,495.9961062,92.64069264,,,22.5,0.99768,28.64,2.3,0.00001519,0.00001587,0.00000663,,65.872,0.000065872,9.935444947,0.100649745,0.017258169,1.73E-08,0.384165904,384.165904,3816.859189,5.35E+02,,,,2024
,PSEMEN,Old,9/12/2024,mature,20,2,,9/12/2024,0.01144,-0.00177,0.01173,0.00537,,,,,113.0353818,457.9507646,95.44025157,,,22.5,0.99768,25.803,2.3,0.00001144,0.00001173,0.00000537,,59.3469,5.93E-05,11.05156425,0.090484928,0.013254675,1.33E-08,0.405140075,405.1400746,4477.431563,4.80E+02,,,,2024
,PSEMEN,Old,9/12/2024,mature,20,2,,9/12/2024,0.01473,-0.00239,0.01548,0.00688,,,,,114.0988372,456.9825182,91.27906977,,,22.5,0.99768,32.945,2.3,0.00001473,0.00001548,0.00000688,,75.7735,7.58E-05,11.01359012,0.090796914,0.017177898,1.72E-08,0.400514657,400.5146566,4411.104264,5.01E+02,,,,2024
,PSEMEN,Old,9/12/2024,mature,20,2,,9/12/2024,0.01257,-0.00118,0.01326,0.00531,,,,,136.7231638,526.2204182,91.32075472,,,22.5,0.99768,26.912,2.3,0.00001257,0.00001326,0.00000531,,61.8976,6.19E-05,11.65679849,0.085786848,0.013796501,1.38E-08,0.38488019,384.8801902,4486.470821,5.76E+02,,,,2024
,PSEMEN,Old,9/12/2024,mature,20,2,,9/12/2024,0.0113,-0.00095,0.01158,0.00494,,,,,128.7449393,517.4349545,95.78313253,,,22.5,0.99768,14.17,2.3,0.0000113,0.00001158,0.00000494,,32.591,0.000032591,6.597368421,0.151575588,0.012291428,1.23E-08,0.401906098,401.9060982,2651.5226,5.40E+02,,,,2024
,PSEMEN,Old,9/12/2024,mature,20,2,,9/12/2024,0.01264,-0.00183,0.01263,0.00531,,,,,138.0414313,504.8591834,100.136612,,,22.5,0.99768,21.133,2.3,0.00001264,0.00001263,0.00000531,,48.6059,4.86E-05,9.153653484,0.109245997,0.014518936,1.45E-08,0.365729275,365.7292754,3347.759056,5.04E+02,,,,2024
,PSEMEN,Old,9/12/2024,mature,20,2,,9/12/2024,0.01342,-0.00151,0.01396,0.00612,,,,,119.2810458,487.3001569,93.1122449,,,22.5,0.99768,18.429,2.3,0.00001342,0.00001396,0.00000612,,42.3867,4.24E-05,6.925931373,0.144384913,0.014980492,1.50E-08,0.408531313,408.5313132,2829.459839,5.23E+02,,,,2024
,PSEMEN,Old,9/12/2024,mature,20,2,,9/12/2024,0.01223,-0.00164,0.01296,0.00527,,,,,132.0683112,500.1113754,90.50715215,,,22.5,0.99768,23.219,2.3,0.00001223,0.00001296,0.00000527,,53.4037,5.34E-05,10.13352941,0.098682301,0.013916907,1.39E-08,0.378676095,378.6760949,3837.325345,5.53E+02,,,,2024
,PSEMEN,Old,9/12/2024,mature,20,2,,9/12/2024,0.01374,-0.00138,0.01442,0.00591,,,,,132.4873096,516.1128725,92.00940071,,,22.5,0.99768,20.88,2.3,0.00001374,0.00001442,0.00000591,,48.024,0.000048024,8.125888325,0.123063468,0.015171134,1.52E-08,0.389555576,389.5555762,3165.485108,5.61E+02,,,,2024
,PSEMEN,New,9/21/2024,mature,20,2,,9/21/2024,0.01133,-0.00224,0.01175,0.00452,,,,,150.6637168,500.4262073,94.19087137,,,20,0.99823,28.934,2.3,0.00001133,0.00001175,0.00000452,,66.5482,6.65E-05,14.7230531,0.067920695,0.013608381,1.36E-08,0.332148245,332.1482452,4890.236251,5.31E+02,,,,2024
,PSEMEN,New,9/21/2024,mature,20,2,,9/21/2024,0.01668,-0.00162,0.0172,0.00694,,,,,140.3458213,530.7381292,94.93177388,,,20,0.99823,35.935,2.3,0.00001668,0.0000172,0.00000694,,82.6505,8.27E-05,11.90929395,0.083968034,0.01835176,1.84E-08,0.37816537,378.1653696,4503.682548,5.59E+02,,,,2024
,PSEMEN,New,9/21/2024,mature,20,2,,9/21/2024,0.01614,-0.00131,0.01712,0.00666,,,,,142.3423423,541.7328594,90.63097514,,,20,0.99823,31.322,2.3,0.00001614,0.00001712,0.00000666,,72.0406,7.20E-05,10.81690691,0.09244787,0.017499356,1.75E-08,0.380585443,380.5854431,4116.757308,5.98E+02,,,,2024
,PSEMEN,New,9/21/2024,mature,20,2,,9/21/2024,0.01682,-0.00317,0.0176,0.00719,,,,,133.9360223,480.3831093,92.50720461,,,20,0.99823,37.624,2.3,0.00001682,0.0000176,0.00000719,,86.5352,8.65E-05,12.03549374,0.083087576,0.02004654,2.00E-08,0.358665391,358.6653906,4316.715064,5.19E+02,,,,2024
,PSEMEN,New,9/21/2024,mature,20,2,,9/21/2024,0.01264,-0.00189,0.01302,0.00502,,,,,151.7928287,522.9529685,95.25,,,20,0.99823,24.706,2.3,0.00001264,0.00001302,0.00000502,,56.8238,5.68E-05,11.31948207,0.088343265,0.014571097,1.46E-08,0.344517651,344.5176515,3899.761379,5.49E+02,,,,2024
,PSEMEN,New,9/21/2024,mature,20,2,,9/21/2024,0.0136,-0.00186,0.01421,0.00549,,,,,147.723133,523.1009372,93.00458716,,,20,0.99823,25.09,2.3,0.0000136,0.00001421,0.00000549,,57.707,0.000057707,10.51129326,0.095135772,0.015503727,1.55E-08,0.354108401,354.1084009,3722.137247,5.62E+02,,,,2024
,PSEMEN,New,9/21/2024,mature,20,2,,9/21/2024,0.01686,-0.002,0.01753,0.00719,,,,,134.4923505,511.2804217,93.52030948,,,20,0.99823,34.339,2.3,0.00001686,0.00001753,0.00000719,,78.9797,7.90E-05,10.98465925,0.091036051,0.018913344,1.89E-08,0.380154886,380.1548864,4175.871889,5.47E+02,,,,2024
,PSEMEN,New,9/21/2024,mature,20,2,,9/21/2024,0.01906,-0.00148,0.02012,0.00811,,,,,135.0184957,531.6024294,91.17402165,,,20,0.99823,33.861,2.3,0.00001906,0.00002012,0.00000811,,77.8803,7.79E-05,9.602996301,0.104134165,0.020598095,2.06E-08,0.393725724,393.7257239,3780.94667,5.83E+02,,,,2024
,PSEMEN,New,9/21/2024,mature,20,2,,9/21/2024,0.01544,-0.00117,0.01649,0.0073,,,,,111.5068493,488.6834364,88.57453754,,,20,0.99823,26.872,2.3,0.00001544,0.00001649,0.0000073,,61.8056,6.18E-05,8.466520548,0.118112275,0.01665698,1.67E-08,0.438254721,438.2547207,3710.492598,5.52E+02,,,,2024
,PSEMEN,New,9/21/2024,mature,20,2,,9/21/2024,0.01673,-0.00266,0.01749,0.00689,,,,,142.8156749,506.0478894,92.83018868,,,20,0.99823,32.202,2.3,0.00001673,0.00001749,0.00000689,,74.0646,7.41E-05,10.7495791,0.093026898,0.019444843,1.94E-08,0.3543356,354.3356001,3808.958561,5.45E+02,,,,2024
,PSEMEN,New,9/21/2024,mature,20,2,,9/21/2024,0.01618,-0.00161,0.01686,0.00679,,,,,138.2916053,526.3364406,93.24726912,,,20,0.99823,31.718,2.3,0.00001618,0.00001686,0.00000679,,72.9514,7.30E-05,10.74394698,0.093075664,0.017840317,1.78E-08,0.380598613,380.5986131,4089.13132,5.64E+02,,,,2024
,PSEMEN,New,9/21/2024,mature,20,2,,9/21/2024,0.01,-0.00096,0.01044,0.00423,,,,,136.4066194,524.9749795,92.91465378,,,20,0.99823,21.619,2.3,0.00001,0.00001044,0.00000423,,49.7237,4.97E-05,11.75501182,0.085070097,0.010990999,1.10E-08,0.384860366,384.8603659,4524.038151,5.65E+02,,,,2024
,PSEMEN,Old,9/21/2024,mature,20,2,,9/21/2024,0.00991,-0.00059,0.01037,0.00478,,,,,107.3221757,487.1933673,91.77101968,,,20,0.99823,23.758,2.3,0.00000991,0.00001037,0.00000478,,54.6434,5.46E-05,11.43167364,0.087476255,0.010529698,1.05E-08,0.453954131,453.9541312,5189.455476,5.31E+02,,,,2024
,PSEMEN,Old,9/21/2024,mature,20,2,,9/21/2024,0.01475,-0.00118,0.01593,0.0066,,,,,123.4848485,510.1689504,87.35262594,,,20,0.99823,31.164,2.3,0.00001475,0.00001593,0.0000066,,71.6772,7.17E-05,10.86018182,0.09207949,0.015975056,1.60E-08,0.413144081,413.1440808,4486.819835,5.84E+02,,,,2024
,PSEMEN,Old,9/21/2024,mature,20,2,,9/21/2024,0.0128,-0.00123,0.01345,0.00602,,,,,112.6245847,481.8866074,91.25168237,,,20,0.99823,27.49,2.3,0.0000128,0.00001345,0.00000602,,63.227,0.000063227,10.50282392,0.095212488,0.014069682,1.41E-08,0.427870353,427.870353,4493.846979,5.28E+02,,,,2024
,PSEMEN,Old,9/21/2024,mature,20,2,,9/21/2024,0.0143,-0.00211,0.01511,0.00679,,,,,110.6038292,456.357405,90.26442308,,,20,0.99823,31.209,2.3,0.0000143,0.00001511,0.00000679,,71.7807,7.18E-05,10.57153166,0.094593672,0.016456414,1.65E-08,0.412605078,412.6050778,4361.867645,5.06E+02,,,,2024
,PSEMEN,Old,9/21/2024,mature,20,2,,9/21/2024,0.01557,-0.00198,0.01633,0.00683,,,,,127.9648609,496.6021955,92,,,20,0.99823,29.233,2.3,0.00001557,0.00001633,0.00000683,,67.2359,6.72E-05,9.84420205,0.101582637,0.017599638,1.76E-08,0.388076154,388.0761544,3820.300075,5.40E+02,,,,2024
,PSEMEN,Old,9/21/2024,mature,20,2,,9/21/2024,0.01599,-0.00161,0.01674,0.00698,,,,,129.0830946,510.487371,92.31557377,,,20,0.99823,32.068,2.3,0.00001599,0.00001674,0.00000698,,73.7564,7.38E-05,10.56681948,0.094635855,0.01764978,1.76E-08,0.395472355,395.4723549,4178.884986,5.53E+02,,,,2024
,PSEMEN,Old,9/21/2024,mature,20,2,,9/21/2024,0.01339,-0.00171,0.01397,0.00603,,,,,122.0563847,486.0427797,92.69521411,,,20,0.99823,27.055,2.3,0.00001339,0.00001397,0.00000603,,62.2265,6.22E-05,10.3194859,0.096904052,0.015142709,1.51E-08,0.398211447,398.2114469,4109.337414,5.24E+02,,,,2024
,PSEMEN,Old,9/21/2024,mature,20,2,,9/21/2024,0.00792,-0.00055,0.00814,0.00397,,,,,99.49622166,465.0363317,94.72422062,,,20,0.99823,15.462,2.3,0.00000792,0.00000814,0.00000397,,35.5626,3.56E-05,8.957833753,0.111634132,0.008493957,8.49E-09,0.467391136,467.3911358,4186.812092,4.91E+02,,,,2024
,PSEMEN,Old,9/21/2024,mature,20,2,,9/21/2024,0.01178,-0.00055,0.01242,0.00564,,,,,108.8652482,496.566895,90.56047198,,,20,0.99823,21.508,2.3,0.00001178,0.00001242,0.00000564,,49.4684,4.95E-05,8.770992908,0.114012177,0.012364874,1.24E-08,0.456130804,456.130804,4000.720047,5.48E+02,,,,2024
,PSEMEN,Old,9/21/2024,mature,20,2,,9/21/2024,0.0088,-0.00115,0.00944,0.00402,,,,,118.9054726,479.0471972,88.19188192,,,20,0.99823,21.203,2.3,0.0000088,0.00000944,0.00000402,,48.7669,4.88E-05,12.13106965,0.082432962,0.009978143,9.98E-09,0.402880593,402.8805929,4887.372534,5.43E+02,,,,2024
,PSEMEN,Old,9/21/2024,mature,20,2,,9/21/2024,0.01186,0.00139,0.01228,0.00538,,,,,120.4460967,617.1663683,93.91304348,,,20,0.99823,25.442,2.3,0.00001186,0.00001228,0.00000538,,58.5166,5.85E-05,10.87669145,0.091939723,0.010499613,1.05E-08,0.512399821,512.3998208,5573.21475,6.57E+02,,,,2024
,PSEMEN,Old,9/21/2024,mature,20,2,,9/21/2024,0.01144,-0.00107,0.01207,0.0053,,,,,115.8490566,489.4224178,90.69423929,,,20,0.99823,22.315,2.3,0.00001144,0.00001207,0.0000053,,51.3245,5.13E-05,9.683867925,0.103264523,0.012545383,1.25E-08,0.422466168,422.4661677,4091.10657,5.40E+02,,,,2024
,PSEMEN,New,10/6/2024,mature,20,2,,10/6/2024,0.02033,-0.00298,0.02136,0.00878,,,,,131.5489749,493.9929601,91.81240064,,,21,0.99802,45.304,2.3,0.00002033,0.00002136,0.00000878,,104.1992,0.000104199,11.86779043,0.084261683,0.023380855,2.34E-08,0.375520918,375.5209184,4456.603563,5.38E+02,,,,2024
,PSEMEN,New,10/6/2024,mature,20,2,,10/6/2024,0.01707,-0.00271,0.01769,0.0064,,,,,166.71875,537.7997087,94.50841453,,,21,0.99802,35.894,2.3,0.00001707,0.00001769,0.0000064,,82.5562,8.26E-05,12.89940625,0.077522948,0.019840125,1.98E-08,0.322578619,322.5786194,4161.072659,5.69E+02,,,,2024
,PSEMEN,New,10/6/2024,mature,20,2,,10/6/2024,0.01643,-0.00296,0.01705,0.00626,,,,,162.4600639,522.9087506,94.25393883,,,21,0.99802,33.703,2.3,0.00001643,0.00001705,0.00000626,,77.5169,7.75E-05,12.38289137,0.080756583,0.019448939,1.94E-08,0.321868456,321.8684556,3985.662123,5.55E+02,,,,2024
,PSEMEN,New,10/6/2024,mature,20,2,,10/6/2024,0.01541,-0.00209,0.01604,0.00642,,,,,140.0311526,512.1573274,93.45114345,,,21,0.99802,30.551,2.3,0.00001541,0.00001604,0.00000642,,70.2673,7.03E-05,10.94506231,0.0913654,0.017553194,1.76E-08,0.365745399,365.745399,4003.106179,5.48E+02,,,,2024
,PSEMEN,New,10/6/2024,mature,20,2,,10/6/2024,0.01193,-0.00177,0.01249,0.00515,,,,,131.6504854,493.392327,92.37057221,,,21,0.99802,27.301,2.3,0.00001193,0.00001249,0.00000515,,62.7923,6.28E-05,12.19267961,0.082016426,0.013741643,1.37E-08,0.374773223,374.7732233,4569.489839,5.34E+02,,,,2024
,PSEMEN,New,10/6/2024,mature,20,2,,10/6/2024,0.01429,-0.00216,0.01501,0.00615,,,,,132.3577236,493.3333333,91.87358916,,,21,0.99802,32.202,2.3,0.00001429,0.00001501,0.00000615,,74.0646,7.41E-05,12.04302439,0.08303562,0.016500003,1.65E-08,0.372727216,372.7272161,4488.762954,5.37E+02,,,,2024
,PSEMEN,New,10/6/2024,mature,20,2,,10/6/2024,0.0125,-0.00169,0.01287,0.00514,,,,,143.1906615,517.1044959,95.21345408,,,21,0.99802,29.755,2.3,0.0000125,0.00001287,0.00000514,,68.4365,6.84E-05,13.31449416,0.07510612,0.014233133,1.42E-08,0.361129208,361.1292081,4808.252734,5.43E+02,,,,2024
,PSEMEN,New,10/6/2024,mature,20,2,,10/6/2024,0.0157,-0.00192,0.01623,0.00745,,,,,110.738255,466.7979359,93.96355353,,,21,0.99802,33.852,2.3,0.0000157,0.00001623,0.00000745,,77.8596,7.79E-05,10.45095302,0.095685054,0.017673559,1.77E-08,0.421533661,421.5336614,4405.428491,4.97E+02,,,,2024
,PSEMEN,New,10/6/2024,mature,20,2,,10/6/2024,0.01517,-0.0022,0.01591,0.00714,,,,,112.464986,460.8903276,91.56214367,,,21,0.99802,31.433,2.3,0.00001517,0.00001591,0.00000714,,72.2959,7.23E-05,10.12547619,0.098760787,0.017422799,1.74E-08,0.409807862,409.8078615,4149.499744,5.03E+02,,,,2024
,PSEMEN,New,10/6/2024,mature,20,2,,10/6/2024,0.01264,-0.00121,0.01309,0.00548,,,,,130.6569343,515.4008393,94.08672799,,,21,0.99802,23.104,2.3,0.00001264,0.00001309,0.00000548,,53.1392,5.31E-05,9.696934307,0.103125376,0.013892099,1.39E-08,0.394468817,394.4688165,3825.1382,5.48E+02,,,,2024
,PSEMEN,New,10/6/2024,mature,20,2,,10/6/2024,0.01662,-0.00124,0.01742,0.00745,,,,,123.0872483,511.8815695,91.97592778,,,21,0.99802,30.687,2.3,0.00001662,0.00001742,0.00000745,,70.5801,7.06E-05,9.473838926,0.105553832,0.017914288,1.79E-08,0.415869155,415.8691553,3939.877392,5.57E+02,,,,2024
,PSEMEN,New,10/6/2024,mature,20,2,,10/6/2024,0.01693,-0.00138,0.01743,0.00778,,,,,117.6092545,498.2113396,94.81865285,,,21,0.99802,33.98,2.3,0.00001693,0.00001743,0.00000778,,78.154,0.000078154,10.04550129,0.099547048,0.018365656,1.84E-08,0.42361677,423.6167703,4255.44281,5.25E+02,,,,2024
,PSEMEN,Old,10/6/2024,mature,20,2,,10/6/2024,0.0099,-0.00119,0.01106,0.00447,,,,,121.4765101,488.1469295,82.39757208,,,21,0.99802,27.295,2.3,0.0000099,0.00001106,0.00000447,,62.7785,6.28E-05,14.04440716,0.071202721,0.01112371,1.11E-08,0.401844352,401.8443524,5643.6657,5.92E+02,,,,2024
,PSEMEN,Old,10/6/2024,mature,20,2,,10/6/2024,0.01617,-0.00223,0.01693,0.00675,,,,,139.5555556,510.4058865,92.53438114,,,21,0.99802,34.956,2.3,0.00001617,0.00001693,0.00000675,,80.3988,8.04E-05,11.91093333,0.083956477,0.01845593,1.85E-08,0.36573611,365.7361104,4356.258429,5.52E+02,,,,2024
,PSEMEN,Old,10/6/2024,mature,20,2,,10/6/2024,0.01683,-0.00213,0.01754,0.00719,,,,,134.0751043,506.8988726,93.14009662,,,21,0.99802,33.999,2.3,0.00001683,0.00001754,0.00000719,,78.1977,7.82E-05,10.87589708,0.091946438,0.019017632,1.90E-08,0.378070202,378.0702021,4111.852607,5.44E+02,,,,2024
,PSEMEN,Old,10/6/2024,mature,20,2,,10/6/2024,0.0122,-0.00095,0.01291,0.00561,,,,,117.4688057,499.6209249,90.2739726,,,21,0.99802,26.353,2.3,0.0000122,0.00001291,0.00000561,,60.6119,6.06E-05,10.80426025,0.092556082,0.013189972,1.32E-08,0.425323129,425.3231293,4595.301779,5.53E+02,,,,2024
,PSEMEN,Old,10/6/2024,mature,20,2,,10/6/2024,0.01137,-0.00162,0.01206,0.00527,,,,,115.7495256,468.1683871,89.83799705,,,21,0.99802,25.071,2.3,0.00001137,0.00001206,0.00000527,,57.6633,5.77E-05,10.94180266,0.091392619,0.013029485,1.30E-08,0.404467244,404.4672444,4425.600769,5.21E+02,,,,2024
,PSEMEN,Old,10/6/2024,mature,20,2,,10/6/2024,0.01367,-0.00167,0.01407,0.00615,,,,,122.2764228,488.7369529,94.94949495,,,21,0.99802,26.556,2.3,0.00001367,0.00001407,0.00000615,,61.0788,6.11E-05,9.931512195,0.100689601,0.015386628,1.54E-08,0.399697699,399.6976991,3969.602573,5.15E+02,,,,2024
,PSEMEN,Old,10/6/2024,mature,20,2,,10/6/2024,0.01065,-0.00109,0.01076,0.00472,,,,,125.6355932,503.5794051,98.17880795,,,21,0.99802,25.899,2.3,0.00001065,0.00001076,0.00000472,,59.5677,5.96E-05,12.62027542,0.079237573,0.011775686,1.18E-08,0.400825916,400.8259161,5058.533458,5.13E+02,,,,2024
,PSEMEN,Old,10/6/2024,mature,20,2,,10/6/2024,0.01442,-0.00267,0.01519,0.00731,,,,,97.26402189,414.7731582,90.2284264,,,21,0.99802,30.898,2.3,0.00001442,0.00001519,0.00000731,,71.0654,7.11E-05,9.721668947,0.102862997,0.017141948,1.71E-08,0.426439285,426.4392848,4145.701553,4.60E+02,,,,2024
,PSEMEN,Old,10/6/2024,mature,20,2,,10/6/2024,0.01527,-0.00235,0.01604,0.00776,,,,,96.77835052,424.9275756,90.70048309,,,21,0.99802,33.56,2.3,0.00001527,0.00001604,0.00000776,,77.188,0.000077188,9.946907216,0.100533762,0.017673559,1.77E-08,0.439073988,439.0739882,4367.428222,4.68E+02,,,,2024
,PSEMEN,Old,10/6/2024,mature,20,2,,10/6/2024,0.01032,-0.00098,0.01081,0.00479,,,,,115.4488518,487.8995615,91.86046512,,,21,0.99802,18.643,2.3,0.00001032,0.00001081,0.00000479,,42.8789,4.29E-05,8.951753653,0.111709955,0.011334348,1.13E-08,0.422609214,422.6092144,3783.093579,5.31E+02,,,,2024
,PSEMEN,Old,10/6/2024,mature,20,2,,10/6/2024,0.01522,-0.00106,0.01471,0.00664,,,,,129.2168675,525.4294375,106.3197026,,,21,0.99802,28.293,2.3,0.00001522,0.00001471,0.00000664,,65.0739,6.51E-05,9.800286145,0.102037837,0.016329486,1.63E-08,0.406626399,406.6263994,3985.055068,4.94E+02,,,,2024
,PSEMEN,Old,10/6/2024,mature,20,2,,10/6/2024,0.01314,-0.00085,0.01358,0.0062,,,,,111.9354839,494.5661856,94.03794038,,,21,0.99802,22.798,2.3,0.00001314,0.00001358,0.0000062,,52.4354,5.24E-05,8.457322581,0.11824073,0.014032525,1.40E-08,0.441830678,441.8306777,3736.704568,5.26E+02,,,,2024
,PSEMEN,New,10/19/2024,mature,20,2,,10/19/2024,0.01748,-0.00175,0.01794,0.00687,,,,,154.4395924,550.0686938,95.84462511,,,21,0.99802,36.993,2.3,0.00001748,0.00001794,0.00000687,,85.0839,8.51E-05,12.38484716,0.080743831,0.019288453,1.93E-08,0.356171647,356.1716473,4411.131415,5.74E+02,,,,2024
,PSEMEN,New,10/19/2024,mature,20,2,,10/19/2024,0.01688,-0.00208,0.01758,0.0067,,,,,151.9402985,535.2936227,93.56617647,,,21,0.99802,36.296,2.3,0.00001688,0.00001758,0.0000067,,83.4808,8.35E-05,12.4598209,0.080257975,0.019017632,1.90E-08,0.352304639,352.3046389,4389.652702,5.72E+02,,,,2024
,PSEMEN,New,10/19/2024,mature,20,2,,10/19/2024,0.01807,-0.00285,0.01876,0.00714,,,,,153.0812325,520.8829753,94.06196213,,,21,0.99802,39.972,2.3,0.00001807,0.00001876,0.00000714,,91.9356,9.19E-05,12.87613445,0.07766306,0.02098359,2.10E-08,0.340265896,340.2658965,4381.309433,5.54E+02,,,,2024
,PSEMEN,New,10/19/2024,mature,20,2,,10/19/2024,0.01585,-0.00146,0.01639,0.0064,,,,,147.65625,544.2733231,94.59459459,,,21,0.99802,36.692,2.3,0.00001585,0.00001639,0.0000064,,84.3916,8.44E-05,13.1861875,0.075836932,0.017362617,1.74E-08,0.368608035,368.6080353,4860.534667,5.75E+02,,,,2024
,PSEMEN,New,10/19/2024,mature,20,2,,10/19/2024,0.01659,-0.00256,0.01747,0.00666,,,,,149.0990991,516.9667121,91.85938945,,,21,0.99802,42.78,2.3,0.00001659,0.00001747,0.00000666,,98.394,0.000098394,14.77387387,0.067687054,0.01920821,1.92E-08,0.346726745,346.7267453,5122.497204,5.63E+02,,,,2024
,PSEMEN,New,10/19/2024,mature,20,2,,10/19/2024,0.01433,-0.00204,0.01515,0.00559,,,,,156.3506261,532.2841935,91.42259414,,,21,0.99802,39.557,2.3,0.00001433,0.00001515,0.00000559,,90.9811,9.10E-05,16.27568873,0.061441332,0.016419759,1.64E-08,0.340443479,340.4434795,5540.952102,5.82E+02,,,,2024
,PSEMEN,New,10/19/2024,mature,20,2,,10/19/2024,0.0167,-0.00223,0.01733,0.00679,,,,,145.9499264,521.9223173,94.0227704,,,21,0.99802,36.324,2.3,0.0000167,0.00001733,0.00000679,,83.5452,8.35E-05,12.30415317,0.081273371,0.018987541,1.90E-08,0.357602917,357.6029167,4400.00106,5.55E+02,,,,2024
,PSEMEN,New,10/19/2024,mature,20,2,,10/19/2024,0.01142,-0.00096,0.0119,0.00452,,,,,152.6548673,555.66293,93.49593496,,,21,0.99802,28.134,2.3,0.00001142,0.0000119,0.00000452,,64.7082,6.47E-05,14.31597345,0.069852043,0.012417631,1.24E-08,0.363998574,363.9985739,5210.993921,5.94E+02,,,,2024
,PSEMEN,New,10/19/2024,mature,20,2,,10/19/2024,0.01251,-0.00112,0.01305,0.00505,,,,,147.7227723,545.6646722,93.25,,,21,0.99802,25.353,2.3,0.00001251,0.00001305,0.00000505,,58.3119,5.83E-05,11.54691089,0.086603249,0.013671431,1.37E-08,0.369383434,369.3834339,4265.237596,5.85E+02,,,,2024
,PSEMEN,New,10/19/2024,mature,20,2,,10/19/2024,0.01584,-0.00115,0.01644,0.00638,,,,,148.2758621,555.112196,94.03578529,,,21,0.99802,29.962,2.3,0.00001584,0.00001644,0.00000638,,68.9126,6.89E-05,10.80134796,0.092581037,0.017041644,1.70E-08,0.374377028,374.3770277,4043.776545,5.90E+02,,,,2024
,PSEMEN,New,10/19/2024,mature,20,2,,10/19/2024,0.02027,-0.00373,0.02084,0.00789,,,,,156.9074778,514.2690982,95.5984556,,,21,0.99802,49.689,2.3,0.00002027,0.00002084,0.00000789,,114.2847,0.000114285,14.48475285,0.069038113,0.024072952,2.41E-08,0.327753738,327.7537381,4747.431892,5.38E+02,,,,2024
,PSEMEN,New,10/19/2024,mature,20,2,,10/19/2024,0.01722,-0.00248,0.01777,0.00691,,,,,149.2040521,521.7637741,94.93554328,,,21,0.99802,42.46,2.3,0.00001722,0.00001777,0.00000691,,97.658,0.000097658,14.13285094,0.070757132,0.019759881,1.98E-08,0.349698455,349.6984548,4942.236135,5.50E+02,,,,2024
,PSEMEN,Old,10/19/2024,mature,20,2,,10/19/2024,0.01859,-0.00148,0.01965,0.00822,,,,,126.1557178,515.1259252,90.72615923,,,21,0.99802,34.083,2.3,0.00001859,0.00001965,0.00000822,,78.3909,7.84E-05,9.536605839,0.10485911,0.020131006,2.01E-08,0.408325344,408.3253445,3894.037864,5.68E+02,,,,2024
,PSEMEN,Old,10/19/2024,mature,20,2,,10/19/2024,0.01324,-0.00179,0.01382,0.00586,,,,,125.9385666,489.5295078,92.71356784,,,21,0.99802,31.441,2.3,0.00001324,0.00001382,0.00000586,,72.3143,7.23E-05,12.34032423,0.081035148,0.015075686,1.51E-08,0.388705358,388.7053584,4796.750153,5.28E+02,,,,2024
,PSEMEN,Old,10/19/2024,mature,20,2,,10/19/2024,0.01044,-0.00131,0.01068,0.00449,,,,,132.5167038,504.8490968,96.12277868,,,21,0.99802,23.657,2.3,0.00001044,0.00001068,0.00000449,,54.4111,5.44E-05,12.11828508,0.082519927,0.011785716,1.18E-08,0.380969639,380.9696391,4616.698692,5.25E+02,,,,2024
,PSEMEN,Old,10/19/2024,mature,20,2,,10/19/2024,0.01473,-0.00158,0.01517,0.00652,,,,,125.9202454,501.8460109,94.9132948,,,21,0.99802,28.975,2.3,0.00001473,0.00001517,0.00000652,,66.6425,6.66E-05,10.22124233,0.097835465,0.016359577,1.64E-08,0.398543313,398.5433131,4073.607782,5.29E+02,,,,2024
,PSEMEN,Old,10/19/2024,mature,20,2,,10/19/2024,0.01517,-0.00208,0.0161,0.00664,,,,,128.4638554,492.9951914,90.16913319,,,21,0.99802,35.713,2.3,0.00001517,0.0000161,0.00000664,,82.1399,8.21E-05,12.37046687,0.080837693,0.017302434,1.73E-08,0.383761031,383.7610308,4747.303117,5.47E+02,,,,2024
,PSEMEN,Old,10/19/2024,mature,20,2,,10/19/2024,0.01363,-0.00261,0.01437,0.00519,,,,,162.6204239,518.1283534,91.93899782,,,21,0.99802,32.825,2.3,0.00001363,0.00001437,0.00000519,,75.4975,7.55E-05,14.54672447,0.068743998,0.016289364,1.63E-08,0.318612804,318.6128042,4634.772676,5.64E+02,,,,2024
,PSEMEN,Old,10/19/2024,mature,20,2,,10/19/2024,0.0129,-0.00211,0.01387,0.00589,,,,,119.0152801,465.6074816,87.84461153,,,21,0.99802,29.997,2.3,0.0000129,0.00001387,0.00000589,,68.9931,6.90E-05,11.71359932,0.085370856,0.015055625,1.51E-08,0.391215898,391.2158976,4582.546272,5.30E+02,,,,2024
,PSEMEN,Old,10/19/2024,mature,20,2,,10/19/2024,0.01157,-0.00059,0.01215,0.00512,,,,,125.9765625,528.8185619,91.74964438,,,21,0.99802,22.939,2.3,0.00001157,0.00001215,0.00000512,,52.7597,5.28E-05,10.30462891,0.097043766,0.012196962,1.22E-08,0.419776651,419.7766507,4325.642609,5.76E+02,,,,2024
,PSEMEN,Old,10/19/2024,mature,20,2,,10/19/2024,0.01121,-0.00075,0.01181,0.00479,,,,,134.0292276,535.1605481,91.45299145,,,21,0.99802,23.091,2.3,0.00001121,0.00001181,0.00000479,,53.1093,5.31E-05,11.08753653,0.09019136,0.011996354,1.20E-08,0.39928797,399.2879701,4427.119956,5.85E+02,,,,2024
,PSEMEN,Old,10/19/2024,mature,20,2,,10/19/2024,0.02043,-0.00151,0.02126,0.00884,,,,,131.1085973,526.6577906,93.31723027,,,21,0.99802,35.983,2.3,0.00002043,0.00002126,0.00000884,,82.7609,8.28E-05,9.36209276,0.106813725,0.02200669,2.20E-08,0.401696025,401.6960247,3760.715445,5.64E+02,,,,2024
,PSEMEN,Old,10/19/2024,mature,20,2,,10/19/2024,0.01962,-0.00159,0.02028,0.0085,,,,,130.8235294,522.6914851,94.39728353,,,21,0.99802,40.61,2.3,0.00001962,0.00002028,0.0000085,,93.403,0.000093403,10.98858824,0.091003501,0.021274471,2.13E-08,0.399539893,399.5398933,4390.379371,5.54E+02,,,,2024
,PSEMEN,Old,10/19/2024,mature,20,2,,10/19/2024,0.01542,-0.00104,0.01587,0.00665,,,,,131.8796992,531.1932163,95.11930586,,,21,0.99802,31.078,2.3,0.00001542,0.00001587,0.00000665,,71.4794,7.15E-05,10.74878195,0.093033797,0.016510033,1.65E-08,0.402785387,402.7853874,4329.452304,5.58E+02,,,,2024
,PSEMEN,New,11/3/2024,mature,20,2,,11/3/2024,0.01673,-0.00365,0.01759,0.00694,,,,,141.0662824,479.0659437,91.92488263,,,19,0.99833,34.864,2.3,0.00001673,0.00001759,0.00000694,,80.1872,8.02E-05,11.55435159,0.086547479,0.020435593,2.04E-08,0.339603551,339.6035509,3923.898827,5.21E+02,,,,2024
,PSEMEN,New,11/3/2024,mature,20,2,,11/3/2024,0.01347,-0.00241,0.01398,0.00573,,,,,135.078534,486.0801467,93.81818182,,,19,0.99833,28.147,2.3,0.00001347,0.00001398,0.00000573,,64.7381,6.47E-05,11.29809773,0.088510475,0.015923318,1.59E-08,0.359849626,359.8496261,4065.616244,5.18E+02,,,,2024
,PSEMEN,New,11/3/2024,mature,20,2,,11/3/2024,0.01415,-0.00265,0.01453,0.0058,,,,,143.9655172,495.6725119,95.64719359,,,19,0.99833,29.123,2.3,0.00001415,0.00001453,0.0000058,,66.9829,6.70E-05,11.54877586,0.086589264,0.016845828,1.68E-08,0.344298907,344.2989067,3976.230904,5.18E+02,,,,2024
,PSEMEN,New,11/3/2024,mature,20,2,,11/3/2024,0.0144,-0.00117,0.01484,0.00585,,,,,146.1538462,547.6381105,95.10567297,,,19,0.99833,32.214,2.3,0.0000144,0.00001484,0.00000585,,74.0922,7.41E-05,12.66533333,0.07895568,0.015612472,1.56E-08,0.374700425,374.7004247,4745.705779,5.76E+02,,,,2024
,PSEMEN,New,11/3/2024,mature,20,2,,11/3/2024,0.01334,-0.00214,0.01389,0.00555,,,,,140.3603604,501.8618495,93.40527578,,,19,0.99833,27.589,2.3,0.00001334,0.00001389,0.00000555,,63.4547,6.35E-05,11.43327928,0.08746397,0.015522227,1.55E-08,0.357551792,357.5517917,4087.989491,5.37E+02,,,,2024
,PSEMEN,New,11/3/2024,mature,20,2,,11/3/2024,0.01451,-0.00247,0.01524,0.00594,,,,,144.2760943,503.3389521,92.15053763,,,19,0.99833,31.99,2.3,0.00001451,0.00001524,0.00000594,,73.577,0.000073577,12.38670034,0.08073175,0.017026319,1.70E-08,0.348871659,348.8716594,4321.368701,5.46E+02,,,,2024
,PSEMEN,New,11/3/2024,mature,20,2,,11/3/2024,0.01753,-0.00221,0.01834,0.00726,,,,,141.4600551,518.8493367,92.68953069,,,19,0.99833,33.175,2.3,0.00001753,0.00001834,0.00000726,,76.3025,7.63E-05,10.50998623,0.095147603,0.019793847,1.98E-08,0.36678064,366.7806402,3854.859476,5.60E+02,,,,2024
,PSEMEN,New,11/3/2024,mature,20,2,,11/3/2024,0.01579,-0.00202,0.01649,0.00657,,,,,140.3348554,516.2778717,92.94354839,,,19,0.99833,28.713,2.3,0.00001579,0.00001649,0.00000657,,66.0399,6.60E-05,10.05173516,0.099485311,0.017858583,1.79E-08,0.367890338,367.890338,3697.936245,5.55E+02,,,,2024
,PSEMEN,New,11/3/2024,mature,20,2,,11/3/2024,0.01701,-0.00224,0.01757,0.00689,,,,,146.8795356,524.2844191,94.75655431,,,19,0.99833,34.082,2.3,0.00001701,0.00001757,0.00000689,,78.3886,7.84E-05,11.3771553,0.087895434,0.019302511,1.93E-08,0.356948384,356.9483838,4061.057196,5.53E+02,,,,2024
,PSEMEN,New,11/3/2024,mature,20,2,,11/3/2024,0.01085,-0.0016,0.01134,0.0045,,,,,141.1111111,508.6510734,92.83625731,,,19,0.99833,22.91,2.3,0.00001085,0.00001134,0.0000045,,52.693,0.000052693,11.70955556,0.085400338,0.012483961,1.25E-08,0.360462503,360.4625031,4220.855706,5.48E+02,,,,2024
,PSEMEN,New,11/3/2024,mature,20,2,,11/3/2024,0.01406,-0.00113,0.01462,0.00584,,,,,140.7534247,539.6746195,93.62186788,,,19,0.99833,27.38,2.3,0.00001406,0.00001462,0.00000584,,62.974,0.000062974,10.78321918,0.092736685,0.015231436,1.52E-08,0.383417565,383.4175653,4134.475643,5.76E+02,,,,2024
,PSEMEN,New,11/3/2024,mature,20,2,,11/3/2024,0.01684,-0.00204,0.01735,0.00698,,,,,141.260745,520.8250799,95.08196721,,,19,0.99833,33.067,2.3,0.00001684,0.00001735,0.00000698,,76.0541,7.61E-05,10.89600287,0.091776775,0.018931501,1.89E-08,0.368697646,368.6976457,4017.330605,5.48E+02,,,,2024
,PSEMEN,Old,11/3/2024,mature,20,2,,11/3/2024,0.01738,-0.00248,0.01802,0.00768,,,,,126.3020833,487.0896144,93.81044487,,,19,0.99833,33.414,2.3,0.00001738,0.00001802,0.00000768,,76.8522,7.69E-05,10.00679688,0.099932077,0.019914175,1.99E-08,0.385654948,385.6549479,3859.170728,5.19E+02,,,,2024
,PSEMEN,Old,11/3/2024,mature,20,2,,11/3/2024,0.00921,-0.00076,0.00968,0.0042,,,,,119.2857143,501.1403193,91.42335766,,,19,0.99833,18.876,2.3,0.00000921,0.00000968,0.0000042,,43.4148,4.34E-05,10.33685714,0.096741203,0.009997196,1.00E-08,0.420117782,420.117782,4342.697495,5.48E+02,,,,2024
,PSEMEN,Old,11/3/2024,mature,20,2,,11/3/2024,0.01289,-0.00178,0.0134,0.00592,,,,,117.7364865,473.8273283,93.18181818,,,19,0.99833,26.137,2.3,0.00001289,0.0000134,0.00000592,,60.1151,6.01E-05,10.1545777,0.098477754,0.014710017,1.47E-08,0.402446843,402.4468428,4086.677737,5.08E+02,,,,2024
,PSEMEN,Old,11/3/2024,mature,20,2,,11/3/2024,0.01585,-0.00115,0.0164,0.00686,,,,,131.0495627,527.3840811,94.23480084,,,19,0.99833,33.252,2.3,0.00001585,0.0000164,0.00000686,,76.4796,7.65E-05,11.14862974,0.089697122,0.017046373,1.70E-08,0.402431647,402.4316471,4486.561428,5.60E+02,,,,2024
,PSEMEN,Old,11/3/2024,mature,20,2,,11/3/2024,0.00984,-0.00117,0.01049,0.00436,,,,,125.6880734,496.3768116,89.39641109,,,19,0.99833,21.594,2.3,0.00000984,0.00001049,0.00000436,,49.6662,4.97E-05,11.39133028,0.08778606,0.011040033,1.10E-08,0.394926342,394.9263416,4498.736391,5.55E+02,,,,2024
,PSEMEN,Old,11/3/2024,mature,20,2,,11/3/2024,0.00716,-0.00101,0.0075,0.00326,,,,,119.6319018,476.0573662,91.98113208,,,19,0.99833,17.601,2.3,0.00000716,0.0000075,0.00000326,,40.4823,4.05E-05,12.41788344,0.080529021,0.008192286,8.19E-09,0.397935308,397.9353084,4941.514275,5.18E+02,,,,2024
,PSEMEN,Old,11/3/2024,mature,20,2,,11/3/2024,0.01528,-0.00142,0.01597,0.00712,,,,,114.6067416,487.2921842,92.20338983,,,19,0.99833,35.187,2.3,0.00001528,0.00001597,0.00000712,,80.9301,8.09E-05,11.36658708,0.087977156,0.016745555,1.67E-08,0.425187467,425.1874667,4832.930365,5.28E+02,,,,2024
,PSEMEN,Old,11/3/2024,mature,20,2,,11/3/2024,0.01451,-0.00144,0.01516,0.00645,,,,,124.9612403,503.9547316,92.53731343,,,19,0.99833,26.555,2.3,0.00001451,0.00001516,0.00000645,,61.0765,6.11E-05,9.469224806,0.105605266,0.015993509,1.60E-08,0.403288612,403.2886124,3818.830533,5.45E+02,,,,2024
,PSEMEN,Old,11/3/2024,mature,20,2,,11/3/2024,0.01517,-0.00229,0.01571,0.00673,,,,,125.4086181,482.0763554,93.98663697,,,19,0.99833,27.625,2.3,0.00001517,0.00001571,0.00000673,,63.5375,6.35E-05,9.440936107,0.1059217,0.017507628,1.75E-08,0.384403875,384.4038748,3629.132421,5.13E+02,,,,2024
,PSEMEN,Old,11/3/2024,mature,20,2,,11/3/2024,0.01169,-0.00112,0.01206,0.00531,,,,,120.1506591,496.6951864,94.51851852,,,19,0.99833,23.265,2.3,0.00001169,0.00001206,0.00000531,,53.5095,5.35E-05,10.07711864,0.099234715,0.012844943,1.28E-08,0.413392243,413.392243,4165.80268,5.26E+02,,,,2024
,PSEMEN,Old,11/3/2024,mature,20,2,,11/3/2024,0.01281,-0.00093,0.01334,0.00558,,,,,129.5698925,524.7686445,93.17010309,,,19,0.99833,24.76,2.3,0.00001281,0.00001334,0.00000558,,56.948,0.000056948,10.20573477,0.097984126,0.01377748,1.38E-08,0.405008743,405.0087426,4133.411805,5.63E+02,,,,2024
,PSEMEN,Old,11/3/2024,mature,20,2,,11/3/2024,0.00824,-0.00069,0.00862,0.00374,,,,,120.3208556,502.5484792,92.21311475,,,19,0.99833,15.322,2.3,0.00000824,0.00000862,0.00000374,,35.2406,3.52E-05,9.422620321,0.106127591,0.00895436,8.95E-09,0.417673648,417.6736477,3935.5802,5.45E+02,,,,2024
